code,complexity,sex_restriction,minimum_age_months,maximum_age_months,description
0101010010,N,N,,,"ATIVIDADE EDUCATIVA / ORIENTAÇÃO EM GRUPO NA ATENÇÃO PRIMÁRIA"
0101010028,I,I,84,1571,"ATIVIDADE EDUCATIVA / ORIENTAÇÃO EM GRUPO NA ATENÇÃO ESPECIALIZADA"
0101010036,I,I,72,1571,"PRÁTICA CORPORAL / ATIVIDADE FÍSICA EM GRUPO"
0101010095,I,I,0,1571,"PREVENÇÃO DA COVID-19 NAS ESCOLAS"
0101010109,I,I,0,1571,"ATIVIDADES EDUCATIVAS DA POPULAÇÃO SOBRE A TEMÁTICA DAMALÁRIA"
0101010117,N,N,,,"ATIVIDADE DE EDUCAÇÃO PERMANENTE EM SAÚDE DO TRABALHADOR"
0101010125,I,I,0,1571,"ATIVIDADES EDUCATIVAS DA POPULAÇÃO SOBRE A TEMÁTICA DE ACIDENTE POR ANIMAIS PEÇONHENTOS."
0101010133,I,I,0,1571,"ATIVIDADES EDUCATIVAS DA POPULAÇÃO SOBRE A TEMÁTICA DA CÓLERA."
0101010141,I,I,0,1571,"ATIVIDADES EDUCATIVAS DA POPULAÇÃO SOBRE A TEMÁTICA DA DOENÇA DE HAFF."
0101010150,I,I,0,1571,"ATIVIDADES EDUCATIVAS DA POPULAÇÃO SOBRE A TEMÁTICA DE DOENÇAS DIARREICAS AGUDAS."
0101010168,I,I,0,1571,"ATIVIDADES EDUCATIVAS DA POPULAÇÃO SOBRE A TEMÁTICA DA ESPOROTRICOSE."
0101010176,I,I,0,1571,"ATIVIDADES EDUCATIVAS DA POPULAÇÃO SOBRE A TEMÁTICA DA FEBRE MACULOSA BRASILEIRA."
0101010184,I,I,0,1571,"ATIVIDADES EDUCATIVAS DA POPULAÇÃO SOBRE A TEMÁTICA DE LEISHMANIOSE TEGUMENTAR."
0101010192,I,I,0,1571,"ATIVIDADES EDUCATIVAS DA POPULAÇÃO SOBRE A TEMÁTICA DA LEISHMANIOSE VISCERAL."
0101010206,I,I,0,1571,"ATIVIDADES EDUCATIVAS DA POPULAÇÃO SOBRE A TEMÁTICA DA LEPTOSPIROSE"
0101010214,I,I,0,1571,"ATIVIDADES EDUCATIVAS DA POPULAÇÃO SOBRE A TEMÁTICA DA DOENÇA DA RAIVA."
0101010222,I,I,0,1571,"ATIVIDADES EDUCATIVAS DA POPULAÇÃO SOBRE A TEMÁTICA DA TOXOPLASMOSE."
0101010230,I,I,0,1571,"ATIVIDADES EDUCATIVAS DA POPULAÇÃO SOBRE A TEMÁTICA DE UMA SÓ SAÚDE."
0101010249,I,I,0,1571,"ATIVIDADES EDUCATIVAS DA POPULAÇÃO SOBRE A TEMÁTICA DA HANSENÍASE"
0101010257,I,I,0,1571,"ATIVIDADES EDUCATIVAS DA POPULAÇÃO SOBRE A TEMÁTICA DA ESQUISTOSSOMOSE."
0101010265,I,I,0,1571,"ATIVIDADES EDUCATIVAS DA POPULAÇÃO SOBRE A TEMÁTICA DO TRACOMA."
0101010273,I,I,0,1571,"ATIVIDADES EDUCATIVAS DA POPULAÇÃO SOBRE A TEMÁTICA DAS GEO-HELMINTÍASES"
0101010281,I,I,0,1571,"ATIVIDADES EDUCATIVAS DA POPULAÇÃO SOBRE A TEMÁTICA DA ONCOCERCOSE."
0101010290,I,I,0,1571,"ATIVIDADES EDUCATIVAS DA POPULAÇÃO SOBRE A TEMÁTICA DA FILARIOSE LINFÁTICO."
0101010303,I,I,0,1571,"ATIVIDADES EDUCATIVAS DA POPULAÇÃO SOBRE A TEMÁTICA DA DOENÇA DE CHAGAS."
0101020015,I,I,48,1571,"AÇÃO COLETIVA DE APLICAÇÃO TÓPICA DE FLÚOR GEL"
0101020023,I,I,84,1571,"AÇÃO COLETIVA DE BOCHECHO FLUORADO"
0101020031,I,I,36,1571,"AÇÃO COLETIVA DE ESCOVAÇÃO DENTAL SUPERVISIONADA"
0101020040,I,I,0,1571,"AÇÃO COLETIVA DE EXAME BUCAL COM FINALIDADE EPIDEMIOLÓGICA"
0101020058,I,I,0,1571,"APLICAÇÃO DE CARIOSTÁTICO (POR DENTE)"
0101020066,I,I,0,1571,"APLICAÇÃO DE SELANTE (POR DENTE)"
0101020074,I,I,0,1571,"APLICAÇÃO TÓPICA DE FLÚOR (INDIVIDUAL POR SESSÃO)"
0101020082,I,I,0,1571,"EVIDENCIAÇÃO DE PLACA BACTERIANA"
0101020090,I,I,0,1571,"SELAMENTO PROVISÓRIO DE CAVIDADE DENTÁRIA"
0101020104,I,I,0,1571,"ORIENTAÇÃO DE HIGIENE BUCAL"
0101020112,I,I,120,1571,"AÇÃO COLETIVA DE PREVENÇÃO DE CÂNCER BUCAL"
0101020120,I,I,120,1571,"ORIENTAÇÃO DE HIGIENIZAÇÃO DE PRÓTESES DENTÁRIAS"
0101030010,I,I,0,1571,"VISITA DOMICILIAR POR PROFISSIONAL DE NÍVEL MÉDIO"
0101030029,I,I,0,1571,"VISITA DOMICILIAR/INSTITUCIONAL POR PROFISSIONAL DE NÍVEL SUPERIOR"
0101040024,I,I,0,1571,"AVALIAÇÃO ANTROPOMÉTRICA"
0101040032,I,I,144,599,"COLETA EXTERNA DE LEITE MATERNO (POR DOADORA)"
0101040040,N,N,,,"PASTEURIZAÇÃO DO LEITE HUMANO (CADA 5 LITROS)"
0101040059,I,I,6,599,"ADMINISTRAÇÃO DE VITAMINA A"
0101040075,I,I,0,1571,"MEDIÇÃO DE ALTURA"
0101040083,I,I,0,1571,"MEDIÇÃO DE PESO"
0101040091,I,I,6,35,"DISPENSAÇÃO DE SUPLEMENTO DE MICRONUTRIENTES EM PÓ - NUTRISUS"
0101040105,I,I,108,731,"DISPENSAÇÃO DE SUPLEMENTO DE ÁCIDO FÓLICO "
0101040113,I,I,5,731,"DISPENSAÇÃO DE SUPLEMENTO DE FERRO"
0101040121,I,I,216,1571,"AVALIAÇÃO DO RISCO DE INSEGURANÇA ALIMENTAR"
0101050011,I,I,0,1571,"PRATICAS CORPORAIS EM MEDICINA TRADICIONAL CHINESA"
0101050020,I,I,0,1571,"TERAPIA COMUNITÁRIA"
0101050046,I,I,0,1571,YOGA
0101050054,I,I,0,1571,"OFICINA DE MASSAGEM/ AUTO-MASSAGEM"
0101050062,I,I,0,1571,"SESSÃO DE ARTETERAPIA"
0101050070,I,I,0,1571,"SESSÃO DE MEDITAÇÃO"
0101050089,I,I,0,1571,"SESSÃO DE MUSICOTERAPIA"
0101050097,I,I,0,1571,"SESSÃO DE ANTROPOSOFIA APLICADA À SAÚDE"
0101050100,I,I,0,1571,"SESSÃO DE BIODANÇA"
0101050119,I,I,0,1571,"SESSÃO DE BIOENERGÉTICA"
0101050127,I,I,0,1571,"SESSÃO DE CONSTELAÇÃO FAMILIAR"
0101050135,I,I,0,1571,"SESSÃO DE DANÇA CIRCULAR"
0101050143,I,I,0,1571,"SESSÃO DE TERMALISMO"
0101050151,I,I,0,1571,"OFICINA COLETIVA DE SHANTALA"
0101050160,I,I,0,1571,"ATIVIDADE COLETIVA DE AYURVEDA"
0101050178,I,I,0,1571,"ATIVIDADE COLETIVA DE ANTROPOSOFIA APLICADA À SAÚDE"
0101050186,I,I,0,1571,"ATIVIDADES DE PRODUÇÃO DE ARTE, CULTURA, MEMÓRIA COLETIVA E GERAÇÃO DE RENDA."
0101050194,I,I,0,1571,"ATIVIDADES COLETIVAS DE INTEGRAÇÃO COM A COMUNIDADE, CIDADE E TERRITÓRIO"
0101050208,I,I,0,1571,"ACOLHIMENTO INICIAL POR CENTRO DE CONVIVÊNCIA."
0101050216,I,I,0,1571,"FORTALECIMENTO DO PROTAGONISMO DE USUÁRIOS E SEUS FAMILIARES"
0101050224,I,I,0,1571,"PRÁTICAS EXPRESSIVAS E COMUNICATIVAS EM CECO"
0101050232,I,I,0,1571,"ATIVIDADES DE VALORIZAÇÃO DA CULTURA TRADICIONAL, POPULAR E DIVERSIDADE ÉTNICO-RACIAL."
0101050240,I,I,0,1571,"ATIVIDADES DE COMUNICAÇÃO, ARTE E EXPRESSÃO URBANA COMO PROTAGONISMO DE ADOLESCENTES E JOVENS."
0101050259,I,I,0,1571,"ATIVIDADES VOLTADAS À CONVIVÊNCIA INTERGERACIONAL"
0101050267,I,I,0,1571,"AÇÕES PARA AMPLIAÇÃO DO ACESSO DAS CRIANÇAS E DOS ADOLESCENTES EM ATIVIDADES DE CONVIVÊNCIA, ARTE, CULTURA E LAZER"
0102010056,N,N,,,"ATIVIDADES EDUCATIVAS PARA O SETOR REGULADO"
0102010064,N,N,,,"ANÁLISE DE PROJETOS BÁSICOS DE ARQUITETURA"
0102010072,N,N,,,"CADASTRO DE ESTABELECIMENTOS SUJEITOS À VIGILÂNCIA SANITÁRIA"
0102010145,N,N,,,"INSPEÇÃO SANITÁRIA DE HOSPITAIS"
0102010153,N,N,,,"INVESTIGAÇÃO DE EVENTOS ADVERSOS E/OU QUEIXAS TÉCNICAS"
0102010161,N,N,,,"EXCLUSÃO DE CADASTRO DE ESTABELECIMENTOS SUJEITOS À VIGILÂNCIA SANITÁRIA COM ATIVIDADES ENCERRADAS."
0102010170,N,N,,,"INSPEÇÃO DOS ESTABELECIMENTOS SUJEITOS À VIGILÂNCIA SANITÁRIA"
0102010188,N,N,,,"LICENCIAMENTO DOS ESTABELECIMENTOS SUJEITOS À VIGILÂNCIA SANITÁRIA"
0102010196,N,N,,,"APROVAÇÃO DE PROJETOS BÁSICOS DE ARQUITETURA"
0102010200,N,N,,,"INVESTIGAÇÃO DE SURTOS DE DOENÇAS TRANSMITIDAS POR ALIMENTOS"
0102010218,N,N,,,"INVESTIGAÇÃO DE SURTOS DE INFECÇÃO EM SERVIÇOS DE SAÚDE"
0102010226,N,N,,,"ATIVIDADE EDUCATIVA PARA A POPULAÇÃO"
0102010234,I,I,5,1571,"RECEBIMENTO DE DENÚNCIAS/RECLAMAÇÕES"
0102010242,N,N,,,"ATENDIMENTO À DENÚNCIAS/RECLAMAÇÕES"
0102010250,N,N,,,"CADASTRO DE HOSPITAIS"
0102010269,N,N,,,"LICENCIAMENTO SANITÁRIO DE HOSPITAIS"
0102010277,N,N,,,"CADASTRO DE INSTITUIÇÕES DE LONGA PERMANÊNCIA PARA IDOSOS"
0102010285,N,N,,,"INSPEÇÃO SANITÁRIA DE INSTITUIÇÕES DE LONGA PERMANÊNCIA PARA IDOSOS"
0102010293,N,N,,,"LICENCIAMENTO SANITÁRIO DE INSTITUIÇÕES DE LONGA PERMANÊNCIA PARA IDOSOS"
0102010307,N,N,,,"CADASTRO DE INDÚSTRIAS DE MEDICAMENTOS"
0102010315,N,N,,,"INSPEÇÃO SANITÁRIA DE INDÚSTRIA DE MEDICAMENTOS"
0102010323,N,N,,,"LICENCIAMENTO SANITÁRIO DE INDÚSTRIAS DE MEDICAMENTOS"
0102010331,N,N,,,"CADASTRO DE SERVIÇOS DE DIAGNÓSTICO E TRATAMENTO DO CÂNCER DE COLO DE ÚTERO E MAMA"
0102010340,N,N,,,"INSPEÇÃO SANITÁRIA DE SERVIÇOS DE DIAGNÓSTICO E TRATAMENTO DO CÂNCER DE COLO DE ÚTERO E MAMA."
0102010358,N,N,,,"LICENCIAMENTO SANITÁRIO DE SERVIÇOS DE DIAGNÓSTICO E TRATAMENTO DO CÂNCER DE COLO DE ÚTERO E MAMA"
0102010366,N,N,,,"CADASTRO DE SERVIÇOS HOSPITALARES DE ATENÇÃO AO PARTO E À CRIANÇA"
0102010374,N,N,,,"INSPEÇÃO SANITÁRIA DE SERVIÇOS HOSPITALARES DE ATENÇÃO AO PARTO E À CRIANÇA"
0102010382,N,N,,,"LICENCIAMENTO SANITÁRIO DE SERVIÇOS HOSPITALARES DE ATENÇÃO AO PARTO E À CRIANÇA"
0102010390,N,N,,,"CADASTRO DE SERVIÇOS DE HEMOTERAPIA"
0102010404,N,N,,,"INSPEÇÃO SANITÁRIA DE SERVIÇOS DE HEMOTERAPIA"
0102010412,N,N,,,"LICENCIAMENTO SANITÁRIO DE SERVIÇOS DE HEMOTERAPIA"
0102010420,N,N,,,"CADASTRO DE SERVIÇOS DE TERAPIA RENAL SUBSTITUTIVA"
0102010439,N,N,,,"INSPEÇÃO SANITÁRIA DE SERVIÇOS DE TERAPIA RENAL SUBSTITUTIVA"
0102010447,N,N,,,"LICENCIAMENTO SANITÁRIO DE SERVIÇOS DE TERAPIA RENAL SUBSTITUTIVA"
0102010455,N,N,,,"CADASTRO DE SERVIÇOS DE ALIMENTAÇÃO"
0102010463,N,N,,,"INSPEÇÃO SANITÁRIA DE SERVIÇOS DE ALIMENTAÇÃO"
0102010471,N,N,,,"LICENCIAMENTO SANITÁRIO DE SERVIÇOS DE ALIMENTAÇÃO"
0102010480,N,N,,,"FISCALIZAÇÃO DO USO DE PRODUTOS FUMÍGENOS DERIVADOS DO TABACO EM AMBIENTES COLETIVOS FECHADOS, PÚBLICOS OU PRIVADOS"
0102010498,N,N,,,"LAUDO DE ANÁLISE LABORATORIAL DO PROGRAMA DE MONITORAMENTO DE ALIMENTOS RECEBIDOS PELA VIGILÂNCIA SANITÁRIA"
0102010501,N,N,,,"ATIVIDADES EDUCATIVAS SOBRE A TEMÁTICA DA DENGUE,REALIZADAS PARA A POPULAÇÃO"
0102010510,N,N,,,"ATIVIDADES EDUCATIVAS,COM RELAÇÃO AO CONSUMO DE SÓDIO, AÇÚCAR E GORDURAS, REALIZADAS PARA O SETOR REGULADO E A POPULAÇÃO"
0102010528,N,N,,,"INSTAURAÇÃO DE PROCESSO ADMINISTRATIVO SANITÁRIO"
0102010536,N,N,,,"CONCLUSÃO DE PROCESSO ADMINISTRATIVO SANITÁRIO"
0102010544,N,N,,,"CADASTRO DE INDÚSTRIAS DE INSUMOS FARMACÊUTICOS"
0102010552,N,N,,,"CADASTRO DE INDÚSTRIAS DE PRODUTOS PARA SAÚDE"
0102010560,N,N,,,"INSPEÇÃO SANITÁRIA DE INDÚSTRIAS DE INSUMOS FARMACÊUTICOS"
0102010579,N,N,,,"INSPEÇÃO SANITÁRIA DE INDÚSTRIAS DE PRODUTOS PARA SAÚDE"
0102010587,N,N,,,"IMPLEMENTAÇÃO DE PROCEDIMENTOS (POPS) HARMONIZADOS EM NÍVEL TRIPARTITE RELACIONADOS À INSPEÇÃO EM ESTABELECIMENTOS FABRICANTES DE MEDICAMENTOS"
0102010595,N,N,,,"IMPLEMENTAÇÃO DE PROCEDIMENTOS (POPS) HARMONIZADOS EM NÍVEL TRIPARTITE RELACIONADOS À INSPEÇÃO EM ESTABELECIMENTOS FABRICANTES DE INSUMOS FARMACÊUTICOS"
0102010609,N,N,,,"IMPLEMENTAÇÃO DE PROCEDIMENTOS (POPS) HARMONIZADOS EM NÍVEL TRIPARTITE RELACIONADOS A INSPEÇÃO EM ESTABELECIMENTOS FABRICANTES DE PRODUTOS PARA SAÚDE"
0102010617,N,N,,,"ENVIO DE RELATÓRIOS DE INSPEÇÃO DE ESTABELECIMENTOS FABRICANTES DE MEDICAMENTOS À ANVISA"
0102010625,N,N,,,"ENVIO DE RELATÓRIOS DE INSPEÇÃO DE ESTABELECIMENTOS FABRICANTES DE INSUMOS FARMACÊUTICOS À ANVISA"
0102010633,N,N,,,"ENVIO DE RELATÓRIOS DE INSPEÇÃO DE ESTABELECIMENTOS FABRICANTES DE PRODUTOS PARA SAÚDE À ANVISA"
0102010641,N,N,,,"AUDITORIAS INTERNAS REALIZADAS NO DEPARTAMENTO RESPONSÁVEL PELAS ATIVIDADES DE INSPEÇÃO DE ESTABELECIMENTOS FABRICANTES DE MEDICAMENTOS"
0102010650,N,N,,,"AUDITORIAS INTERNAS REALIZADAS NO DEPARTAMENTO RESPONSÁVEL PELAS ATIVIDADES DE INSPEÇÃO DE ESTABELECIMENTOS FABRICANTES DE INSUMOS FARMACÊUTICOS"
0102010668,N,N,,,"AUDITORIAS INTERNAS REALIZADAS NO DEPARTAMENTO RESPONSÁVEL PELAS ATIVIDADES DE INSPEÇÃO DE ESTABELECIMENTOS FABRICANTES DE PRODUTOS PARA SAÚDE"
0102020019,N,N,,,"VIGILÂNCIA DA SITUAÇÃO DE SAÚDE DOS TRABALHADORES"
0102020027,I,I,168,1571,"ATIVIDADE DE EDUCAÇÃO EM SAÚDE DO TRABALHADOR"
0102020035,N,N,,,"INSPEÇÃO SANITÁRIA EM SAÚDE DO TRABALHADOR"
0102020043,N,N,,,"INSPEÇÃO SANITÁRIA EM SAÚDE DO TRABALHADOR PARA AVALIAÇÃO DE CUMPRIMENTO DE RECOMENDAÇÕES"
0102020051,I,I,60,1571,"BUSCA ATIVA DE CASOS SUSPEITOS DE DOENÇAS OU AGRAVOS RELACIONADOS AO TRABALHO"
0102020060,N,N,,,"APOIO INSTITUCIONAL DE VIGILÂNCIA EM SAÚDE DO TRABALHADOR (VISAT) PARA A REDE DE ATENÇÃO À SAÚDE"
0102020078,N,N,,,"ATIVIDADES COM GRUPOS NA TEMÁTICA DE SAÚDE DO TRABALHADOR"
0102020086,N,N,,,"INSPEÇÃO SANITÁRIA EM SAÚDE DO TRABALHADOR PARA MAPEAMENTO DE RISCOS OCUPACIONAIS"
0102020094,N,N,,,"INSPEÇÃO SANITÁRIA EM SAÚDE DO TRABALHADOR PARA INVESTIGAÇÃO DE ACIDENTE DE TRABALHO"
0102020108,N,N,,,"INSPEÇÃO SANITÁRIA EM SAÚDE DO TRABALHADOR PARA SUBSIDIAR ESTABELECIMENTO DA RELAÇÃO ENTRE DOENÇAS E AGRAVOS COM O TRABALHO"
0102020116,N,N,,,"INSPEÇÃO SANITÁRIA EM SAÚDE DO TRABALHADOR PARA INVESTIGAÇÃO DE SURTOS/EVENTOS INUSITADOS RELACIONADOS AO TRABALHO"
0102020124,N,N,,,"AÇÕES DE ARTICULAÇÃO COM CONTROLE SOCIAL E REPRESENTANTES DE TRABALHADORES"
0102020132,N,N,,,"AÇÕES INTER E INTRASSETORIAIS DE SAÚDE DO TRABALHADOR"
0102020140,N,N,,,"VIGILÂNCIA EM SAÚDE DO TRABALHADOR NAS EMERGÊNCIAS EM SAÚDE PÚBLICA"
0201010011,I,I,108,731,AMNIOCENTESE
0201010020,I,I,0,1571,"BIOPSIA / PUNCAO DE TUMOR SUPERFICIAL DA PELE"
0201010038,I,I,0,1571,"BIOPSIA CIRURGICA DE TIREOIDE"
0201010046,I,I,0,1571,"BIOPSIA DE ANUS E CANAL ANAL"
0201010054,I,I,0,1571,"BIOPSIA DE BACO POR PUNCAO / ASPIRACAO"
0201010062,I,I,0,1571,"BIOPSIA DE BEXIGA"
0201010070,I,I,0,1571,"BIOPSIA DE BOLSA ESCROTAL"
0201010089,I,I,0,1571,"BIOPSIA DE CONDUTO AUDITIVO EXTERNO"
0201010097,I,I,0,1571,"BIOPSIA DE CONJUNTIVA"
0201010100,I,I,0,1571,"BIOPSIA DE CORDAO ESPERMATICO (UNILATERAL)"
0201010119,I,I,0,1571,"BIOPSIA DE CORNEA"
0201010127,I,I,0,1571,"BIOPSIA DE CORPO VERTEBRAL A CEU ABERTO"
0201010135,I,I,0,1571,"BIOPSIA DE CORPO VERTEBRAL LAMINA E PEDICULO VERTEBRAL (POR DISPOSITIVO GUIADO)"
0201010143,I,I,0,1571,"BIOPSIA DE ENDOCARDIO / MIOCARDIO"
0201010151,I,I,108,1571,"BIOPSIA DE ENDOMETRIO"
0201010160,I,I,108,1571,"BIOPSIA DE ENDOMETRIO POR ASPIRACAO MANUAL INTRA-UTERINA"
0201010178,I,I,120,1571,"BIOPSIA DE EPIDIDIMO"
0201010186,I,I,0,1571,"BIOPSIA DE ESCLERA"
0201010194,I,I,0,1571,"BIOPSIA DE FARINGE/LARINGE"
0201010208,I,I,0,1571,"BIOPSIA DE FIGADO EM CUNHA / FRAGMENTO"
0201010216,I,I,0,1571,"BIOPSIA DE FIGADO POR PUNCAO"
0201010224,I,I,0,1571,"BIOPSIA DE GANGLIO LINFATICO"
0201010232,I,I,0,1571,"BIÓPSIA DE GLÂNDULA SALIVAR"
0201010240,I,I,0,1571,"BIOPSIA DE IRIS, CORPO CILIAR, RETINA, COROIDE, VITREO E TUMOR INTRA OCULAR"
0201010259,I,I,216,1571,"BIOPSIA DE LAMINA PEDICULO E PROCESSOS VERTEBRAIS (A CEU ABERTO)"
0201010267,I,I,0,1571,"BIOPSIA DE LESAO DE PARTES MOLES (POR AGULHA / CEU ABERTO)"
0201010275,I,I,0,1571,"BIOPSIA DE MEDULA OSSEA"
0201010283,I,I,0,1571,"BIOPSIA DE MUSCULO (A CEU ABERTO)"
0201010291,I,I,0,1571,"BIOPSIA DE NERVO"
0201010305,I,I,0,1571,"BIOPSIA DE OSSO / CARTILAGEM DA CINTURA ESCAPULAR (POR AGULHA / CEU ABERTO)"
0201010313,I,I,0,1571,"BIOPSIA DE OSSO / CARTILAGEM DA CINTURA PELVICA (POR AGULHA / CEU ABERTO)"
0201010321,I,I,0,1571,"BIOPSIA DE OSSO / CARTILAGEM DE MEMBRO INFERIOR (POR AGULHA / CEU ABERTO)"
0201010330,I,I,0,1571,"BIOPSIA DE OSSO / CARTILAGEM DE MEMBRO SUPERIOR (POR AGULHA / CEU ABERTO)"
0201010348,I,I,0,1571,"BIÓPSIA DE OSSO DO CRÂNIO E DA FACE"
0201010356,I,I,0,1571,"BIOPSIA DE PALPEBRA"
0201010364,I,I,0,1571,"BIOPSIA DE PAVILHAO AURICULAR"
0201010372,I,I,0,1571,"BIOPSIA DE PELE E PARTES MOLES"
0201010380,I,I,0,1571,"BIOPSIA DE PENIS"
0201010399,I,I,0,1571,"BIOPSIA DE PIRAMIDE NASAL"
0201010402,I,I,0,1571,"BIOPSIA DE PLEURA (POR ASPIRAÇÃO/AGULHA / PLEUROSCOPIA)"
0201010410,I,I,120,1571,"BIÓPSIA DE PRÓSTATA"
0201010429,I,I,0,1571,"BIOPSIA DE PULMAO POR ASPIRACAO"
0201010437,I,I,0,1571,"BIOPSIA DE RIM POR PUNCAO"
0201010445,I,I,0,1571,"BIOPSIA DE SEIO PARANASAL"
0201010453,I,I,0,1571,"BIOPSIA DE SINÓVIA"
0201010461,I,I,120,1571,"BIOPSIA DE TESTICULO"
0201010470,I,I,0,1571,"BIOPSIA DE TIREOIDE OU PARATIREOIDE - PAAF"
0201010488,I,I,0,1571,"BIOPSIA DE URETER"
0201010496,I,I,0,1571,"BIOPSIA DE URETRA"
0201010500,I,I,0,1571,"BIOPSIA/PUNÇÃO DE VAGINA"
0201010518,I,I,0,1571,"BIOPSIA/PUNÇÃO DE VULVA"
0201010526,I,I,0,1571,"BIÓPSIA DOS TECIDOS MOLES DA BOCA"
0201010534,I,I,156,1571,"BIOPSIA ESTEREOTAXICA"
0201010542,I,I,0,1571,"BIOPSIA PERCUTÂNEA ORIENTADA POR TOMOGRAFIA COMPUTADORIZADA / ULTRASSONOGRAFIA / RESSONÂNCIA MAGNÉTICA / RAIO X"
0201010550,I,I,0,1571,"BIOPSIA PRÉ-ESCALÊNICA"
0201010569,I,I,192,1571,"BIOPSIA/EXERESE DE NÓDULO DE MAMA"
0201010585,I,I,192,1571,"PUNÇÃO ASPIRATIVA DE MAMA POR AGULHA FINA"
0201010593,I,I,0,1571,"PUNÇÃO DE CISTERNA SUB-OCCIPITAL"
0201010607,I,I,192,1571,"PUNÇÃO DE MAMA POR AGULHA GROSSA"
0201010615,I,I,0,1571,"PUNÇÃO DE VAGINA"
0201010623,I,I,0,1571,"PUNÇÃO EXPLORADORA DO DEFERENTE"
0201010631,I,I,0,1571,"PUNÇÃO LOMBAR"
0201010640,I,I,0,1571,"PUNÇÃO P/ ESVAZIAMENTO"
0201010658,I,I,0,59,"PUNÇÃO VENTRICULAR TRANSFONTANELA"
0201010666,I,I,144,1571,"BIOPSIA DO COLO UTERINO"
0201020017,I,I,0,1571,"COLETA DE LAVADO BRONCO-ALVEOLAR"
0201020025,I,I,0,1571,"COLETA DE LINFA PARA PESQUISA DE M. LEPRAE"
0201020033,I,I,120,1571,"COLETA DE MATERIAL DO COLO DE ÚTERO PARA EXAME CITOPATOLÓGICO"
0201020041,I,I,0,1571,"COLETA DE MATERIAL PARA EXAME LABORATORIAL"
0201020050,I,I,0,11,"COLETA DE SANGUE PARA TRIAGEM NEONATAL"
0201020068,I,I,0,1571,"TIPIFICAÇÃO DO ALELO HLA-B"
0201020076,I,I,300,779,"COLETA DE MATERIAL DO COLO DO ÚTERO PARA EXAME MOLECULAR DE DETECÇÂO DE HPV"
0201020084,I,I,300,779,"ENTREGA DE MATERIAL OBTIDO POR AUTO COLETA PARA EXAME MOLECULAR PARA DETECÇÃO DE HPV, NO COLO DO ÚTERO."
0202010015,I,I,0,1571,"CLEARANCE OSMOLAR"
0202010023,I,I,0,1571,"DETERMINACAO DE CAPACIDADE DE FIXACAO DO FERRO"
0202010031,I,I,0,1571,"DETERMINACAO DE CROMATOGRAFIA DE AMINOACIDOS"
0202010040,I,I,0,1571,"DETERMINACAO DE CURVA GLICEMICA (2 DOSAGENS)"
0202010058,I,I,0,1571,"DETERMINAÇÃO DE CURVA GLICÊMICA C/ INDUÇÃO POR CORTISONA ( 5 DOSAGENS)"
0202010066,I,I,0,1571,"DETERMINAÇÃO DE CURVA GLICÊMICA C/ INDUÇÃO POR CORTISONA (4 DOSAGENS)"
0202010074,I,I,0,1571,"DETERMINACAO DE CURVA GLICEMICA CLASSICA (5 DOSAGENS)"
0202010082,I,I,0,1571,"DETERMINAÇÃO DE OSMOLARIDADE"
0202010090,I,I,0,1571,"DOSAGEM DE 5-NUCLEOTIDASE"
0202010104,I,I,0,1571,"DOSAGEM DE ACETONA"
0202010112,I,I,0,1571,"DOSAGEM DE ACIDO ASCORBICO"
0202010120,I,I,0,1571,"DOSAGEM DE ACIDO URICO"
0202010139,I,I,0,1571,"DOSAGEM DE ACIDO VANILMANDELICO"
0202010147,I,I,0,1571,"DOSAGEM DE ALDOLASE"
0202010155,I,I,0,1571,"DOSAGEM DE ALFA-1-ANTITRIPSINA"
0202010163,I,I,0,1571,"DOSAGEM DE ALFA-1-GLICOPROTEINA ACIDA"
0202010171,I,I,0,1571,"DOSAGEM DE ALFA-2-MACROGLOBULINA"
0202010180,I,I,0,1571,"DOSAGEM DE AMILASE"
0202010198,I,I,0,1571,"DOSAGEM DE AMONIA"
0202010201,I,I,0,1571,"DOSAGEM DE BILIRRUBINA TOTAL E FRACOES"
0202010210,I,I,0,1571,"DOSAGEM DE CALCIO"
0202010228,I,I,0,1571,"DOSAGEM DE CALCIO IONIZAVEL"
0202010236,I,I,0,1571,"DOSAGEM DE CAROTENO"
0202010244,I,I,0,1571,"DOSAGEM DE CATECOLAMINAS"
0202010252,I,I,0,1571,"DOSAGEM DE CERULOPLASMINA"
0202010260,I,I,0,1571,"DOSAGEM DE CLORETO"
0202010279,I,I,0,1571,"DOSAGEM DE COLESTEROL HDL"
0202010287,I,I,0,1571,"DOSAGEM DE COLESTEROL LDL"
0202010295,I,I,0,1571,"DOSAGEM DE COLESTEROL TOTAL"
0202010309,I,I,0,1571,"DOSAGEM DE COLINESTERASE"
0202010317,I,I,0,1571,"DOSAGEM DE CREATININA"
0202010325,I,I,0,1571,"DOSAGEM DE CREATINOFOSFOQUINASE (CPK)"
0202010333,I,I,0,1571,"DOSAGEM DE CREATINOFOSFOQUINASE FRACAO MB"
0202010341,I,I,0,1571,"DOSAGEM DE DESIDROGENASE ALFA-HIDROXIBUTIRICA"
0202010350,I,I,0,1571,"DOSAGEM DE DESIDROGENASE GLUTAMICA"
0202010368,I,I,0,1571,"DOSAGEM DE DESIDROGENASE LATICA"
0202010376,I,I,0,1571,"DOSAGEM DE DESIDROGENASE LATICA (ISOENZIMAS FRACIONADAS)"
0202010384,I,I,0,1571,"DOSAGEM DE FERRITINA"
0202010392,I,I,0,1571,"DOSAGEM DE FERRO SERICO"
0202010406,I,I,0,1571,"DOSAGEM DE FOLATO"
0202010414,I,I,0,1571,"DOSAGEM DE FOSFATASE ACIDA TOTAL"
0202010422,I,I,0,1571,"DOSAGEM DE FOSFATASE ALCALINA"
0202010430,I,I,0,1571,"DOSAGEM DE FOSFORO"
0202010449,I,I,0,1571,"DOSAGEM DE FRACAO PROSTATICA DA FOSFATASE ACIDA"
0202010457,I,I,0,1571,"DOSAGEM DE GALACTOSE"
0202010465,I,I,0,1571,"DOSAGEM DE GAMA-GLUTAMIL-TRANSFERASE (GAMA GT)"
0202010473,I,I,0,1571,"DOSAGEM DE GLICOSE"
0202010481,I,I,0,1571,"DOSAGEM DE GLICOSE-6-FOSFATO DESIDROGENASE"
0202010490,I,I,0,1571,"DOSAGEM DE HAPTOGLOBINA"
0202010503,I,I,0,1571,"DOSAGEM DE HEMOGLOBINA GLICOSILADA"
0202010511,I,I,0,1571,"DOSAGEM DE HIDROXIPROLINA"
0202010520,I,I,0,1571,"DOSAGEM DE ISOMERASE-FOSFOHEXOSE"
0202010538,I,I,0,1571,"DOSAGEM DE LACTATO"
0202010546,I,I,0,1571,"DOSAGEM DE LEUCINO-AMINOPEPTIDASE"
0202010554,I,I,0,1571,"DOSAGEM DE LIPASE"
0202010562,I,I,0,1571,"DOSAGEM DE MAGNESIO"
0202010570,I,I,0,1571,"DOSAGEM DE MUCO-PROTEINAS"
0202010589,I,I,0,1571,"DOSAGEM DE PIRUVATO"
0202010597,I,I,0,1571,"DOSAGEM DE PORFIRINAS"
0202010600,I,I,0,1571,"DOSAGEM DE POTASSIO"
0202010619,I,I,0,1571,"DOSAGEM DE PROTEINAS TOTAIS"
0202010627,I,I,0,1571,"DOSAGEM DE PROTEINAS TOTAIS E FRACOES"
0202010635,I,I,0,1571,"DOSAGEM DE SODIO"
0202010643,I,I,0,1571,"DOSAGEM DE TRANSAMINASE GLUTAMICO-OXALACETICA (TGO)"
0202010651,I,I,0,1571,"DOSAGEM DE TRANSAMINASE GLUTAMICO-PIRUVICA (TGP)"
0202010660,I,I,0,1571,"DOSAGEM DE TRANSFERRINA"
0202010678,I,I,0,1571,"DOSAGEM DE TRIGLICERIDEOS"
0202010686,I,I,0,1571,"DOSAGEM DE TRIPTOFANO"
0202010694,I,I,0,1571,"DOSAGEM DE UREIA"
0202010708,I,I,0,1571,"DOSAGEM DE VITAMINA B12"
0202010716,I,I,0,1571,"ELETROFORESE DE LIPOPROTEINAS"
0202010724,I,I,0,1571,"ELETROFORESE DE PROTEINAS"
0202010732,I,I,0,1571,"GASOMETRIA (PH PCO2 PO2 BICARBONATO AS2 (EXCESSO OU DEFICIT BASE )"
0202010740,I,I,0,1571,"PROVA DA D-XILOSE"
0202010759,I,I,0,1571,"TESTE DE TOLERÂNCIA A INSULINA / HIPOGLICEMIANTES ORAIS"
0202010767,I,I,0,1571,"DOSAGEM DE 25 HIDROXIVITAMINA D"
0202010775,N,N,,,"DETERMINAÇÃO DE CREMATÓCRITO NO LEITE HUMANO ORDENHADO"
0202010783,N,N,,,"ACIDEZ TITULÁVEL NO LEITE HUMANO (DORNIC)"
0202010791,I,I,216,1571,"DOSAGEM DE PEPTÍDEOS NATRIURÉTICOS TIPO B (BNP E NT-PROBNP)"
0202020010,I,I,0,1571,"CITOQUIMICA HEMATOLOGICA"
0202020029,I,I,0,1571,"CONTAGEM DE PLAQUETAS"
0202020037,I,I,0,1571,"CONTAGEM DE RETICULOCITOS"
0202020045,I,I,0,1571,"DETERMINAÇÃO DE CURVA DE RESISTÊNCIA GLOBULAR"
0202020053,I,I,0,1571,"DETERMINAÇÃO DE ENZIMAS ERITROCITÁRIAS (CADA)"
0202020061,I,I,0,1571,"DETERMINAÇÃO DE SULFO-HEMOGLOBINA"
0202020070,I,I,0,1571,"DETERMINAÇÃO DE TEMPO DE COAGULAÇÃO"
0202020088,I,I,0,1571,"DETERMINAÇÃO DE TEMPO DE LISE DA EUGLOBULINA"
0202020096,I,I,0,1571,"DETERMINAÇÃO DE TEMPO DE SANGRAMENTO -DUKE"
0202020100,I,I,0,1571,"DETERMINAÇÃO DE TEMPO DE SANGRAMENTO DE IVY"
0202020118,I,I,0,1571,"DETERMINAÇÃO DE TEMPO DE SOBREVIDA DE HEMÁCIAS"
0202020126,I,I,0,1571,"DETERMINAÇÃO DE TEMPO DE TROMBINA"
0202020134,I,I,0,1571,"DETERMINAÇÃO DE TEMPO DE TROMBOPLASTINA PARCIAL ATIVADA (TTP ATIVADA)"
0202020142,I,I,0,1571,"DETERMINAÇÃO DE TEMPO E ATIVIDADE DA PROTROMBINA (TAP)"
0202020150,I,I,0,1571,"DETERMINAÇÃO DE VELOCIDADE DE HEMOSSEDIMENTAÇÃO (VHS)"
0202020169,I,I,0,1571,"DOSAGEM DE ANTICOAGULANTE CIRCULANTE"
0202020177,I,I,0,1571,"DOSAGEM DE ANTITROMBINA III"
0202020185,I,I,0,1571,"DOSAGEM DE FATOR II"
0202020193,I,I,0,1571,"DOSAGEM DE FATOR IX"
0202020207,I,I,0,1571,"DOSAGEM DE FATOR V"
0202020215,I,I,0,1571,"DOSAGEM DE FATOR VII"
0202020223,I,I,0,1571,"DOSAGEM DE FATOR VIII"
0202020231,I,I,0,1571,"DOSAGEM DE FATOR VIII (INIBIDOR)"
0202020240,I,I,0,1571,"DOSAGEM DE FATOR VON WILLEBRAND (ANTIGENO)"
0202020258,I,I,0,1571,"DOSAGEM DE FATOR X"
0202020266,I,I,0,1571,"DOSAGEM DE FATOR XI"
0202020274,I,I,0,1571,"DOSAGEM DE FATOR XII"
0202020282,I,I,0,1571,"DOSAGEM DE FATOR XIII"
0202020290,I,I,0,1571,"DOSAGEM DE FIBRINOGENIO"
0202020304,I,I,0,1571,"DOSAGEM DE HEMOGLOBINA"
0202020312,I,I,0,1571,"DOSAGEM DE HEMOGLOBINA - INSTABILIDADE A 37OC"
0202020320,I,I,0,1571,"DOSAGEM DE HEMOGLOBINA FETAL"
0202020339,I,I,0,1571,"DOSAGEM DE HEMOSSIDERINA"
0202020347,I,I,0,1571,"DOSAGEM DE PLASMINOGENIO"
0202020355,I,I,0,1571,"ELETROFORESE DE HEMOGLOBINA"
0202020363,I,I,0,1571,"ERITROGRAMA (ERITROCITOS, HEMOGLOBINA, HEMATOCRITO)"
0202020371,I,I,0,1571,HEMATOCRITO
0202020380,I,I,0,1571,"HEMOGRAMA COMPLETO"
0202020398,I,I,0,1571,LEUCOGRAMA
0202020401,I,I,0,1571,"PESQUISA DE ATIVIDADE DO COFATOR DE RISTOCETINA"
0202020410,I,I,0,1571,"PESQUISA DE CELULAS LE"
0202020428,I,I,0,1571,"PESQUISA DE CORPUSCULOS DE HEINZ"
0202020436,I,I,0,1571,"PESQUISA DE FILARIA"
0202020444,I,I,0,1571,"PESQUISA DE HEMOGLOBINA S"
0202020452,I,I,0,1571,"PESQUISA DE PLASMODIOS POR GOTA ESPESSA E ESFREGAÇO"
0202020460,I,I,0,1571,"PESQUISA DE TRIPANOSSOMA"
0202020479,I,I,0,1571,"PROVA DE COMPATIBILIDADE PRE-TRANSFUSIONAL (MEIOS SALINOS, ALBUMINOSO E COOMBS)"
0202020487,I,I,0,1571,"PROVA DE CONSUMO DE PROTROMBINA"
0202020495,I,I,0,1571,"PROVA DE RETRACAO DO COAGULO"
0202020509,I,I,0,1571,"PROVA DO LACO"
0202020517,I,I,0,1571,"RASTREIO P/ DEFICIENCIA DE ENZIMAS ERITROCITARIAS"
0202020525,I,I,0,1571,"TESTE DE AGREGACAO DE PLAQUETAS"
0202020533,I,I,0,1571,"TESTE DE HAM (HEMOLISE ACIDA)"
0202020541,I,I,0,1571,"TESTE DIRETO DE ANTIGLOBULINA HUMANA (TAD)"
0202020550,I,I,108,731,"DOSAGEM DE PROTEINA C FUNCIONAL"
0202020568,I,I,108,731,"DOSAGEM DE PROTEINA S FUNCIONAL"
0202020576,I,I,108,731,"PESQUISA DE ANTICOAGULANTE LÚPICO"
0202030016,I,I,0,1571,"CONTAGEM DE LINFOCITOS B"
0202030024,I,I,0,1571,"CONTAGEM DE LINFOCITOS CD4/CD8"
0202030032,I,I,0,1571,"CONTAGEM DE LINFOCITOS T TOTAIS"
0202030040,I,I,0,1571,"DETECÇÃO DE ÁCIDOS NUCLEICOS DO HIV-1 (QUALITATIVO)"
0202030059,I,I,0,1571,"DETECÇÃO DE RNA DO VÍRUS DA HEPATITE C (QUALITATIVO)"
0202030067,I,I,0,1571,"DETERMINAÇÃO DE COMPLEMENTO (CH50)"
0202030075,I,I,0,1571,"DETERMINAÇÃO DE FATOR REUMATOIDE"
0202030083,I,I,0,1571,"DETERMINAÇÃO QUANTITATIVA DE PROTEÍNA C REATIVA"
0202030091,I,I,0,1571,"DOSAGEM DE ALFA-FETOPROTEINA"
0202030105,I,I,0,1571,"DOSAGEM DE ANTIGENO PROSTATICO ESPECIFICO (PSA)"
0202030113,I,I,0,1571,"DOSAGEM DE BETA-2-MICROGLOBULINA"
0202030121,I,I,0,1571,"DOSAGEM DE COMPLEMENTO C3"
0202030130,I,I,0,1571,"DOSAGEM DE COMPLEMENTO C4"
0202030148,I,I,0,1571,"DOSAGEM DE CRIOAGLUTININA"
0202030156,I,I,0,1571,"DOSAGEM DE IMUNOGLOBULINA A (IGA)"
0202030164,I,I,0,1571,"DOSAGEM DE IMUNOGLOBULINA E (IGE)"
0202030172,I,I,0,1571,"DOSAGEM DE IMUNOGLOBULINA G (IGG)"
0202030180,I,I,0,1571,"DOSAGEM DE IMUNOGLOBULINA M (IGM)"
0202030199,I,I,0,1571,"DOSAGEM DE INIBIDOR DE C1-ESTERASE"
0202030202,I,I,0,1571,"DOSAGEM DE PROTEINA C REATIVA"
0202030229,I,I,0,1571,"IMUNOELETROFORESE DE PROTEINAS"
0202030237,I,I,0,1571,"IMUNOFENOTIPAGEM DE HEMOPATIAS MALIGNAS (POR MARCADOR)"
0202030245,I,I,0,1571,"PROVA TUBERCULÍNICA (PT)"
0202030253,I,I,0,1571,"PESQUISA DE ANTICORPO IGG ANTICARDIOLIPINA"
0202030261,I,I,0,1571,"PESQUISA DE ANTICORPO IGM ANTICARDIOLIPINA"
0202030270,I,I,0,1571,"PESQUISA DE ANTICORPOS ANTI-DNA"
0202030288,I,I,0,1571,"PESQUISA DE ANTICORPOS ANTI-HELICOBACTER PYLORI"
0202030296,I,I,12,1571,"PESQUISA DE ANTICORPOS ANTI-HIV-1 (WESTERN BLOT/IMUNOBLOT)"
0202030326,I,I,0,1571,"PESQUISA DE ANTICORPOS ANTI-RIBONUCLEOPROTEINA (RNP)"
0202030334,I,I,0,1571,"PESQUISA DE ANTICORPOS ANTI-SCHISTOSOMAS"
0202030342,I,I,0,1571,"PESQUISA DE ANTICORPOS ANTI-SM"
0202030350,I,I,0,1571,"PESQUISA DE ANTICORPOS ANTI-SS-A (RO)"
0202030369,I,I,0,1571,"PESQUISA DE ANTICORPOS ANTI-SS-B (LA)"
0202030377,I,I,0,1571,"PESQUISA DE ANTICORPOS ANTIADENOVIRUS"
0202030385,I,I,0,1571,"PESQUISA DE ANTICORPOS ANTIAMEBAS"
0202030393,I,I,0,1571,"PESQUISA DE ANTICORPOS ANTIASPERGILLUS"
0202030407,I,I,0,1571,"PESQUISA DE ANTICORPOS ANTIBRUCELAS"
0202030415,I,I,0,1571,"PESQUISA DE ANTICORPOS ANTICISTICERCO"
0202030423,I,I,0,1571,"PESQUISA DE ANTICORPOS ANTICLAMIDIA (POR IMUNOFLUORESCENCIA)"
0202030431,I,I,0,1571,"PESQUISA DE ANTICORPOS ANTICORTEX SUPRARENAL"
0202030440,I,I,0,1571,"PESQUISA DE ANTICORPOS ANTIEQUINOCOCOS"
0202030458,I,I,0,1571,"PESQUISA DE ANTICORPOS ANTIESCLERODERMA (SCL 70)"
0202030466,I,I,120,1571,"PESQUISA DE ANTICORPOS ANTIESPERMATOZOIDES"
0202030474,I,I,0,1571,"PESQUISA DE ANTICORPOS ANTIESTREPTOLISINA O (ASLO)"
0202030482,I,I,0,1571,"PESQUISA DE ANTICORPOS ANTIFIGADO"
0202030504,I,I,0,1571,"PESQUISA DE ANTICORPOS ANTIGLOMERULO"
0202030512,I,I,0,1571,"PESQUISA DE ANTICORPOS ANTIILHOTA DE LANGERHANS"
0202030520,I,I,0,1571,"PESQUISA DE ANTICORPOS ANTIINSULINA"
0202030539,I,I,0,1571,"PESQUISA DE ANTICORPOS ANTILEPTOSPIRAS"
0202030547,I,I,0,1571,"PESQUISA DE ANTICORPOS ANTILISTERIA"
0202030555,I,I,0,1571,"PESQUISA DE ANTICORPOS ANTIMICROSSOMAS"
0202030563,I,I,0,1571,"PESQUISA DE ANTICORPOS ANTIMITOCONDRIA"
0202030571,I,I,0,1571,"PESQUISA DE ANTICORPOS ANTIMUSCULO ESTRIADO"
0202030580,I,I,0,1571,"PESQUISA DE ANTICORPOS ANTIMUSCULO LISO"
0202030598,I,I,0,1571,"PESQUISA DE ANTICORPOS ANTINUCLEO"
0202030601,I,I,0,1571,"PESQUISA DE ANTICORPOS ANTIPARIETAIS"
0202030610,I,I,0,1571,"PESQUISA DE ANTICORPOS ANTIPLASMODIOS"
0202030628,I,I,0,1571,"PESQUISA DE ANTICORPOS ANTITIREOGLOBULINA"
0202030636,I,I,0,1571,"PESQUISA DE ANTICORPOS CONTRA ANTIGENO DE SUPERFICIE DO VIRUS DA HEPATITE B (ANTI-HBS)"
0202030644,I,I,0,1571,"PESQUISA DE ANTICORPOS CONTRA ANTIGENO E DO VIRUS DA HEPATITE B (ANTI-HBE)"
0202030652,I,I,0,1571,"PESQUISA DE ANTICORPOS CONTRA HISTOPLASMA"
0202030660,I,I,0,1571,"PESQUISA DE ANTICORPOS CONTRA O SPOROTRIX SCHENKII"
0202030687,I,I,0,1571,"PESQUISA DE ANTICORPOS CONTRA O VIRUS DA HEPATITE D (ANTI-HDV)"
0202030695,I,I,0,1571,"PESQUISA DE ANTICORPOS CONTRA O VIRUS DO SARAMPO"
0202030709,I,I,0,1571,"PESQUISA DE ANTICORPOS CONTRA PARACOCCIDIOIDES BRASILIENSIS"
0202030717,I,I,0,1571,"PESQUISA DE ANTICORPOS E/OU ANTIGENO DO VIRUS SINCICIAL RESPIRATORIO"
0202030725,I,I,0,1571,"PESQUISA DE ANTICORPOS EIE ANTICLAMIDIA"
0202030733,I,I,0,1571,"PESQUISA DE ANTICORPOS HETEROFILOS CONTA O VIRUS EPSTEIN-BARR"
0202030741,I,I,0,1571,"PESQUISA DE ANTICORPOS IGG ANTICITOMEGALOVIRUS"
0202030750,I,I,0,1571,"PESQUISA DE ANTICORPOS IGG ANTILEISHMANIAS"
0202030768,I,I,0,1571,"PESQUISA DE ANTICORPOS IGG ANTITOXOPLASMA"
0202030776,I,I,0,1571,"PESQUISA DE ANTICORPOS IGG ANTITRYPANOSOMA CRUZI"
0202030784,I,I,0,1571,"PESQUISA DE ANTICORPOS IGG E IGM CONTRA ANTIGENO CENTRAL DO VIRUS DA HEPATITE B (ANTI-HBC-TOTAL)"
0202030792,I,I,0,1571,"PESQUISA DE ANTICORPOS IGG CONTRA ARBOVIRUS"
0202030806,I,I,0,1571,"PESQUISA DE ANTICORPOS IGG CONTRA O VIRUS DA HEPATITE A (ANTI-HAV-IGG)"
0202030814,I,I,0,1571,"PESQUISA DE ANTICORPOS IGG CONTRA O VIRUS DA RUBEOLA"
0202030822,I,I,0,1571,"PESQUISA DE ANTICORPOS IGG CONTRA O VIRUS DA VARICELA-HERPES ZOSTER"
0202030830,I,I,0,1571,"PESQUISA DE ANTICORPOS IGG CONTRA O VIRUS EPSTEIN-BARR"
0202030849,I,I,0,1571,"PESQUISA DE ANTICORPOS IGG CONTRA O VIRUS HERPES SIMPLES"
0202030857,I,I,0,1571,"PESQUISA DE ANTICORPOS IGM ANTICITOMEGALOVIRUS"
0202030865,I,I,0,1571,"PESQUISA DE ANTICORPOS IGM ANTILEISHMANIAS"
0202030873,I,I,0,1571,"PESQUISA DE ANTICORPOS IGM ANTITOXOPLASMA"
0202030881,I,I,0,1571,"PESQUISA DE ANTICORPOS IGM ANTITRYPANOSOMA CRUZI"
0202030890,I,I,0,1571,"PESQUISA DE ANTICORPOS IGM CONTRA ANTIGENO CENTRAL DO VIRUS DA HEPATITE B (ANTI-HBC-IGM)"
0202030903,I,I,0,1571,"PESQUISA DE ANTICORPOS IGM CONTRA ARBOVIRUS"
0202030911,I,I,0,1571,"PESQUISA DE ANTICORPOS IGM CONTRA O VIRUS DA HEPATITE A (ANTI-HAV-IGM)"
0202030920,I,I,0,1571,"PESQUISA DE ANTICORPOS IGM CONTRA O VIRUS DA RUBEOLA"
0202030938,I,I,0,1571,"PESQUISA DE ANTICORPOS IGM CONTRA O VIRUS DA VARICELA-HERPES ZOSTER"
0202030946,I,I,0,1571,"PESQUISA DE ANTICORPOS IGM CONTRA O VIRUS EPSTEIN-BARR"
0202030954,I,I,0,1571,"PESQUISA DE ANTICORPOS IGM CONTRA O VIRUS HERPES SIMPLES"
0202030962,I,I,0,1571,"PESQUISA DE ANTIGENO CARCINOEMBRIONARIO (CEA)"
0202030989,I,I,0,1571,"PESQUISA DE ANTIGENO E DO VIRUS DA HEPATITE B (HBEAG)"
0202030997,I,I,0,1571,"DETECÇÃO DE CLAMÍDIA E GONOCOCO POR BIOLOGIA MOLECULAR"
0202031004,I,I,0,1571,"PESQUISA DE CRIOGLOBULINAS"
0202031012,I,I,0,1571,"PESQUISA DE FATOR REUMATOIDE (WAALER-ROSE)"
0202031039,I,I,0,1571,"PESQUISA DE IMUNOGLOBULINA E (IGE) ALERGENO-ESPECIFICA"
0202031047,I,I,0,1571,"PESQUISA DE TRYPANOSOMA CRUZI (POR IMUNOFLUORESCENCIA)"
0202031055,I,I,0,1571,"PROVAS DE PRAUSNITZ-KUSTNER (PK)"
0202031063,I,I,0,1571,"PROVAS IMUNO-ALERGICAS BACTERIANAS"
0202031071,I,I,0,1571,"QUANTIFICAÇÃO DE RNA DO HIV-1"
0202031080,I,I,0,1571,"QUANTIFICAÇÃO DE RNA DO VÍRUS DA HEPATITE C"
0202031101,I,I,0,1571,"REAÇÃO DE MONTENEGRO ID"
0202031110,I,I,0,1571,"TESTE NÃO TREPONEMICO P/ DETECÇÃO DE SIFILIS PARA POPULAÇÃO GERAL (EXCETO GESTANTE, PARCEIRO OU PARCERIA)"
0202031144,I,I,0,1571,"TESTES ALERGICOS DE CONTATO"
0202031152,I,I,0,1571,"TESTES CUTANEOS DE LEITURA IMEDIATA"
0202031179,I,I,96,731,"TESTE NÃO TREPONEMICO P/ DETECÇÃO DE SIFILIS EM GESTANTES"
0202031187,I,I,0,1571,"DOSAGEM DE ANTICORPOS ANTITRANSGLUTAMINAISE RECOMBINANTE HUMANO IGA"
0202031195,I,I,0,1571,"DOSAGEM DA FRAÇÃO C1Q DO COMPLEMENTO"
0202031209,I,I,0,1571,"DOSAGEM DE TROPONINA"
0202031217,I,I,228,1571,"DOSAGEM DO ANTÍGENO CA 125"
0202031225,I,I,0,1571,"EXAME LABORATORIAL PARA DOENÇA DE GAUCHER I"
0202031233,I,I,0,1571,"EXAME LABORATORIAL PARA DOENÇA DE GAUCHER II"
0202031241,I,I,0,1571,"GENOTIPAGEM DO HIV"
0202031276,I,I,0,1571,"DOSAGEM DE ADENOSINA-DESAMINASE (ADA)"
0202031284,I,I,108,731,"ANTIBETA 2 GLICOPROTEINA I -IGG"
0202031292,I,I,108,731,"DOSAGEM DE ANTI-BETA-2-GLICOPROTEÍNA I - IGM"
0202031306,I,I,0,1571,"DIAGNÓSTICO E REAVALIAÇÃO DE HEMOGLOBINÚRIA PAROXISTICA NOTURNA"
0202031314,I,I,0,1571,"DOSAGEM DE ANTICORPO ANTI-ACHR"
0202031322,I,I,216,1571,"DOSAGEM DE SIROLIMO"
0202031365,I,I,24,1571,"TESTE DE LIBERAÇÃO DE INTERFERON-GAMA PARA ILTB (IGRA)"
0202031373,I,I,0,35,"DOSAGEM DE ANTICORPOS ANTIGLIADINADEAMINADA IGG"
0202031381,I,I,12,1571,"TESTE TREPONÊMICO LABORATORIAL PARA DETECÇÃO DE SÍFILIS PARA POPULAÇÃO GERAL (EXCETO GESTANTE, PARCEIRO OU PARCERIA)"
0202031390,I,I,96,731,"TESTE TREPONÊMICO LABORATORIAL P/ DETECÇÃO DE SÍFILIS EM GESTANTE"
0202031403,I,I,96,1571,"TESTE TREPONÊMICO LABORATORIAL P/ DETECÇÃO DE SÍFILIS EM PARCEIRO OU PARCERIA DE GESTANTE"
0202031411,I,I,12,1571,"TESTE FTA-ABS TOTAL PARA DIAGNÓSTICO DA SÍFILIS PARA POPULAÇÃO GERAL (EXCETO GESTANTE, PARCEIRO OU PARCERIA)"
0202031420,I,I,96,731,"TESTE FTA-ABS TOTAL PARA DIAGNÓSTICO DA SÍFILIS EM GESTANTE"
0202031438,I,I,96,1571,"TESTE FTA-ABS TOTAL PARA DIAGNÓSTICO DA SÍFILIS EM PARCEIRO OU PARCERIA DE GESTANTE"
0202031446,I,I,0,1571,"PESQUISA LABORATORIAL DE ANTÍGENO DE SUPERFÍCIE DO VÍRUS DA HEPATITE B (HBSAG) PARA POPULAÇÃO GERAL (EXCETO GESTANTE, PARCEIRO OU PARCERIA)"
0202031454,I,I,96,731,"PESQUISA LABORATORIAL DE ANTÍGENO DE SUPERFÍCIE DO VÍRUS DA HEPATITE B (HBSAG) EM GESTANTE"
0202031462,I,I,96,1571,"PESQUISA LABORATORIAL DE ANTÍGENO DE SUPERFÍCIE DO VÍRUS DA HEPATITE B (HBSAG) EM PARCEIRO OU PARCERIA DE GESTANTE"
0202031470,I,I,12,1571,"PESQUISA LABORATORIAL DE ANTICORPOS CONTRA O VÍRUS DA HEPATITE C (ANTI-HCV) PARA POPULAÇÃO GERAL (EXCETO GESTANTE, PARCEIRO OU PARCERIA)"
0202031489,I,I,96,731,"PESQUISA LABORATORIAL DE ANTICORPOS CONTRA O VÍRUS DA HEPATITE C (ANTI-HCV) EM GESTANTE"
0202031497,I,I,96,1571,"PESQUISA LABORATORIAL DE ANTICORPOS CONTRA O VÍRUS DA HEPATITE C (ANTI-HCV) EM PARCEIRO OU PARCERIA DE GESTANTE"
0202031500,I,I,12,1571,"PESQUISA LABORATORIAL DE ANTÍGENOS DE HIV E/OU ANTICORPOS ANTI-HIV-1 OU ANTI-HIV-2 PARA POPULAÇÃO GERAL (EXCETO GESTANTE, PARCEIRO OU PARCERIA)"
0202031519,I,I,96,731,"PESQUISA LABORATORIAL DE ANTÍGENOS DE HIV OU ANTICORPOS ANTI-HIV-1 OU ANTI-HIV-2 EM GESTANTE"
0202031527,I,I,96,1571,"PESQUISA LABORATORIAL DE ANTÍGENOS DE HIV OU ANTICORPOS ANTI-HIV-1 OU ANTI-HIV-2 EM PARCEIRO E PARCERIA DE GESTANTE"
0202031535,I,I,12,1571,"PESQUISA LABORATORIAL DE ANTICORPOS ANTI-HTLV-1 + HTLV-2 PARA POPULAÇÃO GERAL (EXCETO GESTANTE, PARCEIRO OU PARCERIA)"
0202031543,I,I,96,731,"PESQUISA LABORATORIAL DE ANTICORPOS ANTI-HTLV-1 + HTLV-2 EM GESTANTE"
0202031551,I,I,96,1571,"PESQUISA LABORATORIAL DE ANTICORPOS ANTI-HTLV-1 + HTLV-2 EM PARCEIRO OU PARCERIA DE GESTANTE"
0202031560,I,I,0,1571,"DETECÇÃO DE DNA PROVIRAL DO HTLV-1 E DO HTLV-2 PARA POPULAÇÃO GERAL (EXCETO GESTANTE, PARCEIRO OU PARCERIA)"
0202031578,I,I,96,731,"DETECÇÃO DE DNA PROVIRAL DO HTLV-1 E DO HTLV-2 EM GESTANTE"
0202031586,I,I,96,1571,"DETECÇÃO DE DNA PROVIRAL DO HTLV-1 E DO HTLV-2 EM PARCEIRO OU PARCERIA DE GESTANTE"
0202031594,I,I,12,1571,"TESTE CONFIRMATÓRIO COM PESQUISA DE ANTICORPOS ANTI-HTLV-1 + ANTI-HTLV-2 PARA POPULAÇÃO GERAL (EXCETO GESTANTE, PARCEIRO OU PARCERIA)"
0202031608,I,I,96,731,"TESTE CONFIRMATÓRIO COM PESQUISA DE ANTICORPOS ANTI-HTLV-1 + ANTI-HTLV-2 EM GESTANTE"
0202031616,I,I,96,1571,"TESTE CONFIRMATÓRIO COM PESQUISA DE ANTICORPOS ANTI-HTLV-1 + ANTI-HTLV-2 EM PARCEIRO OU PARCERIA DE GESTANTE"
0202031624,I,I,96,1571,"TESTE NÃO TREPONÊMICO P/ DETECÇÃO DE SÍFILIS EM PARCEIRO OU PARCERIA DE GESTANTE"
0202040011,I,I,0,1571,"DOSAGEM DE ESTERCOBILINOGENIO FECAL"
0202040020,I,I,0,1571,"DOSAGEM DE GORDURA FECAL"
0202040038,I,I,0,1571,"EXAME COPROLOGICO FUNCIONAL"
0202040046,I,I,0,1571,"IDENTIFICACAO DE FRAGMENTOS DE HELMINTOS"
0202040054,I,I,0,1571,"PESQUISA DE ENTEROBIUS VERMICULARES (OXIURUS OXIURA)"
0202040062,I,I,0,1571,"PESQUISA DE EOSINOFILOS"
0202040070,I,I,0,1571,"PESQUISA DE GORDURA FECAL"
0202040089,I,I,0,1571,"PESQUISA DE LARVAS NAS FEZES"
0202040097,I,I,0,1571,"PESQUISA DE LEUCOCITOS NAS FEZES"
0202040100,I,I,0,1571,"PESQUISA DE LEVEDURAS NAS FEZES"
0202040119,I,I,0,1571,"PESQUISA DE OVOS DE SCHISTOSOMAS (EM FRAGMENTO DE MUCOSA)"
0202040127,I,I,0,1571,"PESQUISA DE OVOS E CISTOS DE PARASITAS"
0202040135,I,I,0,1571,"PESQUISA DE ROTAVIRUS NAS FEZES"
0202040143,I,I,0,1571,"PESQUISA DE SANGUE OCULTO NAS FEZES"
0202040151,I,I,0,1571,"PESQUISA DE SUBSTANCIAS REDUTORAS NAS FEZES"
0202040160,I,I,0,1571,"PESQUISA DE TRIPSINA NAS FEZES"
0202040178,I,I,0,1571,"PESQUISA DE TROFOZOITAS NAS FEZES"
0202040186,I,I,0,1571,"TESTE DE ELASTASE PANCREÁTICA FECAL"
0202050017,I,I,0,1571,"ANALISE DE CARACTERES FISICOS, ELEMENTOS E SEDIMENTO DA URINA"
0202050025,I,I,0,1571,"CLEARANCE DE CREATININA"
0202050033,I,I,0,1571,"CLEARANCE DE FOSFATO"
0202050041,I,I,0,1571,"CLEARANCE DE UREIA"
0202050050,I,I,0,1571,"CONTAGEM DE ADDIS"
0202050068,I,I,0,1571,"DETERMINACAO DE OSMOLALIDADE"
0202050076,I,I,0,1571,"IDENTIFICAÇÃO DE GLICÍDIOS URINÁRIOS POR CROMATOGRAFIA (CAMADA DELGADA)"
0202050084,I,I,0,1571,"DOSAGEM DE CITRATO"
0202050092,I,I,0,1571,"DOSAGEM DE MICROALBUMINA NA URINA"
0202050106,I,I,0,1571,"DOSAGEM DE OXALATO"
0202050114,I,I,0,1571,"DOSAGEM DE PROTEINAS (URINA DE 24 HORAS)"
0202050122,I,I,0,1571,"DOSAGEM E/OU FRACIONAMENTO DE ACIDOS ORGANICOS"
0202050130,I,I,0,1571,"EXAME QUALITATIVO DE CALCULOS URINARIOS"
0202050149,I,I,0,1571,"PESQUISA / DOSAGEM DE AMINOACIDOS (POR CROMATOGRAFIA)"
0202050157,I,I,0,1571,"PESQUISA DE ALCAPTONA NA URINA"
0202050165,I,I,0,1571,"PESQUISA DE AMINOACIDOS NA URINA"
0202050173,I,I,0,1571,"PESQUISA DE BETA-MERCAPTO-LACTATO-DISSULFIDURIA"
0202050181,I,I,0,1571,"PESQUISA DE CADEIAS LEVES KAPPA E LAMBDA"
0202050190,I,I,0,1571,"PESQUISA DE CISTINA NA URINA"
0202050203,I,I,0,1571,"PESQUISA DE COPROPORFIRINA NA URINA"
0202050211,I,I,0,1571,"PESQUISA DE ERROS INATOS DO METABOLISMO NA URINA"
0202050220,I,I,0,1571,"PESQUISA DE FENIL-CETONA NA URINA"
0202050238,I,I,0,1571,"PESQUISA DE FRUTOSE NA URINA"
0202050246,I,I,0,1571,"PESQUISA DE GALACTOSE NA URINA"
0202050254,I,I,0,1571,"PESQUISA DE GONADOTROFINA CORIONICA"
0202050262,I,I,0,1571,"PESQUISA DE HOMOCISTINA NA URINA"
0202050270,I,I,0,1571,"PESQUISA DE LACTOSE NA URINA"
0202050289,I,I,0,1571,"PESQUISA DE MUCOPOLISSACARIDEOS NA URINA"
0202050297,I,I,0,1571,"PESQUISA DE PORFOBILINOGENIO NA URINA"
0202050300,I,I,0,1571,"PESQUISA DE PROTEINAS URINARIAS (POR ELETROFORESE)"
0202050319,I,I,0,1571,"PESQUISA DE TIROSINA NA URINA"
0202050327,I,I,0,1571,"PROVA DE DILUICAO (URINA)"
0202060012,I,I,0,1571,"DETERMINAÇÃO DE ÍNDICE DE TIROXINA LIVRE"
0202060020,I,I,0,1571,"DETERMINAÇÃO DE RETENÇÃO DE T3"
0202060039,I,I,0,1571,"DETERMINAÇÃO DE T3 REVERSO"
0202060047,I,I,0,1571,"DOSAGEM DE 17-ALFA-HIDROXIPROGESTERONA"
0202060055,I,I,0,1571,"DOSAGEM DE 17-CETOSTEROIDES TOTAIS"
0202060063,I,I,0,1571,"DOSAGEM DE 17-HIDROXICORTICOSTEROIDES"
0202060071,I,I,0,1571,"DOSAGEM DE ACIDO 5-HIDROXI-INDOL-ACETICO (SEROTONINA)"
0202060080,I,I,0,1571,"DOSAGEM DE ADRENOCORTICOTROFICO (ACTH)"
0202060098,I,I,0,1571,"DOSAGEM DE ALDOSTERONA"
0202060101,I,I,0,1571,"DOSAGEM DE AMP CICLICO"
0202060110,I,I,0,1571,"DOSAGEM DE ANDROSTENEDIONA"
0202060128,I,I,0,1571,"DOSAGEM DE CALCITONINA"
0202060136,I,I,0,1571,"DOSAGEM DE CORTISOL"
0202060144,I,I,0,1571,"DOSAGEM DE DEHIDROEPIANDROSTERONA (DHEA)"
0202060152,I,I,0,1571,"DOSAGEM DE DIHIDROTESTOTERONA (DHT)"
0202060160,I,I,0,1571,"DOSAGEM DE ESTRADIOL"
0202060179,I,I,0,1571,"DOSAGEM DE ESTRIOL"
0202060187,I,I,0,1571,"DOSAGEM DE ESTRONA"
0202060195,I,I,0,1571,"DOSAGEM DE GASTRINA"
0202060209,I,I,0,1571,"DOSAGEM DE GLOBULINA TRANSPORTADORA DE TIROXINA"
0202060217,I,I,0,1571,"DOSAGEM DE GONADOTROFINA CORIONICA HUMANA (HCG, BETA HCG)"
0202060225,I,I,0,1571,"DOSAGEM DE HORMONIO DE CRESCIMENTO (HGH)"
0202060233,I,I,0,1571,"DOSAGEM DE HORMONIO FOLICULO-ESTIMULANTE (FSH)"
0202060241,I,I,0,1571,"DOSAGEM DE HORMONIO LUTEINIZANTE (LH)"
0202060250,I,I,0,1571,"DOSAGEM DE HORMONIO TIREOESTIMULANTE (TSH)"
0202060268,I,I,0,1571,"DOSAGEM DE INSULINA"
0202060276,I,I,0,1571,"DOSAGEM DE PARATORMONIO"
0202060284,I,I,0,1571,"DOSAGEM DE PEPTIDEO C"
0202060292,I,I,0,1571,"DOSAGEM DE PROGESTERONA"
0202060306,I,I,0,1571,"DOSAGEM DE PROLACTINA"
0202060314,I,I,0,1571,"DOSAGEM DE RENINA"
0202060322,I,I,0,1571,"DOSAGEM DE SOMATOMEDINA C (IGF1)"
0202060330,I,I,0,1571,"DOSAGEM DE SULFATO DE HIDROEPIANDROSTERONA (DHEAS)"
0202060349,I,I,0,1571,"DOSAGEM DE TESTOSTERONA"
0202060357,I,I,0,1571,"DOSAGEM DE TESTOSTERONA LIVRE"
0202060365,I,I,0,1571,"DOSAGEM DE TIREOGLOBULINA"
0202060373,I,I,0,1571,"DOSAGEM DE TIROXINA (T4)"
0202060381,I,I,0,1571,"DOSAGEM DE TIROXINA LIVRE (T4 LIVRE)"
0202060390,I,I,0,1571,"DOSAGEM DE TRIIODOTIRONINA (T3)"
0202060403,I,I,0,1571,"TESTE DE ESTIMULO DA PROLACTINA / TSH APOS TRH"
0202060411,I,I,0,1571,"TESTE DE ESTIMULO DA PROLACTINA APOS CLORPROMAZINA"
0202060420,I,I,0,1571,"TESTE DE ESTIMULO COM GNRH OU COM AGONISTA GNRH"
0202060438,I,I,0,1571,"TESTE DE ESTIMULO DO HGH APOS GLUCAGON"
0202060446,I,I,0,1571,"TESTE DE SUPRESSAO DO CORTISOL APOS DEXAMETASONA"
0202060454,I,I,0,1571,"TESTE DE SUPRESSAO DO HGH APOS GLICOSE"
0202060462,I,I,0,1571,"TESTE P/ INVESTIGACAO DO DIABETES INSIPIDUS"
0202060470,I,I,0,1571,"PESQUISA DE MACROPROLACTINA"
0202070018,I,I,0,1571,"DOSAGEM DE ACIDO DELTA-AMINOLEVULINICO"
0202070026,I,I,0,1571,"DOSAGEM DE ACIDO HIPURICO"
0202070034,I,I,0,1571,"DOSAGEM DE ACIDO MANDELICO"
0202070042,I,I,0,1571,"DOSAGEM DE ACIDO METIL-HIPURICO"
0202070050,I,I,0,1571,"DOSAGEM DE ACIDO VALPROICO"
0202070069,I,I,0,1571,"DOSAGEM DE ALA-DESIDRATASE"
0202070077,I,I,0,1571,"DOSAGEM DE ALCOOL ETILICO"
0202070085,I,I,0,1571,"DOSAGEM DE ALUMINIO"
0202070093,I,I,0,1571,"DOSAGEM DE AMINOGLICOSIDEOS"
0202070107,I,I,0,1571,"DOSAGEM DE ANFETAMINAS"
0202070115,I,I,0,1571,"DOSAGEM DE ANTIDEPRESSIVOS TRICICLICOS"
0202070123,I,I,0,1571,"DOSAGEM DE BARBITURATOS"
0202070131,I,I,0,1571,"DOSAGEM DE BENZODIAZEPINICOS"
0202070140,I,I,0,1571,"DOSAGEM DE CADMIO"
0202070158,I,I,0,1571,"DOSAGEM DE CARBAMAZEPINA"
0202070166,I,I,0,1571,"DOSAGEM DE CARBOXI-HEMOGLOBINA"
0202070174,I,I,0,1571,"DOSAGEM DE CHUMBO"
0202070182,I,I,0,1571,"DOSAGEM DE CICLOSPORINA"
0202070190,I,I,0,1571,"DOSAGEM DE COBRE"
0202070204,I,I,0,1571,"DOSAGEM DE DIGITALICOS (DIGOXINA, DIGITOXINA)"
0202070212,I,I,0,1571,"DOSAGEM DE ETOSSUXIMIDA"
0202070220,I,I,0,1571,"DOSAGEM DE FENITOINA"
0202070239,I,I,0,1571,"DOSAGEM DE FENOL"
0202070247,I,I,0,1571,"DOSAGEM DE FORMALDEIDO"
0202070255,I,I,0,1571,"DOSAGEM DE LITIO"
0202070263,I,I,0,1571,"DOSAGEM DE MERCURIO"
0202070271,I,I,0,1571,"DOSAGEM DE META-HEMOGLOBINA"
0202070280,I,I,0,1571,"DOSAGEM DE METABOLITOS DA COCAINA"
0202070298,I,I,0,1571,"DOSAGEM DE METOTREXATO"
0202070301,I,I,0,1571,"DOSAGEM DE QUINIDINA"
0202070310,I,I,0,1571,"DOSAGEM DE SALICILATOS"
0202070328,I,I,0,1571,"DOSAGEM DE SULFATOS"
0202070336,I,I,0,1571,"DOSAGEM DE TEOFILINA"
0202070344,I,I,0,1571,"DOSAGEM DE TIOCIANATO"
0202070352,I,I,0,1571,"DOSAGEM DE ZINCO"
0202080013,I,I,0,1571,ANTIBIOGRAMA
0202080021,I,I,0,1571,"ANTIBIOGRAMA C/ CONCENTRACAO INIBITORIA MINIMA"
0202080030,I,I,0,1571,"TESTE DE SENSIBILIDADE EM MEIO SÓLIDO PARA OS FÁRMACOS CONTRA MICOBACTERIAS"
0202080048,I,I,0,1571,"BACILOSCOPIA DIRETA P/ BAAR TUBERCULOSE (DIAGNÓSTICA)"
0202080056,I,I,0,1571,"BACILOSCOPIA DIRETA P/ BAAR (HANSENÍASE)"
0202080064,I,I,0,1571,"BACILOSCOPIA DIRETA P/ BAAR TUBERCULOS (CONTROLE)"
0202080072,I,I,0,1571,"BACTERIOSCOPIA (GRAM)"
0202080080,I,I,0,1571,"CULTURA DE BACTÉRIAS P/ IDENTIFICAÇÃO"
0202080099,I,I,120,599,"CULTURA DO LEITE HUMANO (POS-PASTEURIZAÇÃO)"
0202080102,I,I,0,1571,"CULTURA P/ HERPESVIRUS"
0202080110,I,I,0,1571,"CULTURA SÓLIDA PARA MICOBACTÉRIAS"
0202080129,I,I,0,1571,"CULTURA PARA BACTÉRIAS ANAEROBICAS"
0202080137,I,I,0,1571,"CULTURA PARA IDENTIFICACAO MORFOLÓGICA DE FUNGOS"
0202080145,I,I,0,1571,"EXAME MICROBIOLÓGICO A FRESCO (DIRETO)"
0202080153,I,I,0,1571,HEMOCULTURA
0202080161,I,I,0,1571,"IDENTIFICAÇÃO AUTOMATIZADA DE MICRO-ORGANISMOS"
0202080170,I,I,0,1571,"PEQUISA DE PNEUMOCYSTI CARINI"
0202080188,I,I,0,1571,"PESQUISA DE BACILO DIFTÉRICO"
0202080196,I,I,0,1571,"PESQUISA DE ESTREPTOCOCOS BETA-HEMOLÍTICOS DO GRUPO A"
0202080200,I,I,0,1571,"PESQUISA DE HAEMOPHILUS DUCREY"
0202080218,I,I,0,1571,"PESQUISA DE HELICOBACTER PYLORI"
0202080226,I,I,0,1571,"PESQUISA DE LEPTOSPIRAS"
0202080234,I,I,0,1571,"EXAMES DIRETOS PARA PESQUISA DE TREPONEMA PALLIDUM"
0202080242,N,N,,,"PROVA CONFIRMATÓRIA DA PRESENÇA DE MICRO-ORGANISMOS COLIFORMES"
0202080250,I,I,0,1571,"EXAME MICOLÓGICO DIRETO"
0202090019,I,I,0,1571,"ÁCIDO ÚRICO NO LÍQUIDO SINOVIAL E DERRAMES"
0202090027,I,I,0,1571,ADENOGRAMA
0202090035,I,I,0,1571,"CITOLOGIA P/ CLAMIDIA"
0202090043,I,I,0,1571,"CITOLOGIA P/ HERPESVIRUS"
0202090051,I,I,0,1571,"CONTAGEM ESPECÍFICA DE CÉLULAS NO LIQUOR"
0202090060,I,I,0,1571,"CONTAGEM GLOBAL DE CÉLULAS NO LÍQUOR"
0202090078,I,I,0,1571,"DETERMINAÇÃO DE FOSFOLIPIDIOS RELAÇÃO LECITINA - ESFINGOMIELINA NO LÍQUIDO AMNIÓTICO"
0202090086,I,I,120,599,"DOSAGEM DE CREATININA NO LÍQUIDO AMNIÓTICO"
0202090094,I,I,120,1571,"DOSAGEM DE FOSFATASE ALCALINA NO ESPERMA"
0202090108,I,I,0,1571,"DOSAGEM DE FRUTOSE"
0202090116,I,I,120,1571,"DOSAGEM DE FRUTOSE NO ESPERMA"
0202090124,I,I,0,1571,"DOSAGEM DE GLICOSE NO LÍQUIDO SINOVIAL E DERRAMES"
0202090132,I,I,0,1571,"DOSAGEM DE PROTEINAS NO LÍQUIDO SINOVIAL E DERRAMES"
0202090140,I,I,0,1571,"DOSAGEM DE SÓDIO E CLORO NO SUOR (C/ COLETA)"
0202090159,I,I,0,1571,"ELETROFORESE DE PROTEINAS C/ CONCENTRAÇÃO NO LIQUOR"
0202090167,I,I,120,599,"ESPECTROFOTOMETRIA NO LÍQUIDO AMNIÓTICO"
0202090175,I,I,0,1571,ESPLENOGRAMA
0202090183,I,I,0,1571,"EXAME DE CARACTERES FÍSICOS CONTAGEM GLOBAL E ESPECÍFICA DE CÉLULAS"
0202090191,I,I,0,1571,MIELOGRAMA
0202090213,I,I,120,1571,"PESQUISA DE ANTICORPOS ANTIESPERMATOZOIDES ( ELISA )"
0202090221,M,M,120,1571,"DOSAGEM DE FOSFATASE ÁCIDA NO ESPERMA"
0202090230,I,I,0,1571,"PESQUISA DE CARACTERES FÍSICOS NO LIQUOR"
0202090248,I,I,0,1571,"PESQUISA DE CÉLULAS ORANGIOFILAS"
0202090256,I,I,0,1571,"PESQUISA DE CRISTAIS C/ LUZ POLARIZADA"
0202090264,I,I,0,1571,ESPERMOGRAMA
0202090272,I,I,0,1571,"PESQUISA DE RAGOCITOS NO LÍQUIDO SINOVIAL E DERRAMES"
0202090280,I,I,120,1571,"PROVA DE PROGRESSÃO ESPERMÁTICA (CADA)"
0202090299,I,I,0,1571,"PROVA DO LATEX P/ HAEMOPHILLUS INFLUENZAE, STREPTOCOCCUS PNEUMONIAE, NEISSERIA MENINGITIDIS (SOROTIPOS A, B, C)"
0202090302,I,I,0,1571,"PROVA DO LATEX P/ PESQUISA DO FATOR REUMATOIDE"
0202090310,I,I,0,1571,"REAÇÃO DE PANDY"
0202090329,I,I,0,1571,"REAÇÃO DE RIVALTA NO LÍQUIDO SINOVIAL E DERRAMES"
0202090337,I,I,0,1571,"TESTE DE CLEMENTS"
0202090345,I,I,0,1571,"TESTE DE GASTROACIDOGRAMA - SECREÇÃO BASAL POR 60 EM 4 AMOSTRAS"
0202090353,I,I,0,1571,"TESTE DE HOLLANDER NO SUCO GASTRICO"
0202090361,I,I,0,1571,"TESTE MOLECULAR PARA A DETECÇÃO DO COMPLEXO MYCOBACTERIUM TUBERCULOSIS"
0202100014,I,I,0,1571,"DETERMINACAO DE CARIOTIPO EM CULTURA DE LONGA DURACAO (C/ TECNICA DE BANDAS)"
0202100022,I,I,0,1571,"DETERMINACAO DE CARIOTIPO EM MEDULA OSSEA E VILOSIDADES CORIONICAS (C/ TECNICA DE BANDAS)"
0202100030,I,I,0,1571,"DETERMINACAO DE CARIOTIPO EM SANGUE PERIFERICO (C/ TECNICA DE BANDAS)"
0202100049,I,I,192,1571,"QUANTIFICAÇÃO/AMPLIFICAÇÃO DO HER-2"
0202100057,I,I,0,1571,"FOCALIZAÇÃO ISOELÉTRICA DA TRANSFERRINA"
0202100065,I,I,0,1571,"ANÁLISE DE DNA PELA TÉCNICA DE SOUTHERN BLOT"
0202100073,I,I,0,1571,"ANÁLISE DE DNA POR MLPA"
0202100081,I,I,0,1571,"IDENTIFICAÇÃO DE MUTAÇÃO/REARRANJOS POR PCR, PCR SENSÍVEL A METILAÇÃO, qPCR E qPCR SENSÍVEL A METILAÇÃO"
0202100090,I,I,0,1571,"FISH EM METÁFASE OU NÚCLEO INTERFÁSICO, POR DOENÇA"
0202100103,I,I,0,1571,"IDENTIFICAÇÃO DE ALTERAÇÃO CROMOSSÔNICA SUBMICROSCÓPICA POR ARRAY-CGH"
0202100111,I,I,0,1571,"IDENTIFICAÇÂO DE MUTAÇÃO POR SEQUENCIAMENTO POR AMPLICON ATÉ 500 PARES DE BASES"
0202100120,I,I,0,1571,"IDENTIFICAÇÃO DE GLICOSAMINOGLICANOS URINÁRIOS POR CROMATOGRAFIA EM CAMADA DELGADA , ELETROFORESE E DOSAGEM QUANTITATIVA"
0202100138,I,I,0,1571,"IDENTIFICAÇÃO DE OLIGOSSACARÍDEOS E SIALOSSACARÍDEOS POR CROMATOGRAFIA (CAMADA DELGADA)"
0202100146,I,I,0,1571,"DOSAGEM QUANTITATIVA DE CARNITINA, PERFIL DE ACILCARNITINAS"
0202100154,I,I,0,1571,"DOSAGEM QUANTITATIVA DE AMINOÁCIDOS"
0202100162,I,I,0,1571,"DOSAGEM QUANTITATIVA DE ÁCIDOS ORGÂNICOS"
0202100170,I,I,0,1571,"ENSAIOS ENZIMÁTICOS NO PLASMA E LEUCÓCITOS PARA DIAGNÓSTICO DE ERROS INATOS DO METABOLISMO"
0202100189,I,I,0,1571,"ENSAIOS ENZIMÁTICOS EM ERITRÓCITOS PARA DIAGNÓSTICO DE ERROS INATOS DO METABOLISMO"
0202100197,I,I,0,1571,"ENSAIOS ENZIMÁTICOS EM TECIDO CULTIVADO PARA DIAGNÓSTICO DE ERROS INATOS DO METABOLISMO"
0202100200,I,I,0,1571,"SEQUENCIAMENTO COMPLETO DO EXOMA"
0202100219,I,I,0,1571,"DIAGNÓSTICO DE LEUCEMIA CROMOSSOMA PHILADELPHIA POSITIVO POR TÉCNICA MOLECULAR"
0202100227,I,I,0,1571,"REAVALIAÇÃO DIAGNÓSTICA DE LEUCEMIA CROMOSSOMA PHILADELPHIA POSITIVO POR TÉCNICA MOLECULAR"
0202100235,I,I,108,731,"PESQUISA DE MUTAÇÃO DO GENE DA PROTROMBINA"
0202100243,I,I,228,1571,"TESTE CITOGENÈTICO POR HIBRIDIZAÇÃO IN SITU POR FLUORESCÊNCIA (FISH) PARA MIELOMA MÚLTIPLO"
0202100251,I,I,300,779,"EXAME MOLECULAR DE DETECÇÂO DE HPV"
0202110010,N,N,,,"DETECÇÃO DE VARIANTES DA HEMOGLOBINA (DIAGNÓSTICO TARDIO)"
0202110028,N,N,,,"DETECÇÃO MOLECULAR DE MUTAÇÃO EM HEMOGLOBINOPATIAS (CONFIRMATORIO)"
0202110036,N,N,,,"DETECÇÃO MOLECULAR EM FIBROSE CÍSTICA (CONFIRMATORIO)"
0202110044,N,N,,,"DOSAGEM DE FENILALANINA (CONTROLE / DIAGNÓSTICO TARDIO)"
0202110052,N,N,,,"DOSAGEM DE FENILALANINA E TSH OU T4"
0202110060,N,N,,,"DOSAGEM DE FENILALANINA TSH OU T4 E DETECÇÃO DA VARIANTE DE HEMOGLOBINA (COMPONENTE DO TESTE DO PEZINHO)"
0202110079,N,N,,,"DOSAGEM DE TRIPSINA IMUNORREATIVA (COMPONENTE DO TESTE DO PEZINHO)"
0202110087,N,N,,,"DOSAGEM DE TSH E T4 LIVRE (CONTROLE / DIAGNÓSTICO TARDIO)"
0202110095,N,N,,,"DOSAGEM DE 17 HIDROXI PROGESTERONA EM PAPEL DE FILTRO (COMPONENTE DO TESTE DO PEZINHO)"
0202110109,N,N,,,"DOSAGEM DA ATIVIDADE DA BIOTINIDASE EM AMOSTRAS DE SANGUE EM PAPEL DE FILTRO (COMPONENTE DO TESTE DO PEZINHO)"
0202110117,N,N,,,"DOSAGEM QUANTITATIVA DA ATIVIDADE DA BIOTINIDASE EM AMOSTRAS DE SORO"
0202110125,N,N,,,"DETECÇÃO MOLECULAR DE MUTAÇÃO EM HIPERPLASIA ADRENAL CONGÊNITA"
0202110133,N,N,,,"DETECÇÃO MOLECULAR DE MUTAÇÃO EM DEFICIÊNCIA DE BIOTINIDASE"
0202110141,N,N,,,"DOSAGEM DE CLORETO NO SUOR"
0202110150,N,N,,,"PESQUISA DE IGM ANTI-TOXOPLASMA GONDII EM SANGUE SECO (COMPONENTE DO TESTE DO PEZINHO)"
0202120015,I,I,0,1571,"DETERMINACAO DE ANTICORPOS ANTIPLAQUETARIOS"
0202120023,I,I,0,1571,"DETERMINACAO DIRETA E REVERSA DE GRUPO ABO"
0202120031,I,I,0,1571,"FENOTIPAGEM DE SISTEMA RH - HR"
0202120040,I,I,0,1571,"IDENTIFICACAO DE ANTICORPOS SERICOS IRREGULARES C/ PAINEL DE HEMACIAS"
0202120058,I,I,0,1571,"PESQUISA DE ANTICORPOS IRREGULARES PELO METODO DA ELUICAO"
0202120066,I,I,0,1571,"PESQUISA DE ANTICORPOS SERICOS IRREGULARES 37OC"
0202120074,I,I,0,1571,"PESQUISA DE ANTICORPOS SERICOS IRREGULARES A FRIO"
0202120082,I,I,0,1571,"PESQUISA DE FATOR RH (INCLUI D FRACO)"
0202120090,I,I,0,1571,"TESTE INDIRETO DE ANTIGLOBULINA HUMANA (TIA)"
0202120104,I,I,0,1571,"TITULACAO DE ANTICORPOS ANTI A E/OU ANTI B"
0203010019,I,I,120,1571,"EXAME CITOPATOLÓGICO CERVICO-VAGINAL/MICROFLORA"
0203010027,I,I,0,1571,"EXAME CITOPATOLOGICO HORMONAL SERIADO (MINIMO 3 COLETAS)"
0203010035,I,I,0,1571,"EXAME DE CITOLOGIA (EXCETO CERVICO-VAGINAL E DE MAMA)"
0203010043,I,I,192,1571,"EXAME CITOPATOLOGICO DE MAMA"
0203010078,I,I,120,1571,"CONTROLE DE QUALIDADE DO EXAME CITOPATOLÓGICO CERVICO VAGINAL"
0203010086,I,I,300,779,"EXAME CITOPATOLÓGICO CERVICO VAGINAL/MICROFLORA-RASTREAMENTO"
0203020014,I,I,228,1571,"DETERMINACAO DE RECEPTORES TUMORAIS HORMONAIS"
0203020022,I,I,144,1571,"EXAME ANATOMO-PATOLOGICO DO COLO UTERINO - PECA CIRURGICA"
0203020030,I,I,0,1571,"EXAME ANATOMO-PATOLÓGICO PARA CONGELAMENTO / PARAFINA POR PEÇA CIRURGICA OU POR BIOPSIA (EXCETO COLO UTERINO E MAMA)"
0203020049,I,I,0,1571,"IMUNOHISTOQUIMICA DE NEOPLASIAS MALIGNAS (POR MARCADOR)"
0203020057,I,I,0,1571,NECROPSIA
0203020065,I,I,192,1571,"EXAME ANATOMOPATOLOGICO DE MAMA - BIOPSIA"
0203020073,I,I,192,1571,"EXAME ANATOMOPATOLOGICO DE MAMA - PECA CIRURGICA"
0203020081,I,I,144,1571,"EXAME ANATOMO-PATOLOGICO DO COLO UTERINO - BIOPSIA"
0204010012,I,I,0,1571,DACRIOCISTOGRAFIA
0204010020,I,I,0,1571,"PLANIGRAFIA DE LARINGE"
0204010039,I,I,0,1571,"RADIOGRAFIA BILATERAL DE ORBITAS (PA + OBLIQUAS + HIRTZ)"
0204010047,I,I,0,1571,"RADIOGRAFIA DE ARCADA ZIGOMATICO-MALAR (AP+ OBLIQUAS)"
0204010055,I,I,0,1571,"RADIOGRAFIA DE ARTICULACAO TEMPORO-MANDIBULAR BILATERAL"
0204010063,I,I,0,1571,"RADIOGRAFIA DE CAVUM (LATERAL + HIRTZ)"
0204010071,I,I,0,1571,"RADIOGRAFIA DE CRANIO (PA + LATERAL + OBLÍQUA / BRETTON + HIRTZ)"
0204010080,I,I,0,1571,"RADIOGRAFIA DE CRANIO (PA + LATERAL)"
0204010098,I,I,0,1571,"RADIOGRAFIA DE LARINGE"
0204010101,I,I,0,1571,"RADIOGRAFIA DE MASTOIDE / ROCHEDOS (BILATERAL)"
0204010110,I,I,0,1571,"RADIOGRAFIA DE MAXILAR (PA + OBLIQUA)"
0204010128,I,I,0,1571,"RADIOGRAFIA DE OSSOS DA FACE (MN + LATERAL + HIRTZ)"
0204010136,I,I,0,1571,"RADIOGRAFIA DE REGIAO ORBITARIA (LOCALIZACAO DE CORPO ESTRANHO)"
0204010144,I,I,0,1571,"RADIOGRAFIA DE SEIOS DA FACE (FN + MN + LATERAL + HIRTZ)"
0204010152,I,I,0,1571,"RADIOGRAFIA DE SELA TURSICA (PA + LATERAL + BRETTON)"
0204010160,I,I,0,1571,"RADIOGRAFIA OCLUSAL"
0204010179,I,I,0,1571,"RADIOGRAFIA PANORAMICA"
0204010195,I,I,0,1571,"SIALOGRAFIA (POR GLANDULA)"
0204010209,I,I,0,1571,"TELERADIOGRAFIA COM TRACADOS E SEM TRACADOS"
0204010217,I,I,0,1571,"RADIOGRAFIA INTERPROXIMAL (BITE WING)"
0204010225,I,I,6,1571,"RADIOGRAFIA PERIAPICAL"
0204020018,I,I,0,1571,MIELOGRAFIA
0204020026,I,I,0,1571,"PLANIGRAFIA DE COLUNA VERTEBRAL"
0204020034,I,I,0,1571,"RADIOGRAFIA DE COLUNA CERVICAL (AP + LATERAL + TO + OBLIQUAS)"
0204020042,I,I,0,1571,"RADIOGRAFIA DE COLUNA CERVICAL (AP + LATERAL + TO / FLEXAO)"
0204020050,I,I,0,1571,"RADIOGRAFIA DE COLUNA CERVICAL FUNCIONAL / DINAMICA"
0204020069,I,I,0,1571,"RADIOGRAFIA DE COLUNA LOMBO-SACRA"
0204020077,I,I,0,1571,"RADIOGRAFIA DE COLUNA LOMBO-SACRA (C/ OBLIQUAS)"
0204020085,I,I,0,1571,"RADIOGRAFIA DE COLUNA LOMBO-SACRA FUNCIONAL / DINAMICA"
0204020093,I,I,0,1571,"RADIOGRAFIA DE COLUNA TORACICA (AP + LATERAL)"
0204020107,I,I,0,1571,"RADIOGRAFIA DE COLUNA TORACO-LOMBAR"
0204020115,I,I,0,1571,"RADIOGRAFIA DE COLUNA TORACO-LOMBAR DINAMICA"
0204020123,I,I,0,1571,"RADIOGRAFIA DE REGIAO SACRO-COCCIGEA"
0204020131,I,I,0,1571,"RADIOGRAFIA PANORAMICA DE COLUNA TOTAL- TELESPONDILOGRAFIA ( P/ ESCOLIOSE)"
0204030013,I,I,0,1571,"BRONCOGRAFIA UNILATERAL"
0204030021,I,I,192,1571,"DUCTOGRAFIA (POR MAMA)"
0204030030,I,I,120,1571,MAMOGRAFIA
0204030048,I,I,192,1571,"MARCACAO PRE-CIRURGICA DE LESAO NAO PALPAVEL DE MAMA ASSOCIADA A MAMOGRAFIA"
0204030056,I,I,0,1571,"RADIOGRAFIA DE CORACAO E VASOS DA BASE (PA + LATERAL + OBLIQUA)"
0204030064,I,I,0,1571,"RADIOGRAFIA DE CORACAO E VASOS DA BASE (PA + LATERAL)"
0204030072,I,I,0,1571,"RADIOGRAFIA DE COSTELAS (POR HEMITORAX)"
0204030080,I,I,0,1571,"RADIOGRAFIA DE ESOFAGO"
0204030099,I,I,0,1571,"RADIOGRAFIA DE ESTERNO"
0204030102,I,I,0,1571,"RADIOGRAFIA DE MEDIASTINO (PA E PERFIL)"
0204030110,I,I,0,1571,"RADIOGRAFIA DE PNEUMOMEDIASTINO"
0204030129,I,I,0,1571,"RADIOGRAFIA DE TORAX (APICO-LORDORTICA)"
0204030137,I,I,0,1571,"RADIOGRAFIA DE TÓRAX (PA + INSPIRAÇÃO + EXPIRAÇÃO + LATERAL)"
0204030145,I,I,0,1571,"RADIOGRAFIA DE TORAX (PA + LATERAL + OBLIQUA)"
0204030153,I,I,0,1571,"RADIOGRAFIA DE TORAX (PA E PERFIL)"
0204030161,I,I,0,1571,"RADIOGRAFIA DE TORAX (PA PADRAO OIT)"
0204030170,I,I,0,1571,"RADIOGRAFIA DE TORAX (PA)"
0204030188,I,I,420,1571,"MAMOGRAFIA BILATERAL PARA RASTREAMENTO"
0204040019,I,I,0,1571,"RADIOGRAFIA DE ANTEBRACO"
0204040027,I,I,0,1571,"RADIOGRAFIA DE ARTICULACAO ACROMIO-CLAVICULAR"
0204040035,I,I,0,1571,"RADIOGRAFIA DE ARTICULACAO ESCAPULO-UMERAL"
0204040043,I,I,0,1571,"RADIOGRAFIA DE ARTICULACAO ESTERNO-CLAVICULAR"
0204040051,I,I,0,1571,"RADIOGRAFIA DE BRACO"
0204040060,I,I,0,1571,"RADIOGRAFIA DE CLAVICULA"
0204040078,I,I,0,1571,"RADIOGRAFIA DE COTOVELO"
0204040086,I,I,0,1571,"RADIOGRAFIA DE DEDOS DA MAO"
0204040094,I,I,0,1571,"RADIOGRAFIA DE MAO"
0204040108,I,I,0,1571,"RADIOGRAFIA DE MAO E PUNHO (P/ DETERMINACAO DE IDADE OSSEA)"
0204040116,I,I,0,1571,"RADIOGRAFIA DE ESCAPULA/OMBRO (TRES POSICOES)"
0204040124,I,I,0,1571,"RADIOGRAFIA DE PUNHO (AP + LATERAL + OBLIQUA)"
0204050014,I,I,0,1571,"CLISTER OPACO C/ DUPLO CONTRASTE"
0204050022,I,I,0,1571,"COLANGIOGRAFIA PER-OPERATORIA"
0204050030,I,I,0,1571,"COLANGIOGRAFIA POS-OPERATORIA"
0204050049,I,I,0,1571,"DUODENOGRAFIA HIPOTONICA"
0204050057,I,I,0,1571,FISTULOGRAFIA
0204050065,I,I,0,1571,HISTEROSSALPINGOGRAFIA
0204050073,I,I,0,1571,"PIELOGRAFIA ANTEROGRADA PERCUTANEA"
0204050081,I,I,0,1571,"PIELOGRAFIA ASCENDENTE"
0204050090,I,I,0,1571,"PLANIGRAFIA DE RIM C/ CONTRASTE"
0204050103,I,I,0,1571,"PLANIGRAFIA DE RIM S/ CONTRASTE"
0204050111,I,I,0,1571,"RADIOGRAFIA DE ABDOMEN (AP + LATERAL / LOCALIZADA)"
0204050120,I,I,0,1571,"RADIOGRAFIA DE ABDOMEN AGUDO (MINIMO DE 3 INCIDENCIAS)"
0204050138,I,I,0,1571,"RADIOGRAFIA DE ABDOMEN SIMPLES (AP)"
0204050146,I,I,0,1571,"RADIOGRAFIA DE ESTOMAGO E DUODENO"
0204050154,I,I,0,1571,"RADIOGRAFIA DE INTESTINO DELGADO (TRANSITO)"
0204050162,N,N,0,1571,"RADIOGRAFIA P/ ESTUDO DO DELGADO C/ DUPLO CONTRASTE (ENTEROCLISE)"
0204050170,I,I,0,1571,URETROCISTOGRAFIA
0204050189,I,I,0,1571,"UROGRAFIA VENOSA"
0204060010,I,I,0,1571,ARTROGRAFIA
0204060028,I,I,0,1571,"DENSITOMETRIA OSSEA DUO-ENERGETICA DE COLUNA (VERTEBRAS LOMBARES E/OU FEMUR)"
0204060036,I,I,0,1571,ESCANOMETRIA
0204060044,I,I,0,1571,"PLANIGRAFIA DE OSSO - SUBSIDIARIA A OUTROS EXAMES (POR PLANO)"
0204060052,I,I,0,1571,"PLANIGRAFIA DE OSSO EM 2 PLANOS"
0204060060,I,I,0,1571,"RADIOGRAFIA DE ARTICULACAO COXO-FEMORAL"
0204060079,I,I,0,1571,"RADIOGRAFIA DE ARTICULACAO SACRO-ILIACA"
0204060087,I,I,0,1571,"RADIOGRAFIA DE ARTICULACAO TIBIO-TARSICA"
0204060095,I,I,0,1571,"RADIOGRAFIA DE BACIA"
0204060109,I,I,0,1571,"RADIOGRAFIA DE CALCANEO"
0204060117,I,I,0,1571,"RADIOGRAFIA DE COXA"
0204060125,I,I,0,1571,"RADIOGRAFIA DE JOELHO (AP + LATERAL)"
0204060133,I,I,0,1571,"RADIOGRAFIA DE JOELHO OU PATELA (AP + LATERAL + AXIAL)"
0204060141,I,I,0,1571,"RADIOGRAFIA DE JOELHO OU PATELA (AP + LATERAL + OBLIQUA + 3 AXIAIS)"
0204060150,I,I,0,1571,"RADIOGRAFIA DE PE / DEDOS DO PE"
0204060168,I,I,0,1571,"RADIOGRAFIA DE PERNA"
0204060176,I,I,0,1571,"RADIOGRAFIA PANORAMICA DE MEMBROS INFERIORES"
0205010016,I,I,0,1571,"ECOCARDIOGRAFIA DE ESTRESSE"
0205010024,I,I,0,1571,"ECOCARDIOGRAFIA TRANSESOFAGICA"
0205010032,I,I,0,1571,"ECOCARDIOGRAFIA TRANSTORACICA"
0205010040,I,I,0,1571,"ULTRASSONOGRAFIA DOPPLER COLORIDO DE VASOS"
0205010059,I,I,96,731,"ULTRASSONOGRAFIA DOPPLER DE FLUXO OBSTETRICO"
0205020011,I,I,0,1571,"ECODOPPLER TRANSCRANIANO"
0205020020,I,I,0,1571,"PAQUIMETRIA ULTRASSÔNICA"
0205020038,I,I,0,1571,"ULTRASSONOGRAFIA DE ABDÔMEN SUPERIOR"
0205020046,I,I,0,1571,"ULTRASSONOGRAFIA DE ABDOMEN TOTAL"
0205020054,I,I,0,1571,"ULTRASSONOGRAFIA DE APARELHO URINÁRIO"
0205020062,I,I,0,1571,"ULTRASSONOGRAFIA DE ARTICULACAO"
0205020070,I,I,0,1571,"ULTRASSONOGRAFIA DE BOLSA ESCROTAL"
0205020089,I,I,0,1571,"ULTRASSONOGRAFIA DE GLOBO OCULAR / ORBITA (MONOCULAR)"
0205020097,I,I,120,1571,"ULTRASSONOGRAFIA MAMARIA BILATERAL"
0205020100,I,I,120,1571,"ULTRASSONOGRAFIA DE PROSTATA POR VIA ABDOMINAL"
0205020119,I,I,120,1571,"ULTRASSONOGRAFIA DE PROSTATA (VIA TRANSRETAL)"
0205020127,I,I,0,1571,"ULTRASSONOGRAFIA DE TIREOIDE"
0205020135,I,I,0,1571,"ULTRASSONOGRAFIA DE TORAX (EXTRACARDIACA)"
0205020143,I,I,96,731,"ULTRASSONOGRAFIA OBSTETRICA"
0205020151,I,I,96,731,"ULTRASSONOGRAFIA OBSTETRICA C/ DOPPLER COLORIDO E PULSADO"
0205020160,I,I,0,1571,"ULTRASSONOGRAFIA PELVICA (GINECOLOGICA)"
0205020178,I,I,0,59,"ULTRASSONOGRAFIA TRANSFONTANELA"
0205020186,I,I,108,1571,"ULTRASSONOGRAFIA TRANSVAGINAL"
0205020194,I,I,228,1571,"MARCACAO DE LESAO PRE-CIRURGICA DE LESAO NAO PALPAVEL DE MAMA ASSOCIADA A ULTRASSONOGRAFIA"
0205020224,I,I,0,1571,"ELASTOGRAFIA HEPÁTICA ULTRASSÔNICA"
0206010010,I,I,0,1571,"TOMOGRAFIA COMPUTADORIZADA DE COLUNA CERVICAL C/ OU S/ CONTRASTE"
0206010028,I,I,0,1571,"TOMOGRAFIA COMPUTADORIZADA DE COLUNA LOMBO-SACRA C/ OU S/ CONTRASTE"
0206010036,I,I,0,1571,"TOMOGRAFIA COMPUTADORIZADA DE COLUNA TORACICA C/ OU S/ CONTRASTE"
0206010044,I,I,0,1571,"TOMOGRAFIA COMPUTADORIZADA DE FACE / SEIOS DA FACE / ARTICULACOES TEMPORO-MANDIBULARES"
0206010052,I,I,0,1571,"TOMOGRAFIA COMPUTADORIZADA DO PESCOCO"
0206010060,I,I,0,1571,"TOMOGRAFIA COMPUTADORIZADA DE SELA TURCICA"
0206010079,I,I,0,1571,"TOMOGRAFIA COMPUTADORIZADA DO CRANIO"
0206010087,I,I,0,1571,"TOMOMIELOGRAFIA COMPUTADORIZADA"
0206010095,I,I,0,1571,"TOMOGRAFIA POR EMISSÃO DE PÓSITRONS (PET-CT)"
0206020015,I,I,0,1571,"TOMOGRAFIA COMPUTADORIZADA DE ARTICULACOES DE MEMBRO SUPERIOR"
0206020023,I,I,0,1571,"TOMOGRAFIA COMPUTADORIZADA DE SEGMENTOS APENDICULARES - (BRACO, ANTEBRAÇO, MÃO, COXA, PERNA, PÉ)"
0206020031,I,I,0,1571,"TOMOGRAFIA COMPUTADORIZADA DE TORAX"
0206020040,I,I,0,1571,"TOMOGRAFIA DE HEMITORAX, PULMÃO OU DO MEDIASTINO"
0206030010,I,I,0,1571,"TOMOGRAFIA COMPUTADORIZADA DE ABDOMEN SUPERIOR"
0206030029,I,I,0,1571,"TOMOGRAFIA COMPUTADORIZADA DE ARTICULACOES DE MEMBRO INFERIOR"
0206030037,I,I,0,1571,"TOMOGRAFIA COMPUTADORIZADA DE PELVE / BACIA / ABDOMEN INFERIOR"
0206030045,I,I,0,1571,"CONTRASTE PARA TOMOGRAFIA COMPUTADORIZADA"
0206030053,I,I,0,1571,"CONTRASTE PARA RESSONÂNCIA MAGNÉTICA"
0207010013,I,I,0,1571,"ANGIORESSONANCIA CEREBRAL"
0207010021,I,I,0,1571,"RESSONANCIA MAGNETICA DE ARTICULACAO TEMPORO-MANDIBULAR (BILATERAL)"
0207010030,I,I,0,1571,"RESSONANCIA MAGNETICA DE COLUNA CERVICAL/PESCOÇO"
0207010048,I,I,0,1571,"RESSONANCIA MAGNETICA DE COLUNA LOMBO-SACRA"
0207010056,I,I,0,1571,"RESSONANCIA MAGNETICA DE COLUNA TORACICA"
0207010064,I,I,0,1571,"RESSONANCIA MAGNETICA DE CRANIO"
0207010072,I,I,0,1571,"RESSONANCIA MAGNETICA DE SELA TURCICA"
0207020019,I,I,0,1571,"RESSONANCIA MAGNETICA DE CORACAO / AORTA C/ CINE"
0207020027,I,I,0,1571,"RESSONANCIA MAGNETICA DE MEMBRO SUPERIOR (UNILATERAL)"
0207020035,I,I,0,1571,"RESSONANCIA MAGNETICA DE TORAX"
0207020060,I,I,0,1571,"RESSONÂNCIA MAGNÉTICA DA MAMA"
0207030014,I,I,0,1571,"RESSONANCIA MAGNETICA DE ABDOMEN SUPERIOR"
0207030022,I,I,0,1571,"RESSONANCIA MAGNETICA DE BACIA / PELVE / ABDOMEN INFERIOR"
0207030030,I,I,0,1571,"RESSONANCIA MAGNETICA DE MEMBRO INFERIOR (UNILATERAL)"
0207030049,I,I,0,1571,"RESSONANCIA MAGNETICA DE VIAS BILIARES/COLANGIORRESSONANCIA"
0207030057,M,M,0,1571,"RESSONÂNCIA MAGNÉTICA MULTIPARAMÉTRICA DA PRÓSTATA"
0208010017,I,I,0,1571,"CINTILOGRAFIA DE CORACAO C/ GALIO 67"
0208010025,I,I,0,1571,"CINTILOGRAFIA DE MIOCARDIO P/ AVALIACAO DA PERFUSAO EM SITUACAO DE ESTRESSE (MINIMO 3 PROJECOES)"
0208010033,I,I,0,1571,"CINTILOGRAFIA DE MIOCARDIO P/ AVALIACAO DA PERFUSAO EM SITUACAO DE REPOUSO (MINIMO 3 PROJECOES)"
0208010041,I,I,0,1571,"CINTILOGRAFIA DE MIOCARDIO P/ LOCALIZACAO DE NECROSE (MINIMO 3 PROJECOES )"
0208010050,I,I,0,1571,"CINTILOGRAFIA P/ AVALIACAO DE FLUXO SANGUINEO DE EXTREMIDADES"
0208010068,I,I,0,1571,"CINTILOGRAFIA P/ QUANTIFICACAO DE SHUNT EXTRACARDIACO"
0208010076,I,I,0,1571,"CINTILOGRAFIA SINCRONIZADA DE CAMARAS CARDIACAS EM SITUACAO DE ESFORCO"
0208010084,I,I,0,1571,"CINTILOGRAFIA SINCRONIZADA DE CAMARAS CARDIACAS EM SITUACAO DE REPOUSO (VENTRICULOGRAFIA)"
0208010092,I,I,0,1571,"DETERMINACAO DE FLUXO SANGUINEO REGIONAL"
0208020012,I,I,0,1571,"CINTILOGRAFIA DE FIGADO E BACO (MINIMO 5 IMAGENS)"
0208020020,I,I,0,1571,"CINTILOGRAFIA DE FIGADO E VIAS BILIARES"
0208020039,I,I,0,1571,"CINTILOGRAFIA DE GLANDULAS SALIVARES C/ OU S/ ESTIMULO"
0208020047,I,I,0,1571,"CINTILOGRAFIA DE PANCREAS"
0208020055,I,I,0,1571,"CINTILOGRAFIA P/ ESTUDO DE TRANSITO ESOFAGICO (LIQUIDO)"
0208020063,I,I,0,1571,"CINTILOGRAFIA P/ ESTUDO DE TRANSITO ESOFAGICO (SEMI-SOLIDO)"
0208020071,I,I,0,1571,"CINTILOGRAFIA P/ ESTUDO DE TRANSITO GASTRICO"
0208020080,I,I,0,1571,"CINTILOGRAFIA P/ PESQUISA DE DIVERTICULOSE DE MECKEL"
0208020098,I,I,0,1571,"CINTILOGRAFIA P/ PESQUISA DE HEMORRAGIA DIGESTIVA ATIVA"
0208020101,I,I,0,1571,"CINTILOGRAFIA P/ PESQUISA DE HEMORRAGIA DIGESTIVA NAO ATIVA"
0208020110,I,I,0,1571,"CINTILOGRAFIA P/ PESQUISA DE REFLUXO GASTRO-ESOFAGICO"
0208020128,I,I,0,1571,"IMUNO-CINTILOGRAFIA (ANTICORPO MONOCLONAL)"
0208030018,I,I,0,1571,"CINTILOGRAFIA DE PARATIREOIDES"
0208030026,I,I,0,1571,"CINTILOGRAFIA DE TIREÓIDE COM OU SEM CAPTAÇÃO"
0208030034,I,I,0,1571,"CINTILOGRAFIA DE TIREOIDE C/ TESTE DE SUPRESSAO / ESTIMULO"
0208030042,I,I,0,1571,"CINTILOGRAFIA P/ PESQUISA DO CORPO INTEIRO"
0208030050,I,I,0,1571,"TESTE DO PERCLORATO C/ RADIOISOTOPO"
0208040013,I,I,0,1571,"CAPTACAO DE IODO RADIOATIVO EM 24H"
0208040021,I,I,0,1571,"CINTILOGRAFIA DE RIM C/ GALIO 67"
0208040030,I,I,0,1571,"CINTILOGRAFIA DE TESTICULO E BOLSA ESCROTAL"
0208040048,I,I,0,1571,"CINTILOGRAFIA P/ PESQUISA DO REFLUXO VESICO-URETERAL"
0208040056,I,I,0,1571,"CINTILOGRAFIA RENAL/RENOGRAMA (QUALITATIVA E/OU QUANTITATIVA)"
0208040064,I,I,0,1571,"CISTOCINTILOGRAFIA DIRETA"
0208040072,I,I,0,1571,"CISTOCINTILOGRAFIA INDIRETA"
0208040080,I,I,0,1571,"DETERMINACAO DE FILTRACAO GLOMERULAR"
0208040099,I,I,0,1571,"DETERMINACAO DE FLUXO PLASMATICO RENAL"
0208040102,I,I,0,1571,"ESTUDO RENAL DINAMICO C/ OU S/ DIURETICO"
0208050019,I,I,0,1571,"CINTILOGRAFIA DE ARTICULACOES E/OU EXTREMIDADES E/OU OSSO"
0208050027,I,I,0,1571,"CINTILOGRAFIA DE ESQUELETO (CORPO INTEIRO)"
0208050035,I,I,0,1571,"CINTILOGRAFIA DE OSSOS COM OU SEM FLUXO SANGUÍNEO (CORPO INTEIRO)"
0208050043,I,I,0,1571,"CINTILOGRAFIA DE SEGMENTO OSSEO C/ GALIO 67"
0208060014,I,I,0,1571,"CINTILOGRAFIA DE PERFUSAO CEREBRAL C/ TALIO (SPCTO)"
0208060022,I,I,0,1571,"CISTERNOCINTILOGRAFIA (INCLUINDO PESQUISA E/OU AVALIACAO DO TRANSITO LIQUORICO)"
0208060030,I,I,0,1571,"ESTUDO DE FLUXO SANGUINEO CEREBRAL"
0208070010,I,I,0,1571,"CINTILOGRAFIA DE PULMAO C/ GALIO 67"
0208070028,I,I,0,1571,"CINTILOGRAFIA DE PULMÃO P/ PESQUISA DE ASPIRAÇÃO"
0208070036,I,I,0,1571,"CINTILOGRAFIA DE PULMAO POR INALACAO (MINIMO 2 PROJECOES)"
0208070044,I,I,0,1571,"CINTILOGRAFIA DE PULMAO POR PERFUSAO (MINIMO 4 PROJECOES)"
0208080015,I,I,0,1571,"CINTILOGRAFIA DE SISTEMA RETICULO-ENDOTELIAL (MEDULA OSSEA)"
0208080023,I,I,0,1571,"DEMONSTRACAO DE SEQUESTRO DE HEMACIAS PELO BACO (C/ RADIOISOTOPOS)"
0208080031,I,I,0,1571,"DETERMINACAO DE SOBREVIDA DE HEMACIAS (C/ RADIOSOTOPOS)"
0208080040,I,I,0,1571,LINFOCINTILOGRAFIA
0208090010,I,I,0,1571,"CINTILOGRAFIA DE CORPO INTEIRO C/ GALIO 67 P/ PESQUISA DE NEOPLASIAS"
0208090029,I,I,0,1571,"CINTILOGRAFIA DE GLANDULA LACRIMAL (DACRIOCINTILOGRAFIA)"
0208090037,I,I,192,1571,"CINTILOGRAFIA DE MAMA (BILATERAL)"
0209010010,I,I,0,1571,"COLANGIOPANCREATOGRAFIA RETROGRADA (VIA ENDOSCÓPICA)"
0209010029,I,I,0,1571,"COLONOSCOPIA (COLOSCOPIA)"
0209010037,I,I,0,1571,ESOFAGOGASTRODUODENOSCOPIA
0209010045,I,I,0,1571,LAPAROSCOPIA
0209010053,I,I,0,1571,RETOSSIGMOIDOSCOPIA
0209010061,I,I,0,1571,VIDEOLAPAROSCOPIA
0209020016,I,I,0,1571,"CISTOSCOPIA E/OU URETEROSCOPIA E/OU URETROSCOPIA"
0209030011,I,I,120,1571,"HISTEROSCOPIA CIRÚRGICA"
0209040017,I,I,0,1571,"BRONCOSCOPIA (BRONCOFIBROSCOPIA)"
0209040025,I,I,0,1571,LARINGOSCOPIA
0209040033,I,I,0,1571,TRAQUEOSCOPIA
0209040041,I,I,0,1571,VIDEOLARINGOSCOPIA
0209040050,I,I,0,1571,VIDEOTORACOSCOPIA
0210010010,I,I,0,1571,"ANGIOGRAFIA CEREBRAL (4 VASOS)"
0210010029,I,I,0,1571,"ANGIOGRAFIA DE ARCO AÓRTICO"
0210010037,I,I,0,1571,"ANGIOGRAFIA DE ARCO AORTICO E TRONCOS SUPRA-AORTICOS"
0210010045,I,I,0,1571,"AORTOGRAFIA ABDOMINAL"
0210010053,I,I,0,1571,"AORTOGRAFIA TORACICA"
0210010061,I,I,0,1571,"ARTERIOGRAFIA CERVICO-TORACICA"
0210010070,I,I,0,1571,"ARTERIOGRAFIA DE MEMBRO"
0210010088,I,I,0,1571,"ARTERIOGRAFIA DIGITAL (POR VIA VENOSA)"
0210010096,I,I,0,1571,"ARTERIOGRAFIA P/ INVESTIGACAO DE DOENCA ARTERIOSCLEROTICA AORTO-ILIACA E DISTAL"
0210010100,I,I,0,1571,"ARTERIOGRAFIA P/ INVESTIGACAO DE HEMORRAGIA CEREBRAL"
0210010118,I,I,0,1571,"ARTERIOGRAFIA P/ INVESTIGACAO DE ISQUEMIA CEREBRAL"
0210010126,I,I,0,1571,"ARTERIOGRAFIA PELVICA"
0210010134,I,I,0,1571,"ARTERIOGRAFIA SELETIVA DE CAROTIDA"
0210010142,I,I,0,1571,"ARTERIOGRAFIA SELETIVA POR CATETER (POR VASO)"
0210010150,I,I,0,1571,"ARTERIOGRAFIA SELETIVA VERTEBRAL"
0210010169,I,I,0,1571,ESPLENOPORTOGRAFIA
0210010177,I,I,0,1571,"FLEBOGRAFIA DE MEMBRO"
0210010185,I,I,0,1571,"FLEBOGRAFIA DE CAVA INFERIOR E/OU SUPERIOR"
0210010193,I,I,0,1571,LINFANGIOADENOGRAFIA
0210010207,I,I,0,1571,"PORTOGRAFIA TRANS-HEPATICA"
0210020016,I,I,0,1571,"COLANGIOGRAFIA TRANSCUTANEA"
0211010014,I,I,0,1571,CAPILAROSCOPIA
0211010022,I,I,0,131,"INVESTIGACAO ULTRASSONICA (PLETISMOGRAFIA)"
0211010030,I,I,0,1571,"OSCILOMETRIA DE IMPULSO"
0211010049,I,I,0,1571,"PLETISMOGRAFIA (POR LATERALIDADE / TERRITORIO)"
0211020010,I,I,144,1571,"CATETERISMO CARDIACO"
0211020028,I,I,0,239,"CATETERISMO CARDIACO EM PEDIATRIA"
0211020036,I,I,0,1571,ELETROCARDIOGRAMA
0211020044,I,I,0,1571,"MONITORAMENTO PELO SISTEMA HOLTER 24 HS (3 CANAIS)"
0211020052,I,I,0,1571,"MONITORIZACAO AMBULATORIAL DE PRESSAO ARTERIAL (M.A.P.A)"
0211020060,I,I,0,1571,"TESTE DE ESFORCO / TESTE ERGOMETRICO"
0211020079,I,I,0,1,"OXIMETRIA DE PULSO (TESTE DO CORAÇÃOZINHO)"
0211020087,I,I,0,1571,"REALIZAÇÃO ELETROCARDIOGRAMA EM SERVIÇO DE ATENDIMENTO MÓVEL DE URGÊNCIA"
0211020095,I,I,0,1571,"TELE-ELETROCARDIOGRAMA SÍNCRONO/LAUDO"
0211030015,I,I,48,1571,"AVALIACAO CINEMATICA E DE PARAMETROS LINEARES"
0211030023,I,I,48,1571,"AVALIACAO CINÉTICA, CINEMÁTICA E DE PARÂMETROS LINEARES"
0211030031,I,I,48,1571,"AVALIAÇÃO DE EQUILÍBRIO ESTÁTICO EM PLACA DE FORÇA"
0211030040,I,I,0,1571,"AVALIAÇÃO DE FUNÇÃO E MECÂNICA RESPIRATÓRIA"
0211030058,I,I,48,1571,"AVALIAÇÃO DE FUNÇÃO E MECÂNICA RESPIRATÓRIA COM TRANSDUTORES MICROPROCESSADOS"
0211030066,I,I,48,1571,"AVALIAÇÃO DE MOVIMENTO (POR IMAGEM)"
0211030074,I,I,0,1571,"AVALIAÇÃO FUNCIONAL MUSCULAR"
0211030082,I,I,0,1571,"ELETRODIAGNÓSTICO CINÉTICO FUNCIONAL"
0211030090,I,I,0,1571,"ELETROMIOGRAFIA DINÂMICA, AVALIAÇÃO CINÉTICA, CINEMÁTICA E DE PARÂMETROS LINEARES"
0211040010,I,I,108,731,AMNIOSCOPIA
0211040029,I,I,120,1571,COLPOSCOPIA
0211040037,I,I,120,1571,"EXAME MICROBIOLÓGICO A FRESCO DO CONTEUDO CÉRVICO-VAGINAL"
0211040045,I,I,120,1571,"HISTEROSCOPIA (DIAGNOSTICA)"
0211040053,I,I,108,731,"PERSUFLAÇÃO TUBARIA (DIAGNÓSTICA)"
0211040061,I,I,108,731,"TOCOCARDIOGRAFIA ANTE-PARTO"
0211050024,I,I,0,1571,"ELETROENCEFALOGRAFIA EM VIGILIA C/ OU S/ FOTO-ESTIMULO"
0211050032,I,I,0,1571,"ELETROENCEFALOGRAMA EM SONO INDUZIDO C/ OU S/ MEDICAMENTO (EEG)"
0211050040,I,I,0,1571,"ELETROENCEFALOGRAMA EM VIGILIA E SONO ESPONTANEO C/ OU S/ FOTOESTIMULO (EEG)"
0211050059,I,I,0,1571,"ELETROENCEFALOGRAMA QUANTITATIVO C/ MAPEAMENTO (EEG)"
0211050067,I,I,0,1571,"ELETROMIOGRAMA (EMG)"
0211050075,I,I,0,1571,"ELETROMIOGRAMA C/ ESTUDO DE FIBRA UNICA"
0211050083,I,I,0,1571,"ELETRONEUROMIOGRAMA (ENMG)"
0211050091,I,I,0,1571,"EXPLORACAO DIAGNOSTICA PELO VIDEO-ELETROENCEFALOGRAMA COM OU SEM USO DE ELETRODO DE PROFUNDIDADE"
0211050105,I,I,0,1571,POLISSONOGRAFIA
0211050113,I,I,0,1571,"POTENCIAL EVOCADO AUDITIVO"
0211050121,I,I,0,1571,"POTENCIAL EVOCADO VISUAL / OCCIPTO"
0211050130,I,I,0,1571,"POTENCIAL SOMATO-SENSITIVO"
0211050148,I,I,0,1571,"TESTE DE WADA"
0211050156,I,I,0,1571,"VIDEO-ELETROENCEFALOGRAMA C/ REGISTRO PROLONGADO"
0211060011,I,I,0,1571,"BIOMETRIA ULTRASSÔNICA (MONOCULAR)"
0211060020,I,I,0,1571,"BIOMICROSCOPIA DE FUNDO DE OLHO"
0211060038,I,I,0,1571,"CAMPIMETRIA COMPUTADORIZADA OU MANUAL COM GRÁFICO"
0211060054,I,I,0,1571,CERATOMETRIA
0211060062,I,I,0,1571,"CURVA DIARIA DE PRESSAO OCULAR CDPO (MINIMO 3 MEDIDAS)"
0211060070,I,I,0,1571,ELETRO-OCULOGRAFIA
0211060089,I,I,0,1571,ELETRORETINOGRAFIA
0211060097,I,I,0,1571,ESTESIOMETRIA
0211060100,I,I,0,1571,FUNDOSCOPIA
0211060119,I,I,0,1571,GONIOSCOPIA
0211060127,I,I,0,1571,"MAPEAMENTO DE RETINA"
0211060135,I,I,0,1571,"MEDIDA DE OFUSCAMENTO E CONTRASTE"
0211060143,I,I,0,1571,"MICROSCOPIA ESPECULAR DE CORNEA"
0211060151,I,I,0,1571,"POTENCIAL DE ACUIDADE VISUAL"
0211060160,I,I,0,1571,"POTENCIAL VISUAL EVOCADO"
0211060178,I,I,0,1571,"RETINOGRAFIA COLORIDA BINOCULAR"
0211060186,I,I,0,1571,"RETINOGRAFIA FLUORESCENTE BINOCULAR"
0211060208,I,I,0,1571,"TESTE DE PROVOCACAO DE GLAUCOMA"
0211060216,I,I,0,1571,"TESTE DE SCHIRMER"
0211060224,I,I,0,1571,"TESTE DE VISÃO DE CORES"
0211060232,I,I,0,1571,"TESTE ORTÓPTICO"
0211060240,I,I,0,1571,"TESTE P/ ADAPTACAO DE LENTE DE CONTATO"
0211060259,I,I,0,1571,TONOMETRIA
0211060267,I,I,0,1571,"TOPOGRAFIA COMPUTADORIZADA DE CÓRNEA"
0211060275,I,I,48,1571,"TRIAGEM OFTALMOLÓGICA"
0211060283,I,I,216,1571,"TOMOGRAFIA DE COERÊNCIA ÓPTICA"
0211070017,I,I,0,1571,"ANALISE ACUSTICA DA VOZ POR MEIO DE LABORATORIO DE VOZ"
0211070025,I,I,0,1571,"AUDIOMETRIA DE REFORCO VISUAL (VIA AEREA / OSSEA)"
0211070033,I,I,0,1571,"AUDIOMETRIA EM CAMPO LIVRE"
0211070041,I,I,0,1571,"AUDIOMETRIA TONAL LIMIAR (VIA AEREA / OSSEA)"
0211070050,I,I,0,1571,"AVALIACAO AUDITIVA COMPORTAMENTAL"
0211070068,I,I,0,131,"AVALIACAO DE LINGUAGEM ESCRITA / LEITURA"
0211070076,I,I,0,1571,"AVALIACAO DE LINGUAGEM ORAL"
0211070084,I,I,0,1571,"AVALIACAO MIOFUNCIONAL DE SISTEMA ESTOMATOGNATICO"
0211070092,I,I,36,1571,"AVALIACAO P/ DIAGNOSTICO DE DEFICIENCIA AUDITIVA"
0211070106,I,I,0,1571,"AVALIACAO P/ DIAGNOSTICO DIFERENCIAL DE DEFICIENCIA AUDITIVA"
0211070114,I,I,0,1571,"AVALIACAO VOCAL"
0211070122,I,I,0,1571,ELETROCOCLEOGRAFIA
0211070130,I,I,0,1571,ELETROGUSTOMETRIA
0211070149,I,I,0,23,"EMISSÕES OTOACÚSTICAS EVOCADAS PARA TRIAGEM AUDITIVA (TESTE DA ORELHINHA)"
0211070157,I,I,0,1571,"ESTUDO DE EMISSOES OTOACUSTICAS EVOCADAS TRANSITORIAS E PRODUTOS DE DISTORCAO (EOA)"
0211070165,I,I,0,1571,"ESTUDO TOPODIAGNOSTICO DA PARALISIA FACIAL"
0211070173,I,I,0,1571,"EXAME DE ORGANIZACAO PERCEPTIVA"
0211070181,I,I,0,1571,"EXAME NEUROPSICOMOTOR EVOLUTIVO"
0211070190,I,I,0,1571,GUSTOMETRIA
0211070203,I,I,0,1571,IMITANCIOMETRIA
0211070211,I,I,0,1571,"LOGOAUDIOMETRIA (LDV-IRF-LRF)"
0211070220,I,I,0,1571,OLFATOMETRIA
0211070238,I,I,0,1571,"PESQUISA DE FISTULA PERILINFATICA"
0211070246,I,I,0,1571,"PESQUISA DE GANHO DE INSERCAO"
0211070254,I,I,0,1571,"PESQUISA DE PARES CRANIANOS"
0211070262,I,I,0,1571,"POTENCIAL EVOCADO AUDITIVO DE CURTA MEDIA E LONGA LATENCIA"
0211070270,I,I,0,23,"POTENCIAL EVOCADO AUDITIVO PARA TRIAGEM AUDITIVA (TESTE DA ORELHINHA)"
0211070289,I,I,0,1571,"PROVA DE FUNCAO TUBARIA"
0211070297,I,I,36,1571,"REAVALIACAO DIAGNOSTICA DE DEFICIENCIA AUDITIVA EM PACIENTE MAIOR DE 3 ANOS"
0211070300,I,I,0,1571,"REAVALIACAO DIAGNOSTICA DE DEFICIENCIA AUDITIVA EM PACIENTE MENOR DE 3 ANOS"
0211070319,I,I,0,1571,"SELECAO E VERIFICACAO DE BENEFICIO DO AASI"
0211070327,I,I,0,1571,"TESTES ACUMETRICOS (DIAPASAO)"
0211070335,I,I,0,1571,"TESTES AUDITIVOS SUPRALIMINARES"
0211070343,I,I,0,1571,"TESTES DE PROCESSAMENTO AUDITIVO"
0211070351,I,I,0,1571,"TESTES VESTIBULARES / OTONEUROLOGICOS"
0211070360,I,I,48,155,"TRIAGEM AUDITIVA DE ESCOLARES"
0211070378,I,I,0,1571,"AVALIAÇÃO E SELEÇÃO PRÉ-CIRÚRGICA PARA IMPLANTE COCLEAR"
0211070386,I,I,0,1571,"MAPEAMENTO E BALANCEAMENTO DOS ELETRODOS"
0211070394,I,I,0,1571,"POTENCIAL EVOCADO ELETRICAMENTE NO SISTEMA AUDITIVO"
0211070408,I,I,0,1571,"REFLEXO ESTAPEDIANO ELICIADO ELETRICAMENTE"
0211070416,I,I,60,1571,"AVALIAÇÃO E SELEÇÃO PRÉ-CIRÚRGICA PARA PRÓTESE AUDITIVA ANCORADA NO OSSO"
0211070424,I,I,0,23,"EMISSÕES OTOACÚSTICAS EVOCADAS PARA TRIAGEM AUDITIVA (TESTE DA ORELHINHA/RETESTE)"
0211070432,I,I,0,23,"POTENCIAL EVOCADO AUDITIVO P/ TRIAGEM AUDITIVA (TESTE DA ORELHINHA/RETESTE)"
0211080012,I,I,48,1571,"ESPIROGRAFIA C/ DETERMINAÇÃO DO VOLUME RESIDUAL"
0211080020,I,I,0,1571,GASOMETRIA
0211080039,I,I,0,1571,"GASOMETRIA (APOS EXERCICIO CICLO-ERGOMETRICO)"
0211080047,I,I,0,1571,"GASOMETRIA (APOS OXIGENIO A 100 DURANTE A DIFUSAO ALVEOLO-CAPILAR)"
0211080055,I,I,0,1571,"ESPIROMETRIA OU PROVA DE FUNCAO PULMONAR COMPLETA COM BRONCODILATADOR"
0211080063,I,I,0,1571,"PROVA DE FUNÇÃO PULMONAR SIMPLES"
0211080071,I,I,0,1571,"PROVA FARMACODINAMICA"
0211080080,I,I,48,1571,"TESTE DA CAMINHADA DE 6 MINUTOS"
0211090018,I,I,0,1571,"AVALIACAO URODINAMICA COMPLETA"
0211090026,I,I,0,1571,"CATETERISMO DE URETRA"
0211090034,I,I,0,1571,"CISTOMETRIA C/ CISTOMETRO"
0211090042,I,I,0,1571,"CISTOMETRIA SIMPLES"
0211090050,I,I,0,1571,"DETERMINACAO DE PRESSAO INTRA-ABDOMINAL"
0211090069,I,I,0,1571,"PERFIL DE PRESSAO URETRAL"
0211090077,I,I,0,1571,UROFLUXOMETRIA
0211100013,I,I,0,1571,"APLICAÇÃO DE TESTE P/ PSICODIAGNÓSTICO"
0212010018,I,I,192,839,"EXAMES IMUNOHEMATOLOGICOS EM DOADOR DE SANGUE"
0212010026,I,I,0,1571,"EXAMES PRE-TRANSFUSIONAIS I"
0212010034,I,I,0,1571,"EXAMES PRE-TRANSFUSIONAIS II"
0212010042,I,I,0,1571,"FENOTIPAGEM K, FYA, FYB, JKA, JKB EM GEL"
0212010050,I,I,192,839,"SOROLOGIA DE DOADOR DE SANGUE"
0212010069,I,I,192,839,"TESTE DO ÁCIDO NUCLEICO (NAT) EM AMOSTRAS DE SANGUE DO DOADOR DE SANGUE."
0212020013,I,I,0,1571,"DELEUCOCITACAO DE CONCENTRADO DE HEMACIAS"
0212020021,I,I,0,1571,"DELEUCOCITACAO DE CONCENTRADO DE PLAQUETAS"
0212020030,I,I,0,1571,"IRRADIACAO DE SANGUE E COMPONENTES DESTINADOS A TRANSFUSAO"
0212020048,I,I,0,1571,"PREPARO DE COMPONENTES ALIQUOTADOS"
0212020056,I,I,0,1571,"PREPARO DE COMPONENTES LAVADOS"
0212020064,N,N,,,"PROCESSAMENTO DE SANGUE"
0213010020,I,I,0,1571,"ENSAIO IMUNOENZIMÁTICO -TESTE DE ELISA PARA IDENTIFICAÇÃO DE LEPTOSPIRAS (LEPTOSPIROSE)"
0213010038,I,I,0,1571,"ENSAIO IMUNOENZIMATICO-ELISA P/ IDENTIFICAÇÃO DO VÍRUS DA FEBRE DO NILO OCIDENTAL"
0213010054,I,I,0,1571,"EXAME PARASITOLOGICO DIRETO P/ LEISHMANIAS (LEISHMANIOSE TEGUMENTAR AMERICANA)"
0213010062,I,I,0,1571,"EXAME PARASITOLOGICO DIRETO P/ LEISHMANIA CHAGAS1 (LEISHMANIOSE VISCERAL CANINA)"
0213010070,I,I,0,1571,"EXAME PARASITOLOGICO DIRETO P/ LEISHMANIA CHAGASI (LEISHMANIOSE VISCERAL HUMANA)"
0213010089,I,I,0,1571,"FAGOTIPAGEM P/ IDENTIFICAÇÃO DA SALMONELA TYPHI (FEBRE TIFOIDE)"
0213010097,I,I,0,1571,"HISTOPATOLOGIA P/ IDENTIFICACAO DA HEPATITE A"
0213010100,I,I,0,1571,"HISTOPATOLOGIA P/ IDENTIFICACAO DA HEPATITE D"
0213010119,I,I,0,1571,"HISTOPATOLOGIA P/ IDENTIFICAÇÃO DE DENGUE"
0213010127,I,I,0,1571,"HISTOPATOLOGIA PARA IDENTIFICAÇÃO DE FEBRE AMARELA"
0213010135,I,I,0,1571,"HISTOPATOLOGIA P/ IDENTIFICACAO DE HEPATITE B"
0213010143,I,I,0,1571,"HISTOPATOLOGIA P/ IDENTIFICACAO DE HEPATITE C"
0213010160,I,I,0,1571,"HISTOQUIMICA P/ IDENTIFICACAO DO VIRUS DA HEPATITE A"
0213010178,I,I,0,1571,"HISTOQUIMICA P/ IDENTIFICACAO DE HEPATITE C"
0213010186,I,I,0,1571,"IDENTIFICAÇÃO DE VÍRUS DA RAIVA POR RT-PCR"
0213010194,I,I,0,1571,"IDENTIFICAÇÃO DO HANTAVÍRUS POR RT-PCR (HANTAVIROSE)"
0213010208,I,I,0,1571,"IDENTIFICACAO DO VIRUS DA HEPATITE B POR PCR (QUANTITATIVO)"
0213010216,I,I,0,1571,"IMUNOCROMATOGRAFIA PARA IDENTIFICAÇÃO DE PLASMODIOS (MALARIA)"
0213010224,I,I,0,1571,"IMUNOFLUORESCENCIA DIRETA P/ IDENTIFICACAO DO VIRUS DA INFLUENZA"
0213010232,I,I,0,1571,"IMUNOFLUORESCENCIA DIRETA PARA IDENTIFICAÇÃO DO VÍRUS DA RAIVA"
0213010240,I,I,0,1571,"IMUNOFLUORESCENCIA INDIRETA P/ (IDENTIFICACAO DE LEPTOSPIRAS (LEPTOSPIROSE)"
0213010259,I,I,0,1571,"IMUNOFLUORESCENCIA INDIRETA P/ IDENTIFICAÇÃO DA RICKETTSIA RICKTTSII (FEBRE MACULOSA)"
0213010267,I,I,0,1571,"IMUNOFLUORESCENCIA INDIRETA P/ IDENTIFICAÇÃO DE PLASMODIOS (MALARIA)"
0213010275,I,I,0,1571,"IMUNOFLUORESCENCIA INDIRETA P/ IDENTIFICACAO DO SHISTOSSOMA MANSONI"
0213010291,I,I,0,1571,"IMUNOHISTOQUIMICA P/ IDENTIFICAÇÃO DA RICKETTISIA RICKETTSII (FEBRE MACULOSA)"
0213010305,I,I,0,1571,"IMUNOHISTOQUIMICA P/ IDENTIFICAÇÃO DE LEPTOSPIRAS (LEPTOSPIROSE)"
0213010321,I,I,0,1571,"IMUNOHISTOQUIMICA P/ IDENTIFICAÇÃO DO HANTAVÍRUS (HANTAVIROSE)"
0213010330,I,I,0,1571,"IMUNOHISTOQUIMICA P/ IDENTIFICAÇÃO DO VÍRUS DA DENGUE"
0213010348,I,I,0,1571,"IMUNOHISTOQUIMICA P/ IDENTIFICAÇÃO DO VIRUS DA FEBRE AMARELA"
0213010356,I,I,0,1571,"IMUNOHISTOQUIMICA P/ IDENTIFICACAO DO VIRUS DA HEPATITE B"
0213010364,I,I,0,1571,"IMUNOHISTOQUIMICA P/ IDENTIFICACAO DO VIRUS DA HEPATITE D"
0213010372,I,I,0,1571,"ISOLAMENTO DA RICKETTSIA RICKTTSII (FEBRE MACULOSA)"
0213010380,I,I,0,1571,"ISOLAMENTO DO VÍRUS DA DENGUE"
0213010399,I,I,0,1571,"ISOLAMENTO DO VIRUS DA FEBRE DO NILO OCIDENTAL"
0213010402,I,I,0,1571,"ISOLAMENTO DO VIRUS DA INFLUENZA"
0213010410,I,I,0,1571,"ISOLAMENTO DO VIRUS DA MENINGITE VIRAL"
0213010429,N,N,0,1571,"ISOLAMENTO DO VIRUS DA POLIOMIELITE"
0213010437,I,I,0,1571,"ISOLAMENTO DO VIRUS DA RAIVA"
0213010445,I,I,0,1571,"ISOLAMENTO DO VIRUS DO SARAMPO"
0213010453,I,I,0,1571,"MICRO-AGLUTINACAO PARA IDENTIFICAÇÃO DE LEPTOSPIRAS (LEPTOSPIROSE)"
0213010461,I,I,0,1571,"PESQUISA DE TRIPANOSSOMAS (NO BARBEIRO)"
0213010470,I,I,0,1571,"PROVA BIOLOGICA PARA IDENTIFICAÇÃO DO VÍRUS DA RAIVA"
0213010488,I,I,0,1571,"PROVA CONTRA-IMUNOELETROFORESE PARA MENINGOCOCOS (MENINGITE BACTERIANA)"
0213010496,I,I,0,1571,"PROVA DE TOXIGENICIDADE P/ BACILO DIFTERICO (IN VITRO)"
0213010500,I,I,0,1571,"QUANTIFICACAO DA CARGA VIRAL DO HIV (RNA)"
0213010518,I,I,0,1571,"SEQUENCIAMENTO P/ IDENTIFICACAO DO VIRUS DA MENINGITE VIRAL"
0213010526,I,I,0,1571,"SEQUENCIAMENTO P/ IDENTIFICACAO DO VIRUS DA POLIOMIELITE"
0213010534,I,I,0,1571,"SEQUENCIAMENTO P/ IDENTIFICAÇÃO DO VÍRUS DO SARAMPO"
0213010542,I,I,0,1571,"GENOTIPAGEM DO VIRUS DA HEPATITE C (HCV)"
0213010550,I,I,0,1571,"SOROLOGIA P/ IDENTIFICACAO DO VIBRIO CHOLERAE"
0213010569,I,I,0,1571,"TESTE DE ELISA IGG PARA IDENTIFICAÇÃO DE PARVOVIRUS (PARVOVIROSE)"
0213010577,I,I,0,1571,"TESTE DE ELISA IGG P/ IDENTIFICACAO DO TOXOPLASMA GONDII (TOXOPLASMOSE)"
0213010585,I,I,0,1571,"TESTE DE ELISA IGG PARA IDENTIFICAÇÃO DO VÍRUS DO SARAMPO"
0213010607,I,I,0,1571,"TESTE DE ELISA IGM P/ IDENTIFICAÇÃO DO PARVOVIRUS (PARVOVIROSE)"
0213010615,I,I,0,1571,"TESTE DE ELISA IGM PARA IDENTIFICAÇÃO DO VÍRUS DO SARAMPO"
0213010623,I,I,0,1571,"TESTE DE ELISA P/ IDENTIFICACAO DO VIRUS DA FEBRE AMARELA (ENSAIO IMUNOENZIMATICO)"
0213010631,I,I,0,1571,"TESTE DE HEMAGLUTINACAO INDIRETA P/ IDENTIFICACAO DO VIRUS DA INFLUENZA"
0213010640,I,I,0,1571,"TESTE DE HEMAGLUTINAÇÃO PARA IDENTIFICAÇÃO DA PASTEURELLA PESTIS (PESTE BUBONICA)"
0213010658,I,I,0,1571,"TESTE DE HEMAGLUTINAÇÃO PARA IDENTIFICAÇÃO DO VÍRUS DA FEBRE AMARELA"
0213010666,I,I,0,1571,"TESTE DE HEMAGLUTINAÇÃO PARA IDENTIFICAÇÃO DO VÍRUS DA FEBRE DO NILO OCIDENTAL"
0213010674,I,I,0,1571,"TESTE DE HIBRIDIZAÇÃO IN SITU PARA IDENTIFICAÇÃO DO VÍRUS DA DENGUE"
0213010682,I,I,0,1571,"TESTE DE NEUTRALIZACAO P/ IDENTIFICACAO DO VIRUS DA FEBRE AMARELA"
0213010690,I,I,0,1571,"TESTE DE SENSIBITESTE DE SENSIBILIDADE EM MEIO LÍQUIDO AUTOMATIZADO PARA OS FÁRMACOS CONTRA MICOBACTÉRIAS."
0213010704,I,I,0,1571,"TESTE DE SORONEUTRALIZACAO P/ IDENTIFICACAO DO VIRUS DA RAIVA"
0213010720,I,I,0,1571,"PESQUISA DE SARS-COV-2 POR RT - PCR"
0213010739,I,I,0,1571,"TESTE DE BIOLOGIA MOLECULAR PARA HANSENÍASE."
0213010747,I,I,0,1571,"TESTE DE RESISTÊNCIA ANTIMICROBIANA PARA HANSENÍASE."
0213010755,I,I,0,1571,"TESTE DE HIBRIDIZAÇÃO DE SONDA EM LINHA DE 1ª LINHA PARA TUBERCULOSE (LPA)"
0213010763,I,I,0,1571,"TESTE DE HIBRIDIZAÇÃO DE SONDA EM LINHA DE 2ª LINHA PARA TUBERCULOSE (LPA)"
0213010771,I,I,0,1571,"TESTE MOLECULAR PARA A DETECÇÃO DE HIV-2"
0213010780,I,I,0,1571,"DETECÇÃO RÁPIDA DA CARGA VIRAL DO HIV"
0213010798,I,I,0,1571,"DETECÇÃO RÁPIDA DA CARGA VIRAL DO HBV"
0213010801,I,I,0,1571,"DETECÇÃO RÁPIDA DA CARGA VIRAL DO HCV"
0213010810,I,I,0,1571,"CONTAGEM RÁPIDA DE LINFÓCITOS CD4"
0213010828,I,I,0,1571,"CULTURA LÍQUIDA AUTOMATIZADA PARA MICOBACTÉRIAS"
0213010836,I,I,0,1571,"DETECÇÃO RÁPIDA DE CLAMÍDIA E GONOCOCO"
0213020017,N,N,,,"ANALISE DE BACTERIAS PATOGENICAS EM AGUA"
0213020025,N,N,,,"ANALISE DE BACTERIAS PATOGENICAS EM SOLO"
0213020033,N,N,,,"ANALISE DE COLIFORMES E BACTERIAS HETEROTROFICAS EM AGUA"
0213020041,N,N,,,"ANALISE DE METAIS PESADOS"
0213020050,N,N,,,"ANALISE DE RESIDUOS DE PESTICIDAS"
0213020068,N,N,,,"ANALISE FISICO-QUIMICA DE AGUA"
0213020076,N,N,,,"CULTURA PARA IDENTIFICAÇÃO DO VIBRIO CHOLERAE EM ANÁLISE DE ÁGUA"
0213020084,N,N,,,"CULTURA P/ IDENTIFICACAO DO VIBRIO CHOLERAE EM ANALISE DE ALIMENTOS"
0214010015,I,I,0,1571,"GLICEMIA CAPILAR"
0214010023,I,I,0,1571,"PESQUISA DE CORPOS CETONICOS NA URINA"
0214010031,I,I,0,1571,"PESQUISA DE GLICOSE NA URINA"
0214010058,I,I,12,1571,"TESTE RÁPIDO PARA DETECÇÃO DE ANTICORPOS ANTI-HIV PARAPOPULAÇÃO GERAL (EXCETO GESTANTE, PARCEIRO OU PARCERIA)"
0214010066,I,I,108,671,"TESTE RÁPIDO DE GRAVIDEZ"
0214010074,I,I,12,1571,"TESTE RÁPIDO TREPONÊMICO (SÍFILIS) PARA POPULAÇÃO GERAL(EXCETO GESTANTE, PARCEIRO OU PARCERIA)"
0214010112,I,I,0,1571,"TESTE RÁPIDO PARA VÍRUS ZIKA IGG/IGM"
0214010120,I,I,0,1571,"TESTE RÁPIDO PARA DENGUE IGG/IGM"
0214010139,I,I,0,1571,"TESTE RÁPIDO PARA FEBRE CHIKUNGUNYA IGM"
0214010147,I,I,0,1571,"TESTE RÁPIDO DE DENGUE NS1"
0214010155,I,I,0,1571,"TESTE RÁPIDO DE PROTEINÚRIA"
0214010163,I,I,0,1571,"TESTE RÁPIDO PARA DETECÇÃO DE SARS-COVID-2"
0214010171,I,I,0,1571,"TESTE RÁPIDO PARA AVALIAÇÂO DE CONTATOS DE HANSENIASE"
0214010180,I,I,0,1571,"TESTE RÁPIDO PARA MALÁRIA "
0214010198,I,I,0,1571,"TESTE RÁPIDO LF-LAM PARA TUBERCULOSE"
0214010201,I,I,0,1571,"TESTE IMUNOCROMATOGRÁFICO RÁPIDO PARA DETECÇÃO DE ANTICORPOS EM AMOSTRAS HUMANAS DE SANGUE TOTAL, SORO OU PLASMA PARA O DIAGNÓSTICO DA LVH.."
0214010210,I,I,0,1571,"TESTE RÁPIDO CRAG PARA CRIPTOCOCOSE"
0214010228,I,I,0,1571,"TESTE RÁPIDO PARA DETECÇÃO DO ANTÍGENO DE SUPERFÍCIE DO VÍRUS DA HEPATITE B - HBV (HBSAG) PARA POPULAÇÃO GERAL (EXCETO GESTANTE, PARCEIRO OU PARCERIA)"
0214010236,I,I,96,731,"TESTE RÁPIDO PARA DETECÇÃO DO ANTÍGENO DE SUPERFÍCIE DO VÍRUS DA HEPATITE B - HBV (HBSAG) EM GESTANTE"
0214010244,I,I,96,1571,"TESTE RÁPIDO PARA DETECÇÃO DO ANTÍGENO DE SUPERFÍCIE DO VÍRUS DA HEPATITE B (HBV) (HBSAG) EM PARCEIRO OU PARCERIA DE GESTANTE"
0214010252,I,I,96,1571,"TESTE RÁPIDO TREPONÊMICO (SÍFILIS) EM GESTANTE"
0214010260,I,I,96,1571,"TESTE RÁPIDO TREPONÊMICO (SÍFILIS) EM PARCEIRO OU PARCERIA DE GESTANTE"
0214010279,I,I,96,731,"TESTE RÁPIDO PARA DETECÇÃO DE ANTICORPOS ANTI-HIV EM GESTANTE"
0214010287,I,I,96,1571,"TESTE RÁPIDO PARA DETECÇÃO DE ANTICORPOS ANTI-HIV EM PARCEIRO OU PARCERIA DE GESTANTE"
0214010295,I,I,12,1571,"TESTE RÁPIDO PARA DETECÇÃO DE ANTICORPOS CONTRA O VÍRUS DA HEPATITE C PARA POPULAÇÃO GERAL (EXCETO GESTANTE, PARCEIRO OU PARCERIA)"
0214010309,I,I,96,731,"TESTE RÁPIDO PARA DETECÇÃO DE ANTICORPOS CONTRA O VÍRUS DA HEPATITE C EM GESTANTE"
0214010317,I,I,96,1571,"TESTE RÁPIDO PARA DETECÇÃO DE ANTICORPOS CONTRA O VÍRUS DA HEPATITE C EM PARCEIRO OU PARCERIA DE GESTANTE"
0301010021,I,I,0,1571,"CONSULTA COM IDENTIFICAÇÃO DE CASOS NOVOS DE TUBERCULOSE"
0301010030,I,I,0,1571,"CONSULTA DE PROFISSIONAIS DE NÍVEL SUPERIOR NA ATENÇÃO PRIMÁRIA (EXCETO MÉDICO)"
0301010048,I,I,0,1571,"CONSULTA DE PROFISSIONAIS DE NIVEL SUPERIOR NA ATENÇÃO ESPECIALIZADA (EXCETO MÉDICO)"
0301010056,I,I,60,1571,"CONSULTA MEDICA EM SAUDE DO TRABALHADOR"
0301010064,I,I,0,1571,"CONSULTA MEDICA EM ATENÇÃO PRIMÁRIA"
0301010072,I,I,0,1571,"CONSULTA MEDICA EM ATENÇÃO ESPECIALIZADA"
0301010099,I,I,120,1571,"CONSULTA PARA AVALIAÇÃO CLÍNICA DO FUMANTE"
0301010102,I,I,0,1571,"CONSULTA PARA DIAGNÓSTICO/REAVALIAÇÃO DE GLAUCOMA (TONOMETRIA, FUNDOSCOPIA E CAMPIMETRIA)"
0301010110,I,I,108,731,"CONSULTA PRÉ-NATAL"
0301010129,I,I,108,731,"CONSULTA PUERPERAL"
0301010137,I,I,0,1571,"CONSULTA/ATENDIMENTO DOMICILIAR"
0301010145,I,I,,,"PRIMEIRA CONSULTA DE PEDIATRIA AO RECEM-NASCIDO"
0301010153,I,I,0,1571,"PRIMEIRA CONSULTA ODONTOLOGICA PROGRAMÁTICA"
0301010161,I,I,0,1571,"CONSULTA/ATENDIMENTO DOMICILIAR NA ATENÇÃO ESPECIALIZADA"
0301010170,I,I,0,1571,"CONSULTA/AVALIAÇÃO EM PACIENTE INTERNADO"
0301010196,I,I,0,1571,"AVALIAÇÃO CLÍNICA PARA DIAGNÓSTICO DE DOENÇAS RARAS - EIXO I: 1-ANOMALIAS CONGÊNITAS OU DE MANIFESTAÇÃO TARDIA"
0301010200,I,I,0,1571,"AVALIAÇÃO CLÍNICA PARA DIAGNÓSTICO DE DOENÇAS RARAS - EIXO I: 2- DEFICIÊNCIA INTELECTUAL"
0301010218,I,I,0,1571,"AVALIAÇÃO CLÍNICA DE DIAGNÓSTICO DE DOENÇAS RARAS EIXO I: 3 - ERROS INATOS DE METABOLISMO"
0301010226,I,I,0,1571,"ACONSELHAMENTO GENÉTICO"
0301010234,I,I,108,1571,"CONSULTA PRÉ-NATAL DO PARCEIRO"
0301010250,I,I,0,1571,"TELECONSULTA NA ATENÇÃO PRIMÁRIA"
0301010269,I,I,0,239,"AVALIAÇÃO DO CRESCIMENTO NA PUERICULTURA"
0301010277,I,I,0,119,"AVALIAÇÃO DO DESENVOLVIMENTO DA CRIANÇA NA PUERICULTURA"
0301010285,I,I,120,239,"AVALIAÇÃO DO ESTÁGIO DE MATURAÇÃO SEXUAL"
0301010293,I,I,144,251,"ATENDIMENTO DE ADOLESCENTES EM CUMPRIMENTO DE MEDIDAS SOCIOEDUCATIVAS"
0301010307,I,I,0,1571,"TELECONSULTA MÉDICA NA ATENÇÃO ESPECIALIZADA"
0301010315,I,I,0,1571,"TELECONSULTA POR PROFISSIONAIS DE NÍVEL SUPERIOR NA ATENÇÃO ESPECIALIZADA (EXCETO MÉDICO)"
0301010323,I,I,108,731,"AVALIAÇÃO DIÁRIA DA GESTANTE NA CASA DA GESTANTE, BEBÊ E PUÉRPERA - CGBP"
0301010331,I,I,108,731,"AVALIAÇÃO DIÁRIA DE PUÉRPERA NA CASA DA GESTANTE, BEBÊ E PUÉRPERA - CGBP"
0301010340,I,I,108,731,"AVALIAÇÃO DIÁRIA DE PUÉRPERA COM RECÉM-NASCIDOS INTERNADOS EM UNIDADES NEONATAIS NA CASA DA GESTANTE, BEBÊ E PUÉRPERA - CGBP"
0301010358,I,I,0,35,"AVALIAÇÃO DIÁRIA DE RECÉM-NASCIDOS OU CRIANÇAS NA CASA DA GESTANTE, BEBÊ E PUÉRPERA - CGBP"
0301010366,I,I,108,731,"CONSULTA DE PRÉ-NATAL DE GESTANTE E DE PUERPÉRIO DE ALTO RISCO"
0301010374,I,I,0,35,"CONSULTA DE ACOMPANHAMENTO DE RECÉM-NASCIDO E CRIANÇA EGRESSA DE UNIDADE NEONATAL"
0301010382,I,I,0,1571,"ESTRATIFICAÇÃO DO RISCO CARDIOVASCULAR"
0301010420,I,I,0,1571,"CONSULTA PARA PESSOA ACOMETIDA PELA HANSENÍASE"
0301010439,I,I,180,1571,"1º CONSULTA PARA PROFILAXIA PRÉ-EXPOSIÇÃO (PREP) ORAL À INFECÇÃO PELO HIV"
0301010447,I,I,180,1571,"CONSULTA DE SEGUIMENTO PARA PROFILAXIA PRÉ-EXPOSIÇÃO (PREP) ORAL À INFECÇÃO PELO HIV"
0301010455,I,I,0,1571,"CONSULTA PARA PESSOA EM PÓS-ALTA DE HANSENÍASE"
0301020019,I,I,60,1571,"ACOMPANHAMENTO, CUIDADO OU REABILITAÇÃO DE TRABALHADOR COM AGRAVO RELACIONADO AO TRABALHO"
0301020027,I,I,60,1571,"ACOMPANHAMENTO DE PACIENTE PORTADOR DE SEQUELAS RELACIONADAS AO TRABALHO"
0301020035,I,I,60,1571,"EMISSÃO DE PARECER SOBRE NEXO CAUSAL"
0301020043,I,I,60,1571,"INVESTIGAÇÃO EPIDEMIOLÓGICA DO ÓBITO POR DOENÇAS, AGRAVOS OU ACIDENTES DE TRABALHO"
0301020051,I,I,60,1571,"INVESTIGAÇÃO DA RELAÇÃO DA DOENÇA OU AGRAVO RELACIONADO AO TRABALHO PARA FINS EPIDEMIOLÓGICOS"
0301030014,I,I,0,1571,"SAMU 192:ATENDIMENTO DAS CHAMADAS RECEBIDAS PELA CENTRAL DE REGULAÇÃO DAS URGÊNCIAS"
0301030022,I,I,0,1571,"ATENDIMENTO PRE-HOSPITALAR MOVEL (VEICULO DE INTERVENÇÃO RÁPIDA)"
0301030049,I,I,0,1571,"SAMU 192:ATENDIMENTO PRÉ-HOSPITALAR MOVEL REALIZADO POR AEROMÉDICO"
0301030057,I,I,0,1571,"SAMU 192: ATENDIMENTO PRÉ-HOSPITALAR MOVEL REALIZADO POR EMBARCAÇÃO"
0301030065,I,I,0,1571,"ATENDIMENTO PRE-HOSPITALAR MOVEL DE SALVAMENTO E RESGATE"
0301030073,I,I,0,1571,"ATENDIMENTO PRE-HOSPITALAR MOVEL DE SALVAMENTO E RESGATE MEDICALIZADO"
0301030081,I,I,0,1571,"ATENDIMENTO PRE-HOSPITALAR MOVEL PELO SAMU 192: SALVAMENTO E RESGATE (AMBULANCIA TIPO C)"
0301030090,I,I,0,1571,"SAMU 192: ATENDIMENTO PRÉ-HOSPITALAR MÓVEL REALIZADO PELA EQUIPE DA UNIDADE DE SUPORTE AVANÇADO DE VIDA TERRESTRE (USA)"
0301030103,I,I,0,1571,"SAMU 192: ATENDIMENTO PRÉ-HOSPITALAR MOVEL REALIZADO PELA EQUIPE DE SUPORTE BASICO DE VIDA TERRESTRE (USB)"
0301030111,I,I,0,1571,"REGULACAO MEDICA DE URGENCIA DA CENTRAL SAMU 192 C/ ACIONAMENTO DE MULTIPLOS MEIOS"
0301030120,I,I,0,1571,"SAMU 192: ENVIO DE UNIDADE DE SUPORTE AVANÇADO DE VIDA TERRESTRE (USA) E/OU AQUATICO (EQUIPE DE EMBARCAÇÃO) E/OU EQUIPE DE AEROMEDICO."
0301030138,I,I,0,1571,"SAMU 192: ENVIO DE UNIDADE DE SUPORTE BASICO DE VIDA TERRESTRE (USB) E/OU AQUATICO (EQUIPE DE EMBARCAÇÃO E/OU MOTOLÂNCIA"
0301030146,I,I,0,1571,"SAMU 192: ATENDIMENTO DAS CHAMADAS RECEBIDAS PELA CENTRAL DE REGULAÇÃO DAS URGÊNCIAS COM ORIENTAÇÃO"
0301030154,I,I,0,1571,"REMOCAO EM AMBULANCIA DE SIMPLES TRANSPORTE (AMBULANCIA TIPO A)"
0301030162,I,I,0,1571,"ATENDIMENTO PRE-HOSPITALAR MOVEL - SAMU 192: SUPORTE AVANCADO DE VIDA REALIZADO POR EMBARCACAO (AMBULANCIA TIPO F)"
0301030170,I,I,0,1571,"SAMU 192: TRANSPORTE INTER-HOSPITALAR PELA UNIDADE DE SUPORTE AVANÇADO DE VIDA TERRESTRE (USA)"
0301030189,I,I,0,1571,"SAMU 192: TRANSPORTE INTER-HOSPITALAR PELA UNIDADE DE SUPORET BASICO DE VIDA TERRESTRE (USB)"
0301030197,I,I,0,1571,"ATENDIMENTO PRÉ-HOSPITALAR MÓVEL (MOTOLÂNCIA)"
0301040010,I,I,216,599,"ATENDIMENTO CLÍNICO PARA INDICAÇÃO E FORNECIMENTO DO DIAFRAGMA UTERINO"
0301040036,I,I,,,"TERAPIA EM GRUPO"
0301040044,I,I,0,1571,"TERAPIA INDIVIDUAL"
0301040052,I,I,0,1571,"ATENDIMENTO MULTIPROFISSIONAL PARA ATENÇÃO ÀS PESSOAS EM SITUAÇÃO DE VIOLÊNCIA SEXUAL"
0301040060,I,I,0,1571,"COLETA DE VESTÍGIOS DE VIOLÊNCIA SEXUAL"
0301040079,I,I,0,1571,"ESCUTA INICIAL / ORIENTAÇÃO (ACOLHIMENTO A DEMANDA ESPONTÂNEA)"
0301040087,I,I,0,1571,"ATENDIMENTO EM GRUPO NA ATENÇÃO PRIMÁRIA"
0301040095,I,I,0,1571,"EXAME DO PÉ DIABÉTICO"
0301040141,I,I,168,671,"INSERÇÃO DO DISPOSITIVO INTRA-UTERINO (DIU)"
0301040150,I,I,168,671,"RETIRADA DO DISPOSITIVO INTRA-UTERINO (DIU)"
0301040168,I,I,0,1571,"PROCEDIMENTO PRÉ-OPERATÓRIOS REALIZADOS NA REDE DE SAÚDE  COMPLEMENTAÇÃO"
0301040176,I,I,120,671,"INSERÇÃO DO IMPLANTE SUBDÉRMICO LIBERADOR DE ETONOGESTREL"
0301040184,I,I,120,671,"RETIRADA DO IMPLANTE SUBDÉRMICO LIBERADOR DE ETONOGESTREL"
0301040192,I,I,0,1571,"ACOMPANHAMENTO DE PESSOA EM TRATAMENTO DIRETAMENTE OBSERVADO (TDO) DA TUBERCULOSE"
0301040206,I,I,0,1571,"AVALIAÇÃO DE CONTATOS DE PESSOAS COM TUBERCULOSE"
0301040214,I,I,12,1571,"ATENDIMENTO MULTIPROFISSIONAL PARA ATENÇÃO AO LUTO MATERNO E PARENTAL"
0301040222,I,I,120,671,"INSERÇÃO DO SISTEMA INTRAUTERINO LIBERADOR DE LEVONORGESTREL 52MG"
0301040230,I,I,120,671,"RETIRADA DO SISTEMA INTRAUTERINO LIBERADOR DE LEVONORGESTREL 52MG"
0301050015,I,I,0,1571,"ACOMPANHAMENTO E AVALIAÇÃO DOMICILIAR DEPACIENTE SUBMETIDO À VENTILAÇÃO MECANICA NÃO INVASIVA- PACIENTE/MÊS"
0301050023,I,I,0,1571,"ASSISTÊNCIA DOMICILIAR POR EQUIPE MULTIPROFISSIONAL."
0301050031,I,I,0,1571,"ASSISTÊNCIA DOMICILIAR POR EQUIPE MULTIPROFISSIONAL NA ATENÇÃO ESPECIALIZADA"
0301050040,I,I,0,1571,"ASSISTÊNCIA DOMICILIAR TERAPÊUTICA MULTIPROFISSIONAL EM HIV/AIDS (ADTM)"
0301050058,I,I,0,1571,"ASSISTÊNCIA DOMICILIAR POR PROFISSIONAL DE NÍVEL MÉDIO"
0301050066,I,I,0,1571,"INSTALAÇÃO / MANUTENÇÃO DE VENTILAÇÃO MECÂNICA NÃO INVASIVA DOMICILIAR"
0301050074,I,I,0,1571,"INTERNAÇÃO DOMICILIAR"
0301050082,I,I,0,1571,"ANTIBIOTICOTERAPIA PARENTERAL"
0301050090,I,I,0,1571,"ATENDIMENTO MEDICO COM FINALIDADE DE ATESTAR ÓBITO"
0301050104,I,I,0,1571,"VISITA DOMICILIAR PÓS ÓBITO"
0301050112,I,I,0,1571,"ADMINISTRAÇÃO DE IMUNODERIVADOS (ORAL E/OU PARENTERAL)"
0301050120,I,I,0,1571,"TERAPIA DE REIDRATAÇÃO PARENTERAL"
0301050139,N,N,,,"BUSCA ATIVA"
0301050147,I,I,,,"VISITA DOMICILIAR POR PROFISSIONAL DE NÍVEL SUPERIOR"
0301050155,I,I,0,1571,"ACOMPANHAMENTO DE PACIENTE EM TERAPIA NUTRICIONAL"
0301050163,I,I,0,1571,"ATENDIMENTO E ACOMPANHAMENTO DOMICILIAR DEPACIENTE SUBMETIDO À VENTILAÇÃO MECÂNICA INVASIVA DOMICILIAR"
0301050171,I,I,0,1571,"AVALIAÇÃO DO PACIENTE EM VENTILAÇÃO MECÂNICA INVASIVADOMICILIAR"
0301060010,I,I,0,239,"DIAGNOSTICO E/OU ATENDIMENTO DE URGENCIA EM CLINICA PEDIATRICA"
0301060029,I,I,0,1571,"ATENDIMENTO DE URGENCIA C/ OBSERVACAO ATE 24 HORAS EM ATENCAO ESPECIALIZADA"
0301060037,I,I,0,1571,"ATENDIMENTO DE URGÊNCIA EM ATENÇÃO BÁSICA"
0301060045,I,I,0,1571,"ATENDIMENTO DE URGÊNCIA EM ATENÇÃO PRIMÁRIA COM OBSERVAÇÃO ATÉ 8 HORAS"
0301060053,I,I,0,1571,"ATENDIMENTO DE URGÊNCIA EM ATENÇÃO PRIMÁRIA COM REMOÇÃO"
0301060061,I,I,0,1571,"ATENDIMENTO DE URGENCIA EM ATENCAO ESPECIALIZADA"
0301060070,I,I,0,1571,"DIAGNOSTICO E/OU ATENDIMENTO DE URGENCIA EM CLINICA CIRURGICA"
0301060088,I,I,228,1571,"DIAGNOSTICO E/OU ATENDIMENTO DE URGENCIA EM CLINICA MEDICA"
0301060096,I,I,0,1571,"ATENDIMENTO MEDICO EM UNIDADE DE PRONTO ATENDIMENTO"
0301060100,I,I,0,1571,"ATENDIMENTO ORTOPÉDICO COM IMOBILIZAÇÃO PROVISÓRIA"
0301060118,I,I,0,1571,"ACOLHIMENTO COM CLASSIFICAÇÃO DE RISCO"
0301070016,I,I,0,1571,"ACOMPANHAMENTO DE PACIENTE C/ IMPLANTE COCLEAR"
0301070024,I,I,0,1571,"ACOMPANHAMENTO DE PACIENTE EM REABILITACAO EM COMUNICACAO ALTERNATIVA"
0301070032,I,I,0,1571,"ACOMPANHAMENTO DE PACIENTE P/ ADAPTACAO DE APARELHO DE AMPLIFICACAO SONORA INDIVIDUAL (AASI) UNI / BILATERAL"
0301070040,I,I,0,1571,"ACOMPANHAMENTO NEUROPSICOLÓGICO DE PACIENTE EM REABILITAÇÃO"
0301070059,I,I,84,1571,"ACOMPANHAMENTO PSICOPEDAGOGICO DE PACIENTE EM REABILITACAO"
0301070067,I,I,0,1571,"ATENDIMENTO / ACOMPANHAMENTO EM REABILITAÇÃO NAS MULTIPLAS DEFICIÊNCIAS"
0301070075,I,I,0,1571,"ATENDIMENTO / ACOMPANHAMENTO DE PACIENTE EM REABILITACAO DO DESENVOLVIMENTO NEUROPSICOMOTOR"
0301070083,I,I,0,1571,"ATENDIMENTO EM OFICINA TERAPÊUTICA I EM GRUPO PARA PESSOAS COM DEFICIÊNCIA (POR OFICINA TERAPÊUTICA I)"
0301070091,N,N,0,1571,"ATENDIMENTO EM OFICINA TERAPÊUTICA II EM GRUPO PARA PESSOAS COM DEFICIÊNCIA (POR OFICINA TERAPÊUTICA II)"
0301070105,I,I,0,1571,"ATENDIMENTO/ACOMPANHAMENTO INTENSIVO DE PACIENTE EM REABILITAÇÃO FÍSICA (1 TURNO PACIENTE-DIA - 15 ATENDIMENTOS-MÊS)"
0301070113,I,I,0,1571,"TERAPIA FONOAUDIOLÓGICA INDIVIDUAL"
0301070121,I,I,0,1571,"TRATAMENTO INTENSIVO DE PACIENTE EM REABILITAÇÃO FÍSICA (1 TURNO PACIENTE- DIA - 20 ATENDIMENTOS-MÊS)"
0301070130,I,I,0,1571,"TRATAMENTO INTENSIVO DE PACIENTE EM REABILITAÇÃO FÍSICA (2 TURNOS PACIENTE-DIA - 20 ATENDIMENTOS-MÊS)"
0301070148,I,I,0,1571,"TREINO DE ORIENTAÇÃO E MOBILIDADE"
0301070156,I,I,0,1571,"AVALIAÇÃO MULTIPROFISSIONAL EM DEFICIÊNCIA VISUAL"
0301070164,I,I,0,1571,"ATENDIMENTO/ACOMPANHAMENTO EM REABILITAÇÃO VISUAL"
0301070172,I,I,0,1571,"MANUTENÇÃO DA PRÓTESE DE IMPLANTE COCLEAR"
0301070180,I,I,0,1571,"ACOMPANHAMENTO DE PACIENTE COM PRÓTESE AUDITIVA ANCORADA NO OSSO"
0301070199,I,I,0,1571,"ACOMPANHAMENTO DE PACIENTE COM IMPLANTE COCLEAR"
0301070202,I,I,0,47,"ESTIMULAÇÃO PRECOCE PARA DESENVOLVIMENTO NEUROPSICOMOTOR"
0301070210,I,I,0,1571,"REABILITAÇÃO DE PACIENTES PÓS COVID-19"
0301070229,I,I,0,1571,"REABILITAÇÃO CARDIORRESPIRATÓRIA DE PACIENTES PÓS COVID-19"
0301070237,I,I,0,1571,"TELEATENDIMENTO/TELEMONITORAMENTO EM REABILITAÇÃO FÍSICA"
0301070245,I,I,0,1571,"TELETENDIMENTO/TELEMONITORAMENTO EM REABILITAÇÃO VISUAL"
0301070253,I,I,0,1571,"TELEATENDIMENTO/TELEMONITORAMENTO EM REABILITAÇÃO AUDITIVA"
0301070261,I,I,0,1571,"TELEATENDIMENTO/TELEMONITORAMENTO EM REABILITAÇÃO INTELECTUAL"
0301070270,I,I,0,1571,"MATRICIAMENTO DE EQUIPES DOS OUTROS PONTOS E NÍVEIS DA REDE DE ATENÇÃO À SAÚDE PARA ATENÇÃO À SAÚDE DAS PESSOAS COM DEFICIÊNCIA"
0301070288,I,I,0,1571,"ALTA POR OBJETIVOS TERAPÊUTICOS ALCANÇADOS DA REABILITAÇÃO NA ATENÇÃO ESPECIALIZADA"
0301070296,I,I,0,47,"ESTIMULAÇÃO PRECOCE RELACIONADA AO NEURODESENVOLVIMENTO NA ATENÇÃO ESPECIALIZADA"
0301070300,I,I,216,1571,"ATENDIMENTO DE FAMILIARES, CUIDADORES E/OU ACOMPANHANTES DE PESSOAS COM DEFICIÊNCIA NOS SERVIÇOS DE REABILITAÇÃO DA ATENÇÃO ESPECIALIZADA"
0301080011,I,I,120,1571,"ABORDAGEM COGNITIVA COMPORTAMENTAL DO FUMANTE (POR ATENDIMENTO / PACIENTE)"
0301080020,I,I,0,1571,"ACOLHIMENTO NOTURNO DE PACIENTE EM CENTRO DE ATENÇÃO PSICOSSOCIAL"
0301080038,I,I,0,1571,"ACOLHIMENTO EM TERCEIRO TURNO DE PACIENTE EM CENTRO DE ATENÇÃO PSICOSSOCIAL"
0301080046,I,I,216,1571,"ACOMPANHAMENTO DE PACIENTE EM SAUDE MENTAL (RESIDENCIA TERAPEUTICA)"
0301080143,I,I,0,1571,"ATENDIMENTO EM OFICINA TERAPEUTICA I - SAUDE MENTAL"
0301080151,N,N,0,1571,"ATENDIMENTO EM OFICINA TERAPEUTICA II - SAUDE MENTAL"
0301080160,I,I,72,1571,"ATENDIMENTO EM PSICOTERAPIA DE GRUPO"
0301080178,N,N,0,1571,"ATENDIMENTO INDIVIDUAL EM PSICOTERAPIA"
0301080194,I,I,0,1571,"ACOLHIMENTO DIURNO DE PACIENTE EM CENTRO DE ATENÇÃO PSICOSSOCIAL"
0301080208,I,I,0,1571,"ATENDIMENTO INDIVIDUAL DE PACIENTE EM CENTRO DE ATENÇÃO PSICOSSOCIAL"
0301080216,I,I,0,1571,"ATENDIMENTO EM GRUPO DE PACIENTE EM CENTRO DE ATENÇÃO PSICOSSOCIAL"
0301080224,I,I,0,1571,"ATENDIMENTO FAMILIAR EM CENTRO DE ATENÇÃO PSICOSSOCIAL"
0301080232,I,I,0,1571,"ACOLHIMENTO INICIAL POR CENTRO DE ATENÇÃO PSICOSSOCIAL"
0301080240,I,I,0,1571,"ATENDIMENTO DOMICILIAR PARA PACIENTES DE CENTRO DE ATENÇÃO PSICOSSOCIAL E/OU FAMILIARES"
0301080259,I,I,0,1571,"AÇÕES DE ARTICULAÇÃO DE REDES INTRA E INTERSETORIAIS"
0301080267,I,I,0,1571,"FORTALECIMENTO DO PROTAGONISMO DE USUÁRIOS DE CENTRO DE ATENÇÃO PSICOSSOCIAL E SEUS FAMILIARES"
0301080275,I,I,0,1571,"PRÁTICAS CORPORAIS EM CENTRO DE ATENÇÃO PSICOSSOCIAL"
0301080283,I,I,0,1571,"PRÁTICAS EXPRESSIVAS E COMUNICATIVAS"
0301080291,I,I,0,1571,"ATENÇÃO ÀS SITUAÇÕES DE CRISE"
0301080305,I,I,0,1571,"MATRICIAMENTO DE EQUIPES DA ATENÇÃO BÁSICA"
0301080313,I,I,0,1571,"AÇÕES DE REDUÇÃO DE DANOS"
0301080321,I,I,0,1571,"ACOMPANHAMENTO DE SERVIÇO RESIDENCIAL TERAPÊUTICO POR CENTRO DE ATENÇÃO PSICOSSOCIAL"
0301080330,I,I,0,1571,"APOIO À SERVIÇO RESIDENCIAL DE CARÁTER TRANSITÓRIO POR CENTRO DE ATENÇÃO PSICOSSOCIAL"
0301080348,I,I,0,1571,"AÇÕES DE REABILITAÇÃO PSICOSSOCIAL"
0301080356,I,I,0,1571,"PROMOÇÃO DE CONTRATUALIDADE NO TERRITÓRIO"
0301080364,I,I,216,1571,"ACOMPANHAMENTO DE PESSOAS COM NECESSIDADES DECORRENTES DO USO DE ÁLCOOL, CRACK E OUTRAS DROGAS EM SERVIÇO RESIDENCIAL DE CARÁTER TRANSITÓRIO (COMUNIDADES TERAPÊUTICAS)."
0301080372,I,I,216,1571,"ACOMPANHAMENTO DE PESSOAS ADULTAS COM SOFRIMENTO OU TRANSTORNOS MENTAIS DECORRENTES DO USO DE CRACK, ÁLCOOL E OUTRAS DROGAS-UNIDADE DE ACOLHIMENTO ADULTO (UAA)."
0301080380,I,I,120,227,"ACOMPANHAMENTO DA POPULAÇÃO INFANTO-JUVENIL COM SOFRIMENTO OU TRANSTORNOS MENTAIS DECORRENTES DO USO DE CRACK, ÁLCOOL E OUTRAS DROGAS-UNIDADE DE ACOLHIMENTO INFANTO-JUVENIL (UAI)."
0301080399,I,I,0,1571,"MATRICIAMENTO DE EQUIPES DOS PONTOS DE ATENÇÃO DA URGÊNCIA E EMERGÊNCIA, E DOS SERVIÇOS HOSPITALARES DE REFERÊNCIA PARA ATENÇÃO A PESSOAS COM SOFRIMENTO OU TRANSTORNOS MENTAIS E COM NECESSIDADES DE SAÚDE DECORRENTE DO USO DE ALCOOL, CRACK E OUTRAS D"
0301080402,N,N,,,"APOIO MATRICIAL EM SAÚDE DO TRABALHADOR NA ATENÇÃO PRIMÁRIA À SAÚDE"
0301080410,N,N,,,"APOIO MATRICIAL EM SAÚDE DO TRABALHADOR NA ATENÇÃO ESPECIALIZADA, URGÊNCIA E EMERGÊNCIA"
0301080429,N,N,,,"APOIO MATRICIAL EM VIGILÂNCIA À SAÚDE DO TRABALHADOR (VISAT) PARA OUTROS COMPONENTES DA VIGILÂNCIA EM SAÚDE"
0301080437,N,N,,,"ACOLHIMENTO DE PESSOAS COM PROBLEMAS DE SAÚDE MENTAL EM CONFLITO COM A LEI"
0301080445,N,N,,,"AVALIAÇÃO E ACOMPANHAMENTO DE MEDIDAS TERAPÊUTICAS PARA PESSOAS COM PROBLEMAS DE SAÚDE MENTAL EM CONFLITO COM A LEI"
0301080453,N,N,,,"MATRICIAMENTO DA REDE DE ATENÇÃO À SAÚDE PARA PESSOA COM TRANSTORNO MENTAL EM CONFLITO COM A LEI"
0301080461,N,N,,,"AÇÕES DE ARTICULAÇÃO DE REDES INTRA E INTERSETORIAIS PARA AS PESSOAS COM PROBLEMAS DE SAÚDE MENTAL EM CONFLITO COM A LEI"
0301090017,I,I,720,1571,"ATENDIMENTO EM GERIATRIA (1 TURNO)"
0301090025,I,I,720,1571,"ATENDIMENTO EM GERIATRIA (2 TURNOS)"
0301090033,I,I,720,1571,"AVALIAÇÃO MULTIDIMENSIONAL DA PESSOA IDOSA"
0301100012,I,I,0,1571,"ADMINISTRACAO DE MEDICAMENTOS NA ATENCAO ESPECIALIZADA."
0301100039,I,I,0,1571,"AFERIÇÃO DE PRESSÃO ARTERIAL"
0301100047,I,I,0,1571,"CATETERISMO VESICAL DE ALIVIO"
0301100055,I,I,0,1571,"CATETERISMO VESICAL DE DEMORA"
0301100063,I,I,0,1571,"CUIDADOS COM ESTOMAS"
0301100071,I,I,0,1571,"CUIDADOS C/ TRAQUEOSTOMIA"
0301100080,I,I,0,1571,"DETERMINACAO DE PRESSAO VENOSA CENTRAL (PVC)"
0301100098,I,I,0,1571,ENEMA
0301100101,I,I,0,1571,"INALAÇÃO / NEBULIZAÇÃO"
0301100110,I,I,0,1571,"IRRIGACAO VESICAL"
0301100128,I,I,0,1571,"LAVAGEM GASTRICA"
0301100136,I,I,108,731,"ORDENHA MAMÁRIA"
0301100144,I,I,0,1571,"OXIGENOTERAPIA POR DIA"
0301100152,I,I,0,1571,"RETIRADA DE PONTOS DE CIRURGIAS (POR PACIENTE)"
0301100179,I,I,0,1571,"SONDAGEM GÁSTRICA"
0301100187,I,I,0,1571,"TERAPIA DE REIDRATAÇÃO ORAL"
0301100195,I,I,0,1571,"ADMINISTRAÇÃO DE MEDICAMENTOS POR VIA ENDOVENOSA"
0301100209,I,I,0,1571,"ADMINISTRAÇÃO DE MEDICAMENTOS POR VIA INTRAMUSCULAR"
0301100217,I,I,0,1571,"ADMINISTRAÇÃO DE MEDICAMENTOS POR VIA ORAL"
0301100225,I,I,0,1571,"ADMINISTRAÇÃO DE MEDICAMENTOS POR VIA SUBCUTÂNEA (SC)"
0301100233,I,I,0,1571,"ADMINISTRAÇÃO TÓPICA DE MEDICAMENTO(S)"
0301100241,I,I,0,1571,"ADMINISTRAÇÃO DE PENICILINA PARA TRATAMENTO DE SÍFILIS"
0301100250,I,I,0,1571,"AFERIÇÃO DE TEMPERATURA"
0301100268,I,I,0,1571,"PREPARAÇÃO PARA O ELETROCARDIOGRAMA"
0301100276,I,I,0,1571,"CURATIVO ESPECIAL"
0301100284,I,I,0,1571,"CURATIVO SIMPLES"
0301110018,I,I,0,1571,"ACOMPANHAMENTO DE PACIENTE MÉDIO / GRANDE QUEIMADO"
0301110026,I,I,0,1571,"ACOMPANHAMENTO DE PACIENTE PEQUENO QUEIMADO"
0301120013,N,N,,,"ACOMPANHAMENTO DE PACIENTE COM FENILCETONÚRIA"
0301120021,N,N,,,"ACOMPANHAMENTO DE PACIENTE COM FIBROSE CÍSTICA"
0301120030,N,N,,,"ACOMPANHAMENTO DE PACIENTE COM HEMOGLOBINOPATIAS"
0301120048,N,N,,,"ACOMPANHAMENTO DE PACIENTE COM HIPOTIREOIDISMO CONGÊNITO"
0301120056,I,I,192,1571,"ACOMPANHAMENTO DE PACIENTE PÓS-CIRURGIA BARIÁTRICA POR EQUIPE MULTIPROFISSIONAL"
0301120064,N,N,,,"ACOMPANHAMENTO EM SERVIÇO DE REFERÊNCIA EM TRIAGEM NEONATAL (SRTN) - HIPERPLASIA ADRENAL CONGÊNITA."
0301120072,N,N,,,"ACOMPANHAMENTO EM SERVIÇO DE REFERÊNCIA DE TRIAGEM NEONATAL (SRTN) PACIENTE COM DEFICIÊNCIA DE BIOTINIDASE"
0301120080,I,I,192,1571,"ACOMPANHAMENTO DE PACIENTE PRÉ-CIRURGIA BARIÁTRICA POR EQUIPE MULTIPROFISSIONAL"
0301130019,I,I,0,1571,"AVALIAÇÃO CLÍNICA E ELETRÔNICA DE DISPOSITIVO ELÉTRICO CARDÍACO IMPLANTÁVEL"
0301130035,I,I,216,1571,"ACOMPANHAMENTO NO PROCESSO TRANSEXUALIZADO EXCLUSIVAMENTE PARA ATENDIMENTO CLÍNICO"
0301130043,I,I,216,911,"ACOMPANHAMENTO NO PROCESSO TRANSEXUALIZADOR EXCLUSIVO NAS ETAPAS DO PRÉ E PÓS-OPERATÓRIO"
0301130051,I,I,0,1571,"ACOMPANHAMENTO MULTIPROFISSIONAL EM DRC ESTÁGIO 04 PRÉ DIÁLISE"
0301130060,I,I,0,1571,"ACOMPANHAMENTO MULTIPROFISSIONAL EM DRC ESTÁGIO 05 PRÉ DIÁLISE"
0301130078,I,I,0,1571,"ACOMPANHAMENTO DO TRATAMENTO PARA MALÁRIA NÃO COMPLICADA"
0301140014,I,I,0,1571,"ATENDIMENTO DE PACIENTE EM CUIDADOS PALIATIVOS"
0301160015,I,I,0,1571,"REABILITAÇÃO EM FALÊNCIA INTESTINAL EM NÍVEL AMBULATORIAL"
0301160023,I,I,0,1571,"REABILITAÇÃO EM FALÊNCIA INTESTINAL EM NÍVEL HOSPITALAR"
0302010017,I,I,0,1571,"ATENDIMENTO FISIOTERAPÊUTICO EM PACIENTE NO PRÉ/PÓS CIRURGIAS UROGINECOLÓGICAS"
0302010025,I,I,0,1571,"ATENDIMENTO FISIOTERAPÊUTICO EM PACIENTES C/ DISFUNÇÕES UROGINECOLÓGICAS"
0302010033,I,I,0,1,"ATENDIMENTO FISIOTERAPÊUTICO EM PACIENTE NEONATO"
0302020020,I,I,0,1571,"ATENDIMENTO FISIOTERAPÊUTICO EM PACIENTE ONCOLÓGICO CLÍNICO"
0302020039,I,I,0,1571,"ATENDIMENTO FISIOTERAPÊUTICO EM PACIENTE NO PRÉ E PÓS CIRURGIA ONCOLÓGICA"
0302030018,I,I,0,1571,"ATENDIMENTO FISIOTERAPÊUTICO EM PACIENTES COM ALTERAÇÕES OCULOMOTORAS CENTRAIS C/ COMPROMETIMENTO SISTÊMICO"
0302030026,I,I,0,1571,"ATENDIMENTO FISIOTERAPÊUTICO EM PACIENTE COM ALTERAÇÕES OCULOMOTORAS PERIFÉRICAS"
0302040013,I,I,0,1571,"ATENDIMENTO FISIOTERAPÊUTICO EM PACIENTE COM TRANSTORNO RESPIRATÓRIO COM COMPLICAÇÕES SISTÊMICAS"
0302040021,I,I,0,1571,"ATENDIMENTO FISIOTERAPÊUTICO EM PACIENTE COM TRANSTORNO RESPIRATÓRIO SEM COMPLICAÇÕES SISTÊMICAS"
0302040030,I,I,0,1571,"ATENDIMENTO FISIOTERAPÊUTICO EM PACIENTE COM TRANSTORNO CLÍNICO CARDIOVASCULAR"
0302040048,I,I,0,1571,"ATENDIMENTO FISIOTERAPÊUTICO EM PACIENTE PRÉ/PÓS CIRURGIA CARDIOVASCULAR"
0302040056,I,I,0,1571,"ATENDIMENTO FISIOTERAPÊUTICO NAS DISFUNÇÕES VASCULARES PERIFÉRICAS"
0302040064,I,I,0,1571,"ATENDIMENTO FISIOTERAPÊUTICO EM PACIENTE COM SÍNDROME CORONARIANA AGUDA"
0302050019,I,I,0,1571,"ATENDIMENTO FISIOTERAPÊUTICO EM PACIENTES NO PRÉ E PÓS-OPERATÓRIO NAS DISFUNÇÕES MÚSCULO ESQUELÉTICAS"
0302050027,I,I,0,1571,"ATENDIMENTO FISIOTERAPÊUTICO NAS ALTERAÇÕES MOTORAS"
0302050035,I,I,0,1571,"ATENDIMENTO FISIOTERAPÊUTICO EM PACIENTES NO PRÉ E PÓS-OPERATÓRIO NAS DISFUNÇÕES MUSCULO- ESQUELETICAS C/ COMPLICAÇÕES SISTEMICAS"
0302060014,I,I,0,1571,"ATENDIMENTO FISIOTERAPÊUTICO EM PACIENTES COM DISTÚRBIOS NEURO-CINÉTICO-FUNCIONAIS SEM COMPLICAÇÕES SISTÊMICAS"
0302060022,I,I,0,1571,"ATENDIMENTO FISIOTERAPÊUTICO EM PACIENTES COM DISTÚRBIOS NEURO-CINÉTICO-FUNCIONAIS COM COMPLICAÇÕES SISTÊMICAS"
0302060030,I,I,0,1571,"ATENDIMENTO FISIOTERAPÊUTICO NAS DESORDENS DO DESENVOLVIMENTO NEURO MOTOR"
0302060049,I,I,0,1571,"ATENDIMENTO FISIOTERAPÊUTICO EM PACIENTE C/ COMPROMETIMENTO COGNITIVO"
0302060057,I,I,0,1571,"ATENDIMENTO FISIOTERAPÊUTICO EM PACIENTE NO PRÉ/PÓS-OPERATÓRIO DE NEUROCIRURGIA"
0302070010,I,I,0,1571,"ATENDIMENTO FISIOTERAPÊUTICO EM PACIENTE MÉDIO QUEIMADO"
0302070028,I,I,0,1571,"ATENDIMENTO FISIOTERAPÊUTICO EM PACIENTE GRANDE QUEIMADO"
0302070036,I,I,0,1571,"ATENDIMENTO FISIOTERAPÊUTICO EM PACIENTE COM SEQÜELAS POR QUEIMADURAS (MÉDIO E GRANDE QUEIMADOS)"
0303010010,I,I,0,1571,"TRATAMENTO DE DENGUE CLÁSSICA"
0303010029,I,I,0,1571,"TRATAMENTO DE DENGUE HEMORRÁGICA"
0303010037,I,I,0,1571,"TRATAMENTO DE OUTRAS DOENÇAS BACTERIANAS"
0303010045,I,I,0,1571,"TRATAMENTO DE DOENÇAS BACTERIANAS ZOONÓTICAS"
0303010053,I,I,0,1571,"TRATAMENTO DE OUTRAS DOENÇAS DEVIDAS A PROTOZOÁRIOS (B55 A B64)"
0303010061,I,I,0,1571,"TRATAMENTO DE DOENÇAS INFECCIOSAS INTESTINAIS"
0303010070,I,I,0,1571,"TRATAMENTO DE FEBRES POR ARBOVÍRUS E FEBRES HEMORRÁGICAS VIRAIS"
0303010088,I,I,0,1571,"TRATAMENTO DE HANSENÍASE"
0303010096,I,I,0,1571,"TRATAMENTO DE HANTAVIROSE"
0303010100,I,I,0,1571,"TRATAMENTO DE HELMINTÍASES (B65 A B83)"
0303010118,I,I,0,1571,"TRATAMENTO DE HEPATITES VIRAIS"
0303010126,I,I,0,1571,"TRATAMENTO DE INFECÇÕES DE TRANSMISSÃO PREDOMINANTEMENTE SEXUAL (A50 A A64)"
0303010134,I,I,0,1571,"TRATAMENTO DE INFECÇÕES VIRAIS CARACTERIZADAS POR LESÕES DE PELE E MUCOSAS (B00 A B09)"
0303010142,I,I,0,1571,"TRATAMENTO DE INFECÇÕES VIRAIS DO SISTEMA NERVOSO CENTRAL"
0303010150,I,I,0,1571,"TRATAMENTO DE MALÁRIA"
0303010169,I,I,0,1571,"TRATAMENTO DE MICOSES (B35 A B49)"
0303010177,I,I,0,239,"TRATAMENTO DE OUTRAS DOENÇAS CAUSADAS POR CLAMÍDIAS(A70 A A74)"
0303010185,I,I,0,1571,"TRATAMENTO DE OUTRAS DOENÇAS CAUSADAS POR ESPIROQUETAS (A65 A A69)"
0303010193,I,I,0,1571,"TRATAMENTO DE OUTRAS DOENÇAS CAUSADAS POR VÍRUS (B25 A B34)"
0303010207,I,I,0,1571,"TRATAMENTO DE POLIOMIELITE PARALÍTICA AGUDA"
0303010215,I,I,0,1571,"TRATAMENTO DE TUBERCULOSE (A15 A A19)"
0303010231,I,I,60,1571,"CONSULTA EM SAÚDE DO TRABALHADOR (EXCETO MÉDICO)"
0303010240,I,I,0,1571,"DOSE SUPERVISIONADA NO TRATAMENTO DE HANSENÍASE"
0303010258,I,I,12,1571,"TRATATAMENTO INTRALESIONAL DA LEISHMANIOSE TEGUMENTAR (LT)NÃO COMPLICADA COM ANTIMONIATO DE MEGLUMINA"
0303020016,I,I,0,1571,"PULSOTERAPIA I (POR APLICACAO)"
0303020024,I,I,0,1571,"PULSOTERAPIA II (POR APLICACAO)"
0303020032,I,I,0,1571,"TRATAMENTO DE ANEMIA APLASTICA E OUTRAS ANEMIAS"
0303020040,I,I,0,1571,"TRATAMENTO DE ANEMIA HEMOLITICA"
0303020059,I,I,0,1571,"TRATAMENTO DE ANEMIAS NUTRICIONAIS"
0303020067,I,I,0,1571,"TRATAMENTO DE DEFEITOS DA COAGULACAO PURPURA E OUTRAS AFECCOES HEMORRAGICAS"
0303020075,I,I,0,1571,"TRATAMENTO DE HEMOFILIAS"
0303020083,I,I,0,1571,"TRATAMENTO DE OUTRAS DOENÇAS DO SANGUE E DOS ÓRGÃOS HEMATOPOIÉTICOS"
0303030011,I,I,0,1571,"TRATAMENTO DA FIBROSE CÍSTICA"
0303030020,I,I,0,1571,"TRATAMENTO DE DESNUTRICAO"
0303030038,I,I,0,1571,"TRATAMENTO DE DIABETES MELLITUS"
0303030046,I,I,0,1571,"TRATAMENTO DE DISTURBIOS METABOLICOS"
0303030054,I,I,0,1571,"TRATAMENTO DE TRANSTORNOS DA GLÂNDULA TIREOIDE"
0303030062,I,I,0,1571,"TRATAMENTO DE TRANSTORNOS DE OUTRAS GLÂNDULAS ENDÓCRINAS"
0303030089,I,I,216,911,"TRATAMENTO HORMONAL PREPARATÓRIO PARA CIRURGIA DE REDESIGNAÇÃO SEXUAL NO PROCESSO TRANSEXUALIZADOR"
0303030097,I,I,216,911,"TERAPIA HORMONAL NO PROCESSO TRANSEXUALIZADOR"
0303040017,I,I,0,1571,"AJUSTE MEDICAMENTOSO DE SITUAÇÕES NEUROLÓGICAS AGUDIZADAS"
0303040025,I,I,0,263,"INTERNAÇÃO P/ O TRATAMENTO MEDICAMENTOSO DA OSTEOGENESIS IMPERFECTA"
0303040033,I,I,60,1571,"TRATAMENTO DA MIGRANEA COMPLICADA"
0303040041,I,I,144,1571,"TRATAMENTO CLÍNICO DE ABSCESSO CEREBRAL"
0303040050,I,I,60,1571,"TRATAMENTO CLINICO DE COREIA AGUDA"
0303040068,I,I,0,1571,"TRATAMENTO CONSERVADOR DA DOR REBELDE DE ORIGEM CENTRAL OU NEOPLÁSICA"
0303040076,I,I,0,1571,"TRATAMENTO CONSERVADOR DA HEMORRAGIA CEREBRAL"
0303040084,I,I,0,1571,"TRATAMENTO CONSERVADOR DE TRAUMATISMO CRANIOENCEFÁLICO (GRAU LEVE)"
0303040092,I,I,0,1571,"TRATAMENTO CONSERVADOR DE TRAUMATISMO CRANIOENCEFÁLICO (GRAU MÉDIO)"
0303040106,I,I,0,1571,"TRATAMENTO CONSERVADOR DE TRAUMATISMO CRANIOENCEFALICO GRAVE"
0303040114,I,I,0,1571,"TRATAMENTO CONSERVADOR DE TRAUMATISMO RAQUIMEDULAR"
0303040122,I,I,0,1571,"TRATAMENTO CONSERVADOR DE TUMOR DO SISTEMA NERVOSO CENTRAL"
0303040130,I,I,0,1571,"TRATAMENTO CLÍNICO DAS MIELITES / MIELOPATIAS"
0303040149,I,I,0,1571,"TRATAMENTO DE ACIDENTE VASCULAR CEREBRAL - AVC (ISQUEMICO OU HEMORRAGICO AGUDO)"
0303040157,I,I,0,1571,"TRATAMENTO DE COMPLICAÇÕES DA HIDROCEFALIA"
0303040165,I,I,0,1571,"TRATAMENTO DE CRISES EPILÉTICAS NÃO CONTROLADAS"
0303040173,I,I,0,1571,"TRATAMENTO DE DISTROFIAS MUSCULARES"
0303040181,I,I,240,1571,"TRATAMENTO DE DOENCA DE PARKINSON"
0303040190,I,I,144,1571,"TRATAMENTO DE DOENÇA DOS NEURÔNIOS MOTORES CENTRAIS C/ OU S/ AMIOTROFIAS"
0303040203,I,I,0,1571,"TRATAMENTO DE DOENÇAS NEURODEGENERATIVAS"
0303040211,I,I,36,1571,"TRATAMENTO DE ENCEFALOPATIA HIPERTENSIVA"
0303040220,I,I,0,1571,"TRATAMENTO DE ESCLEROSE GENERALIZADA PROGRESSIVA"
0303040238,I,I,0,1571,"TRATAMENTO DE FRATURA DA COLUNA VERTEBRAL C/ LESÃO DA MEDULA ESPINHAL"
0303040246,I,I,0,1571,"TRATAMENTO DE INTERCORRENCIAS DE DOENCAS NEUROMUSCULARES"
0303040254,I,I,0,1571,"TRATAMENTO DE MIASTENIA GRAVE"
0303040262,I,I,0,1571,"TRATAMENTO DE POLINEUROPATIAS"
0303040270,I,I,0,1571,"TRATAMENTO DE POLIRRADICULONEURITE DESMIELINIZANTE AGUDA"
0303040289,I,I,36,1571,"TRATAMENTO DE SURTO DE ESCLEROSE MULTIPLA"
0303040297,I,I,0,1571,"TRATAMENTO DE PROCESSO TOXI-INFECCIOSO DO CEREBRO OU DA MEDULA ESPINHAL"
0303040300,I,I,216,1571,"TRATAMENTO DO ACIDENTE VASCULAR CEREBRAL ISQUÊMICO AGUDO COM USO DE TROMBOLÍTICO"
0303050012,I,I,0,1571,"ACOMPANHAMENTO E AVALIACAO DE GLAUCOMA POR FUNDOSCOPIA E TONOMETRIA"
0303050020,I,I,0,1571,"EXERCICIOS ORTOPTICOS"
0303050039,I,I,0,1571,"TRATAMENTO OFTALMOLÒGICO DE PACIENTE C/ GLAUCOMA BINOCULAR (1ª LINHA )"
0303050047,I,I,0,1571,"TRATAMENTO OFTALMOLÓGICO DE PACIENTE C/ GLAUCOMA BINOCULAR (2ª LINHA)"
0303050055,I,I,0,1571,"TRATAMENTO OFTALMOLÓGICO DE PACIENTE C/ GLAUCOMA BINOCULAR (3 ª LINHA)"
0303050063,I,I,0,1571,"TRATAMENTO OFTALMOLÓGICO DE PACIENTE C/ GLAUCOMA MONOCULAR (1ª LINHA )"
0303050071,I,I,0,1571,"TRATAMENTO OFTALMOLÓGICO DE PACIENTE COM GLAUCOMA MONOCULAR (2ª LINHA)"
0303050080,I,I,0,1571,"TRATAMENTO OFTALMOLÓGICO DE PACIENTE COM GLAUCOMA MONOCULAR (3ª LINHA)"
0303050098,I,I,0,1571,"TRATAMENTO OFTALMOLOGICO DE PACIENTE COM GLAUCOMA COM DISPENSAÇÃO DE ACETAZOLAMIDA MONOCULAR OU BINOCULAR"
0303050101,I,I,0,1571,"TRATAMENTO OFTALMOLÓGICO DE PACIENTE COM GLAUCOMA COM DISPENSAÇÃO DE PILOCARPINA MONOCULAR"
0303050110,I,I,0,1571,"TRATAMENTO OFTALMOLÓGICO DE PACIENTE COM GLAUCOMA COM DISPENSAÇÃO DE PILOCARPINA BINOCULAR"
0303050136,I,I,0,1571,"TRATAMENTO CLÍNICO DE INTERCORRÊNCIAS OFTALMOLÓGICAS"
0303050144,I,I,0,1571,"TRATAMENTO CLÍNICO DE INTERCORRÊNCIAS OFTALMOLÓGICAS DE ORIGEM INFECCIOSA"
0303050152,I,I,0,1571,"TRATAMENTO OFTALMOLÓGICO DE PACIENTE COM GLAUCOMA - 1ª LINHA ASSOCIADA A 2ª LINHA - MONOCULAR"
0303050160,I,I,0,1571,"TRATAMENTO OFTALMOLÓGICO DE PACIENTE COM GLAUCOMA - 1ª LINHA ASSOCIADA A 2ª LINHA - BINOCULAR"
0303050179,I,I,0,1571,"TRATAMENTO OFTALMOLÓGICO DE PACIENTE COM GLAUCOMA - 1ª LINHA ASSOCIADA A 3ª LINHA - MONOCULAR"
0303050187,I,I,0,1571,"TRATAMENTO OFTALMOLÓGICO DE PACIENTE COM GLAUCOMA - 1ª LINHA ASSOCIADA A 3ª LINHA - BINOCULAR"
0303050195,I,I,0,1571,"TRATAMENTO OFTALMOLÓGICO DE PACIENTE COM GLAUCOMA - 2ª LINHA ASSOCIADA A 3ª LINHA - MONOCULAR"
0303050209,I,I,0,1571,"TRATAMENTO OFTALMOLÓGICO DE PACIENTE COM GLAUCOMA - 2ª LINHA ASSOCIADA A 3ª LINHA - BINOCULAR"
0303050217,I,I,0,1571,"TRATAMENTO OFTALMOLÓGICO DE PACIENTE COM GLAUCOMA MONOCULAR- ASSOCIAÇÃO DE 1ª, 2ª E 3ª LINHAS"
0303050225,I,I,0,1571,"TRATAMENTO OFTALMOLÓGICO DE PACIENTE COM GLAUCOMA BINOCULAR - ASSOCIAÇÃO 1ª, 2ª E 3ª LINHAS"
0303050233,I,I,216,1571,"TRATAMENTO MEDICAMENTOSO DE DOENÇA DA RETINA"
0303060018,I,I,0,1571,"TRATAMENTO DE ANEURISMA DA AORTA"
0303060026,I,I,0,1571,"TRATAMENTO DE ARRITMIAS"
0303060034,I,I,0,1571,"TRATAMENTO DE CARDIOPATIA HIPERTROFICA"
0303060042,I,I,144,1571,"TRATAMENTO DE CARDIOPATIA ISQUEMICA CRONICA"
0303060050,I,I,0,1571,"TRATAMENTO DE CHOQUE ANAFILATICO"
0303060069,I,I,0,1571,"TRATAMENTO DE CHOQUE CARDIOGENICO"
0303060077,I,I,0,1571,"TRATAMENTO DE CHOQUE HIPOVOLEMICO"
0303060085,I,I,144,1571,"TRATAMENTO DE COMPLICAÇÕES CARDÍACAS PÓS-CIRURGIA"
0303060093,I,I,0,1571,"TRATAMENTO DE COMPLICACOES DE DISPOSITIVOS PROTETICOS IMPLANTES E ENXERTOS CARDIACOS E VALVULARES"
0303060107,I,I,0,1571,"TRATAMENTO DE CRISE HIPERTENSIVA"
0303060115,I,I,0,1571,"TRATAMENTO DE DOENCA REUMATICA C/ COMPROMETIMENTO CARDIACO"
0303060123,I,I,36,1571,"TRATAMENTO DE DOENCA REUMATICA S/ CARDITE"
0303060131,I,I,0,1571,"TRATAMENTO DE EDEMA AGUDO DE PULMÃO"
0303060140,I,I,0,1571,"TRATAMENTO DE EMBOLIA PULMONAR"
0303060158,I,I,156,1571,"TRATAMENTO DE ENDOCARDITE INFECCIOSA EM PROTESE VALVAR"
0303060166,I,I,0,1571,"TRATAMENTO DE ENDOCARDITE INFECCIOSA EM VALVULA NATIVA"
0303060174,I,I,0,1571,"TRATAMENTO DE HIPERTENSÃO PULMONAR"
0303060182,I,I,0,1571,"TRATAMENTO DE HIPERTENSAO SECUNDARIA"
0303060190,I,I,0,1571,"TRATAMENTO DE INFARTO AGUDO DO MIOCÁRDIO"
0303060204,I,I,0,1571,"TRATAMENTO DE INSUFICIENCIA ARTERIAL C/ ISQUEMIA CRITICA"
0303060212,I,I,0,1571,"TRATAMENTO DE INSUFICIENCIA CARDIACA"
0303060220,I,I,12,1571,"TRATAMENTO DE LINFADENITES INESPECIFICAS"
0303060239,I,I,0,1571,"TRATAMENTO DE MIOCARDIOPATIAS"
0303060247,I,I,0,1571,"TRATAMENTO DE OUTRAS VASCULOPATIAS"
0303060255,I,I,12,1571,"TRATAMENTO DE PARADA CARDIACA C/ RESSUSCITACAO"
0303060263,I,I,144,1571,"TRATAMENTO DE PÉ DIABÉTICO COMPLICADO"
0303060271,I,I,0,1571,"TRATAMENTO DE PERICARDITE"
0303060280,I,I,0,1571,"TRATAMENTO DE SINDROME CORONARIANA AGUDA"
0303060298,I,I,0,1571,"TRATAMENTO DE TROMBOSE VENOSA PROFUNDA"
0303060301,I,I,144,1571,"TRATAMENTO DE VARIZES DOS MEMBROS INFERIORES C/ ULCERA"
0303070013,I,I,0,1571,"DILATACAO DE ESOFAGO C/ OGIVAS SOB VISAO ENDOSCOPICA (POR SESSAO)"
0303070021,I,I,0,1571,HEMOPERFUSAO
0303070030,I,I,0,1571,"REMOÇÃO MANUAL DE FECALOMA"
0303070048,I,I,0,1571,"RETIRADA DE CORPO ESTRANHO DO ESOFAGO"
0303070056,I,I,0,1571,"RETIRADA DE CORPO ESTRANHO DO ESTOMAGO / DUODENO"
0303070064,I,I,0,1571,"TRATAMENTO DE DOENCAS DO ESOFAGO ESTOMAGO E DUODENO"
0303070072,I,I,0,1571,"TRATAMENTO DE DOENCAS DO FIGADO"
0303070080,I,I,0,1571,"TRATAMENTO DE DOENCAS DO PERITONIO"
0303070099,I,I,0,1571,"TRATAMENTO DE ENTERITES E COLITES NAO INFECCIOSAS"
0303070102,I,I,0,1571,"TRATAMENTO DE OUTRAS DOENCAS DO APARELHO DIGESTIVO"
0303070110,I,I,0,1571,"TRATAMENTO DE OUTRAS DOENCAS DO INTESTINO"
0303070129,I,I,0,1571,"TRATAMENTO DE TRANSTORNOS DAS VIAS BILIARES E PANCREAS"
0303070137,I,I,192,1571,"TRATAMENTO DE INTERCORRÊNCIA CLINICA PÓS-CIRURGIA BARIÁTRICA"
0303080019,I,I,0,1571,"CAUTERIZAÇÃO QUÍMICA DE PEQUENAS LESÕES"
0303080027,I,I,0,1571,"DESBASTAMENTO DE CALOSIDADE E/OU MAL PERFURANTE (DESBASTAMENTO)"
0303080035,I,I,0,1571,"ESFOLIAÇÃO QUÍMICA"
0303080043,I,I,0,1571,"TRATAMENTO DE AFECÇÕES BOLHOSAS"
0303080051,I,I,0,227,"TRATAMENTO DE DERMATITES E ECZEMAS"
0303080060,I,I,0,1571,"TRATAMENTO DE ESTAFILOCOCCIAS"
0303080078,I,I,0,1571,"TRATAMENTO DE ESTREPTOCOCCIAS"
0303080086,I,I,0,1571,"TRATAMENTO DE FARMACODERMIAS"
0303080094,I,I,0,1571,"TRATAMENTO DE OUTRAS AFECÇÕES DA PELE E DO TECIDO SUBCUTÂNEO"
0303080108,I,I,10,1571,"FOTOTERAPIA (POR SESSÃO)"
0303080116,I,I,10,1571,"FOTOTERAPIA COM FOTOSSENSIBILIZAÇÃO (POR SESSÃO)"
0303090014,I,I,0,1571,"ARTROCENTESE DE GRANDES ARTICULACOES"
0303090022,I,I,0,1571,"ARTROCENTESE DE PEQUENAS ARTICULACOES"
0303090030,I,I,0,1571,"INFILTRACAO DE SUBSTANCIAS EM CAVIDADE SINOVIAL (ARTICULACAO, BAINHA TENDINOSA)"
0303090049,I,I,0,1571,"INSTALACAO DE TRACAO CUTANEA"
0303090073,I,I,0,1571,"REVISÃO COM TROCA DE APARELHO GESSADO EM MEMBRO INFERIOR"
0303090081,I,I,0,1571,"REVISÃO COM IMOBILIZAÇÃO NÃO GESSADA EM LESÃO DA COLUNA VERTEBRAL"
0303090090,I,I,0,1571,"REVISÃO COM TROCA DE APARELHO GESSADO EM MEMBRO SUPERIOR"
0303090111,I,I,0,1571,"REVISÃO COM TROCA DE APARELHO GESSADO EM LESÃO DA COLUNA VERTEBRAL"
0303090120,I,I,0,1571,"TRATAMENTO CONSERVADOR DE FRATURA NA CINTURA ESCAPULAR (COM IMOBILIZAÇÃO)"
0303090138,I,I,0,1571,"TRATAMENTO CONSERVADOR DE FRATURA / LESAO LIGAMENTAR / ARRANCAMENTO OSSEO AO NIVEL DA PELVE"
0303090146,I,I,0,1571,"TRATAMENTO CONSERVADOR DE FRATURA DE COSTELAS"
0303090154,I,I,0,1571,"TRATAMENTO CONSERVADOR DE FRATURA DE PUNHO COM LUVA GESSADA"
0303090162,I,I,0,1571,"TRATAMENTO CONSERVADOR DE FRATURA DE OSSO METACÁRPICO"
0303090170,I,I,0,1571,"TRATAMENTO CONSERVADOR DE FRATURA DE OSSOS DA FACE"
0303090189,I,I,0,1571,"TRATAMENTO CONSERVADOR DE FRATURA DO ESTERNO"
0303090197,I,I,0,1571,"TRATAMENTO CONSERVADOR DE FRATURA DOS ANEIS PELVICOS"
0303090200,I,I,0,1571,"TRATAMENTO CONSERVADOR DE FRATURA EM MEMBRO INFERIOR COM IMOBILIZAÇÃO"
0303090219,I,I,0,1571,"TRATAMENTO CONSERVADOR DE LESÃO DA COLUNA CERVICAL COM IMOBILIZAÇÃO"
0303090227,I,I,0,1571,"TRATAMENTO CONSERVADOR DE FRATURA EM MEMBRO SUPERIOR COM IMOBILIZAÇÃO"
0303090235,I,I,0,1571,"TRATAMENTO CONSERVADOR DE LESAO DA COLUNA TORACO-LOMBO-SACRA C/ ORTESE"
0303090243,I,I,0,1571,"TRATAMENTO CONSERVADOR DE LESAO DA COLUNA TORACO-LOMBO-SACRA S/ IMOBILIZACAO"
0303090251,I,I,0,1571,"TRATAMENTO CONSERVADOR DE LESÃO DE COLUNA TORACO-LOMBO-SACRA COM IMOBILIZAÇÃO"
0303090260,I,I,0,1571,"TRATAMENTO CONSERVADOR DE LESÃO DE MECANISMO EXTENSOR DOS DEDOS"
0303090286,I,I,0,1571,"TRATAMENTO CONSERVADOR DE LESÃO LIGAMENTAR EM MEMBRO COM IMOBILIZAÇÃO"
0303090294,I,I,0,1571,"TRATAMENTO CONSERVADOR DE LUMBAGO OU DORSALGIA REFRATARIOS"
0303090316,I,I,0,1571,"TRATAMENTO DAS POLIARTROPATIAS INFLAMATORIAS"
0303100010,I,I,108,731,"TRATAMENTO DE COMPLICACOES RELACIONADAS PREDOMINANTEMENTE AO PUERPERIO"
0303100028,I,I,108,731,"TRATAMENTO DE ECLAMPSIA"
0303100036,I,I,108,731,"TRATAMENTO DE EDEMA, PROTEINURIA E TRANSTORNOS HIPERTENSIVOS NA GRAVIDEZ PARTO E PUERPERIO"
0303100044,I,I,108,731,"TRATAMENTO DE INTERCORRENCIAS CLINICAS NA GRAVIDEZ"
0303100052,I,I,108,731,"TRATAMENTO DE MOLA HIDATIFORME"
0303110015,I,I,0,227,"TRATAMENTO DAS MALFORMACOES E DEFORMIDADES CONGENITAS DO SISTEMA OSTEOMUSCULAR"
0303110023,I,I,0,227,"TRATAMENTO DE ANOMALIAS CROMOSSOMICAS NAO CLASSIFICADAS EM OUTRA PARTE"
0303110031,N,N,0,203,"TRATAMENTO DE ESPINHA BIFIDA"
0303110040,I,I,0,1571,"TRATAMENTO DE MALFORMACOES CONGENITAS DO APARELHO CIRCULATORIO"
0303110058,I,I,0,227,"TRATAMENTO DE FENDA LABIAL E/OU FENDA PALATINA"
0303110066,I,I,0,1571,"TRATAMENTO DE MALFORMACOES CONGENITAS DO APARELHO URINARIO"
0303110074,I,I,0,227,"TRATAMENTO DE MALFORMACOES CONGENITAS DOS ORGAOS GENITAIS"
0303110082,I,I,0,1571,"TRATAMENTO DE NEUROFIBROMATOSE"
0303110090,I,I,0,227,"TRATAMENTO DE OUTRAS ANOMALIAS CONGENITAS DO SISTEMA NERVOSO"
0303110104,I,I,0,227,"TRATAMENTO DE OUTRAS MALFORMACOES CONGENITAS"
0303110112,I,I,0,227,"TRATAMENTO DE OUTRAS MALFORMACOES CONGENITAS DO APARELHO DIGESTIVO"
0303120037,I,I,0,1571,"TRATAMENTO DE HIPERTIROIDISMO"
0303120045,I,I,0,1571,"TRATAMENTO DE CARDIOTOXICOSE POR HIPERTIROIDISMO (ATE 50 MCI)"
0303120053,I,I,0,1571,"TRATAMENTO DE DOR/METÁSTASE ÓSSEA COM RADIOISÓTOPO (POR TRATAMENTO-EXCETO CÂNCER DE TIREOIDE)"
0303120061,I,I,0,1571,"TRATAMENTO DE HIPERTIREOIDISMO (PLUMMER - ATE 30 MCI)"
0303120070,I,I,0,1571,"TRATAMENTO DE HIPERTIREOIDISMO GRAVES"
0303130016,I,I,0,1571,"ATENDIMENTO A PACIENTE SOB CUIDADOS PROLONGADOS DEVIDO A CAUSAS EXTERNAS"
0303130024,I,I,0,1571,"ATENDIMENTO A PACIENTE SOB CUIDADOS PROLONGADOS POR ENFERMIDADES CARDIOVASCULARES"
0303130032,I,I,0,1571,"ATENDIMENTO A PACIENTE SOB CUIDADOS PROLONGADOS POR ENFERMIDADES PNEUMOLOGICAS"
0303130040,I,I,0,1571,"TRATAMENTO DE PACIENTE SOB CUIDADOS PROLONGADOS POR ENFERMIDADES DECORRENTES DA AIDS"
0303130059,I,I,0,1571,"TRATAMENTO DE PACIENTE SOB CUIDADOS PROLONGADOS POR ENFERMIDADES NEUROLOGICAS"
0303130067,I,I,0,1571,"TRATAMENTO DE PACIENTE SOB CUIDADOS PROLONGADOS POR ENFERMIDADES ONCOLOGICAS"
0303130075,I,I,0,1571,"TRATAMENTO DE PACIENTE SOB CUIDADOS PROLONGADOS POR ENFERMIDADES OSTEOMUSCULARES E DO TECIDO CONJUNTIVO"
0303130083,I,I,0,1571,"TRATAMENTO DE PACIENTES SOB CUIDADOS PROLONGADOS EM HANSENIASE"
0303140011,I,I,0,1571,"LAVAGEM NASAL PELO METODO DE PROETZ (POR SESSAO)"
0303140020,I,I,0,1571,"TRATAMENTO DA FIBROSE CISTICA COM MANIFESTACOES PULMONARES"
0303140038,I,I,0,1571,"TRATAMENTO DAS AFECCOES NECROTICAS E SUPURATIVAS DAS VIAS AEREAS INFERIORES"
0303140046,I,I,0,1571,"TRATAMENTO DAS DOENCAS CRONICAS DAS VIAS AEREAS INFERIORES"
0303140054,I,I,0,1571,"TRATAMENTO DAS DOENCAS PULMONARES DEVIDO A AGENTES EXTERNOS"
0303140062,I,I,96,1571,"TRATAMENTO DE CARDIOPATIA PULMONAR NAO ESPECIFICADA (COR PULMONALE)"
0303140070,I,I,0,1571,"TRATAMENTO DE DOENÇA DO OUVIDO EXTERNO MÉDIO E DA MASTÓIDE"
0303140089,I,I,0,1571,"TRATAMENTO DE DOENÇAS RESPIRATÓRIAS QUE AFETAM PRINCIPALMENTE O INTERSTÍCIO"
0303140097,I,I,0,1571,"TRATAMENTO DE HEMORRAGIAS DAS VIAS RESPIRATÓRIAS"
0303140100,I,I,0,1571,"TRATAMENTO DE INFECCOES AGUDAS DAS VIAS AEREAS SUPERIORES"
0303140119,I,I,0,1571,"TRATAMENTO DE OUTRAS DOENCAS DA PLEURA"
0303140127,I,I,0,1571,"TRATAMENTO DE OUTRAS DOENCAS DAS VIAS AEREAS SUPERIORES"
0303140135,I,I,0,1571,"TRATAMENTO DE OUTRAS DOENCAS DO APARELHO RESPIRATORIO"
0303140143,I,I,0,1571,"TRATAMENTO DE OUTRAS INFECCOES AGUDAS DAS VIAS AEREAS INFERIORES"
0303140151,I,I,0,1571,"TRATAMENTO DE PNEUMONIAS OU INFLUENZA (GRIPE)"
0303150017,I,I,144,1571,"TRATAMENTO DE DOENCAS DOS ORGAOS GENITAIS MASCULINOS"
0303150025,I,I,24,1571,"TRATAMENTO DE DOENCAS GLOMERULARES"
0303150033,I,I,144,1571,"TRATAMENTO DE DOENCAS INFLAMATORIAS DOS ORGAOS PELVICOS FEMININOS"
0303150041,I,I,0,1571,"TRATAMENTO DE DOENCAS RENAIS TUBULO-INTERSTICIAIS"
0303150050,I,I,0,1571,"TRATAMENTO DE OUTRAS DOENCAS DO APARELHO URINARIO"
0303150068,I,I,0,1571,"TRATAMENTO DE OUTROS TRANSTORNOS DO RIM E DO URETER"
0303160012,I,I,0,1,"TRATAMENTO DE ENTERITE NECROSANTE DO FETO E DO RECEM-NASCIDO"
0303160020,I,I,0,1,"TRATAMENTO DE INFECCOES ESPECIFICAS DO PERIODO PERINATAL"
0303160039,I,I,0,1,"TRATAMENTO DE OUTROS TRANSTORNOS ORIGINADOS NO PERIODO PERINATAL"
0303160047,I,I,0,1,"TRATAMENTO DE TRANSTORNOS HEMORRAGICOS E HEMATOLOGICOS DO FETO E DO RECEM-NASCIDO"
0303160055,I,I,0,1,"TRATAMENTO DE TRANSTORNOS RELACIONADOS C/ A DURACAO DA GESTACAO E C/ O CRESCIMENTO FETAL"
0303160063,I,I,0,1,"TRATAMENTO DE TRANSTORNOS RESPIRATORIOS E CARDIOVASCULARES ESPECIFICOS DO PERIODO NEONATAL"
0303160071,I,I,0,1,"TRATAMENTO DE TRAUMATISMO DE PARTO NO NEONATO"
0303170093,I,I,144,1571,"TRATAMENTO EM PSIQUIATRIA (POR DIA)"
0303170107,I,I,36,1571,"TRATAMENTO EM PSIQUIATRIA EM HOSPITAL DIA"
0303170131,I,I,48,1571,"TRATAMENTO CLÍNICO EM SAÚDE MENTAL EM SITUAÇÃO DE RISCO ELEVADO DE SUICÍDIO."
0303170140,I,I,48,1571,"TRATAMENTO CLÍNICO PARA CONTENÇÃO DE COMPORTAMENTO DESORGANIZADO E/OU DISRUPTIVO"
0303170158,I,I,48,1571,"TRATAMENTO CLÍNICO PARA AVALIAÇÃO DIAGNÓSTICA E ADEQUAÇÃO TERAPÊUTICA, INCLUINDO NECESSIDADES DE SAÚDE DECORRENTES DO USO DE ÁLCOOL E OUTRAS DROGAS"
0303170166,I,I,48,1571,"TRATAMENTO CLÍNICO DE TRANSTORNOS MENTAIS E COMPORTAMENTAIS DEVIDO AO USO DE ÁLCOOL"
0303170174,I,I,48,1571,"TRATAMENTO CLÍNICO DE TRANSTORNOS MENTAIS E COMPORTAMENTAIS DEVIDO AO USO DE CRACK."
0303170182,I,I,48,1571,"TRATAMENTO CLÍNICO DOS TRANSTORNOS MENTAIS E COMPORTAMENTAIS DEVIDO AO USO DAS DEMAIS DROGAS E/OU OUTRAS SUBSTÂNCIAS PSICOATIVAS"
0303170190,I,I,144,1571,"TRATAMENTO EM PSIQUIATRIA DE CURTA PERMANENCIA POR DIA (PERMANENCIA ATÉ 90 DIAS)"
0303170204,I,I,144,1571,"TRATAMENTO EM PSIQUIATRIA POR DIA (COM DURAÇÃO SUPERIOR A 90 DIAS DE INTERNAÇÃO OU REINTERNAÇÃO ANTES DE 30 DIAS)"
0303180013,I,I,0,1571,"TRATAMENTO DE AFECÇÕES ASSOCIADAS AO HIV/AIDS"
0303180030,I,I,0,1571,"TRATAMENTO DE AFECÇÕES DO APARELHO DIGESTIVO EM HIV/AIDS"
0303180048,I,I,0,1571,"TRATAMENTO DE AFECÇÕES DO SISTEMA NERVOSO EM HIV/AIDS"
0303180056,I,I,0,1571,"TRATAMENTO DE AFECÇÕES DO SISTEMA RESPIRATÓRIO EM HIV/AIDS"
0303180064,I,I,0,1571,"TRATAMENTO DE DOENÇAS DISSEMINADAS EM AIDS"
0303180072,I,I,0,1571,"TRATAMENTO DE HIV / AIDS"
0303190019,I,I,0,1571,"TRATAMENTO EM REABILITACAO"
0304010111,I,I,0,1571,"INTERNACAO P/ RADIOTERAPIA EXTERNA (COBALTOTERAPIA / ACELERADOR LINEAR)"
0304010170,I,I,0,239,"NARCOSE DE CRIANÇA (POR PROCEDIMENTO)"
0304010340,I,I,228,1571,"NARCOSE PARA BRAQUITERAPIA (POR PROCEDIMENTO)"
0304010359,I,I,144,1571,"INTERNAÇÃO PARA RADIOTERAPIA ESTEREOTÁXICA DO SISTEMA NERVOSO CENTRAL"
0304010367,I,I,0,1571,"RADIOTERAPIA DE CABEÇA E PESCOÇO"
0304010375,I,I,0,1571,"RADIOTERAPIA DO APARELHO DIGESTIVO"
0304010383,I,I,0,1571,"RADIOTERAPIA DE TRAQUEIA, BRÔNQUIO, PULMÃO, PLEURA E MEDIASTINO"
0304010391,I,I,0,1571,"RADIOTERAPIA DE OSSOS/CARTILAGENS/PARTES MOLES"
0304010405,I,I,0,1571,"RADIOTERAPIA DE PELE"
0304010413,I,I,0,1571,"RADIOTERAPIA DE MAMA"
0304010421,I,I,0,1571,"RADIOTERAPIA DE CÂNCER GINECOLÓGICO"
0304010430,I,I,144,1571,"BRAQUITERAPIA GINECOLÓGICA"
0304010448,I,I,144,1571,"RADIOTERAPIA DE PÊNIS"
0304010456,I,I,480,1571,"RADIOTERAPIA DE PRÓSTATA"
0304010464,I,I,480,1571,"BRAQUITERAPIA DE PRÓSTATA"
0304010472,I,I,0,1571,"RADIOTERAPIA DO APARELHO URINÁRIO"
0304010480,I,I,0,1571,"RADIOTERAPIA DE OLHOS E ANEXOS"
0304010499,I,I,0,1571,"BRAQUITERAPIA OFTÁLMICA"
0304010502,I,I,0,1571,"RADIOTERAPIA DE SISTEMA NERVOSO CENTRAL"
0304010510,I,I,0,1571,"RADIOTERAPIA ESTEREOTÁXICA"
0304010529,I,I,0,1571,"RADIOTERAPIA DE METÁSTASE EM SISTEMA NERVOSO CENTRAL"
0304010537,I,I,0,1571,"RADIOTERAPIA DE PLASMOCITOMA / MIELOMA / METÁSTASES EM OUTRAS LOCALIZAÇÕES"
0304010545,I,I,0,1571,"RADIOTERAPIA DE CADEIA LINFÁTICA"
0304010553,I,I,0,1571,"RADIOTERAPIA DE LINFOMA E LEUCEMIA"
0304010561,I,I,0,1571,"RADIOTERAPIA EM CORPO INTEIRO"
0304010570,I,I,0,1571,"RADIOTERAPIA DE QUELOIDE E GINECOMASTIA"
0304010588,I,I,0,1571,"RADIOTERAPIA DE DOENÇA BENIGNA"
0304010596,I,I,0,1571,"INTERNAÇÃO PARA BRAQUITERAPIA"
0304020010,I,I,228,1571,"QUIMIOTERAPIA DO ADENOCARCINOMA DE COLON AVANÇADO -1ª LINHA"
0304020028,I,I,228,1571,"QUIMIOTERAPIA DO ADENOCARCINOMA DE COLON AVANÇADO - 2ª LINHA"
0304020036,I,I,228,1571,"HORMONIOTERAPIA DO ADENOCARCINOMA DE ENDOMÉTRIO AVANÇADO"
0304020044,I,I,228,1571,"QUIMIOTERAPIA DO ADENOCARCINOMA DE ESTÔMAGO AVANÇADO"
0304020052,I,I,228,1571,"QUIMIOTERAPIA DO ADENOCARCINOMA DE PÂNCREAS AVANÇADO"
0304020060,I,I,228,1571,"HORMONIOTERAPIA DO ADENOCARCINOMA DE PRÓSTATA AVANÇADO - 2ª LINHA"
0304020079,I,I,228,1571,"HORMONIOTERAPIA DO ADENOCARCINOMA DE PRÓSTATA AVANÇADO - 1ª LINHA"
0304020087,I,I,228,1571,"QUIMIOTERAPIA DO ADENOCARCINOMA DE PRÓSTATA RESISTENTE A HORMONIOTERAPIA"
0304020095,I,I,228,1571,"QUIMIOTERAPIA DO CARCINOMA DE RETO AVANÇADO -1ª LINHA"
0304020109,I,I,228,1571,"QUIMIOTERAPIA DO CARCINOMA DE RETO AVANÇADO - 2ª LINHA"
0304020117,I,I,228,1571,"QUIMIOTERAPIA DO APUDOMA/TUMOR NEUROENDÓCRINO AVANÇADO"
0304020125,I,I,228,1571,"QUIMIOTERAPIA DO CARCINOMA DE ADRENAL AVANÇADO"
0304020133,I,I,0,1571,"QUIMIOTERAPIA DO CARCINOMA DE MAMA AVANÇADO -1ª LINHA"
0304020141,I,I,0,1571,"QUIMIOTERAPIA DO CARCINOMA DE MAMA AVANÇADO - 2ª LINHA"
0304020150,I,I,228,1571,"QUIMIOTERAPIA DO CARCINOMA DE NASOFARINGE AVANÇADO"
0304020168,I,I,228,1571,"QUIMIOTERAPIA DO CARCINOMA DE RIM AVANÇADO"
0304020176,I,I,228,1571,"QUIMIOTERAPIA DO CARCINOMA EPIDERMÓIDE / ADENOCARCINOMA DE ESÔFAGO AVANÇADO"
0304020184,F,F,228,1571,"QUIMIOTERAPIA DA NEOPLASIA MALIGNA AVANÇADA DO COLO OU DO CORPO UTERINO AVANÇADO, VULVA E VAGINA."
0304020192,I,I,228,1571,"QUIMIOTERAPIA DO CARCINOMA EPIDERMÓIDE DE CANAL ANAL/ MARGEM ANAL AVANÇADO"
0304020206,I,I,228,1571,"QUIMIOTERAPIA DO CARCINOMA EPIDERMÓIDE DE CABEÇA E PESCOÇO AVANÇADO"
0304020214,I,I,228,1571,"QUIMIOTERAPIA DO CARCINOMA PULMONAR DE CÉLULAS NÃO PEQUENAS AVANÇADO"
0304020222,I,I,228,1571,"QUIMIOTERAPIA DO CARCINOMA PULMONAR INDIFERENCIADO DE CÉLULAS PEQUENAS AVANÇADO"
0304020230,I,I,228,1571,"QUIMIOTERAPIA DO MELANOMA MALIGNO AVANÇADO"
0304020249,I,I,228,1571,"QUIMIOTERAPIA DE METÁSTASE DE ADENOCARCINOMA DE ORIGEM DESCONHECIDA"
0304020257,I,I,228,1571,"QUIMIOTERAPIA DE METÁSTASE DE CARCINOMA EPIDERMÓIDE/CARCINOMA NEUROENDOCRINO DE ORIGEM DESCONHECIDA"
0304020265,I,I,228,1571,"QUIMIOTERAPIA DE METÁSTASE DE NEOPLASIA MALIGNA INDIFERENCIADA DE ORIGEM DESCONHECIDA"
0304020273,I,I,228,1571,"QUIMIOTERAPIA DE NEOPLASIA MALIGNA EPITELIAL DE OVÁRIO OU DE TUBA UTERINA AVANÇADA -1ª LINHA."
0304020281,I,I,228,1571,"QUIMIOTERAPIA DE NEOPLASIA MALIGNA EPITELIAL DE OVÁRIO OU DE TUBA UTERINA AVANÇADA - 2ª LINHA)"
0304020290,I,I,228,1571,"QUIMIOTERAPIA DE SARCOMA DE PARTES MOLES AVANÇADO"
0304020303,I,I,228,1571,"QUIMIOTERAPIA DE SARCOMA ÓSSEO AVANÇADO"
0304020311,I,I,228,1571,"QUIMIOTERAPIA DO TUMOR DO ESTROMA GASTROINTESTINAL AVANÇADO"
0304020320,I,I,228,1571,"QUIMIOTERAPIA DE TUMOR DO SISTEMA NERVOSO CENTRAL AVANÇADO"
0304020338,I,I,0,1571,"HORMONIOTERAPIA DO CARCINOMA DE MAMA AVANÇADO - 2ª LINHA"
0304020346,I,I,0,1571,"HORMONIOTERAPIA DO CARCINOMA DE MAMA AVANÇADO- 1ª LINHA"
0304020362,I,I,228,1571,"QUIMIOTERAPIA DO CARCINOMA DE TIREOIDE AVANÇADO"
0304020370,I,I,228,1571,"QUIMIOTERAPIA DO CARCINOMA DE PÊNIS AVANÇADO"
0304020389,I,I,228,1571,"QUIMIOTERAPIA DE CARCINOMA DO FÍGADO OU DO TRATO BILIAR AVANÇADO"
0304020397,I,I,228,1571,"QUIMIOTERAPIA DE NEOPLASIA MALIGNA DO TIMO AVANÇADA"
0304020400,I,I,228,1571,"QUIMIOTERAPIA DE CARCINOMA UROTELIAL AVANÇADO"
0304020419,I,I,0,1571,"POLIQUIMIOTERAPIA DO CARCINOMA DE MAMA HER-2 POSITIVO  1ª LINHA"
0304020427,I,I,0,1571,"MONOQUIMIOTERAPIA DO CARCINOMA DE MAMA HER-2 POSITIVO  1ª LINHA"
0304020435,I,I,0,1571,"POLIQUIMIOTERAPIA COM DUPLO ANTI HER-2 DO CARCINOMA DE MAMA HER-2 POSITIVO 1ª LINHA"
0304020443,I,I,0,1571,"BLOQUEIO COM DUPLO ANTI-HER-2 DOCARCINOMA DE MAMA HER-2 POSITIVOAVANÇADO/METASTÁTICO - 1ª LINHA"
0304020451,I,I,192,1571,"TERAPIA ANTINEOPLÁSICA SISTÊMICA DO CÂNCER DE MAMA AVANÇADO COM INIBIDOR CDK 4/6  1ª LINHA"
0304020460,I,I,192,1571,"TERAPIA ANTINEOPLÁSICA SISTÊMICA DO CÂNCER DE MAMA AVANÇADO COM INIBIDOR CDK 4/6  2ª LINHA"
0304020478,I,I,192,1571,"HORMONIOTERAPIA DO CARCINOMA DE MAMA AVANÇADO COM ANTIESTROGÊNICO SUPRESSOR DOS RECEPTORES DE ESTROGÊNIO - 1ª LINHA"
0304020486,I,I,192,1571,"HORMONIOTERAPIA DO CARCINOMA DE MAMA AVANÇADO COM ANTIESTROGÊNICO SUPRESSOR DOS RECEPTORES DE ESTROGÊNIO - 2ª LINHA"
0304020494,I,I,192,1571,"HORMONIOTERAPIA DO CARCINOMA DE MAMA AVANÇADO COM ANÁLOGO SINTÉTICO DO LHRH / GNRH"
0304030015,I,I,228,1571,"QUIMIOTERAPIA DE DOENÇA LINFOPROLIFERATIVA RARA -1ª LINHA."
0304030023,I,I,228,1571,"QUIMIOTERAPIA DE DOENÇA LINFOPROLIFERATIVA RARA - 2ª LINHA"
0304030031,I,I,228,1571,"QUIMIOTERAPIA DE DOENÇA MIELOPROLIFERATIVA RARA - 1ª LINHA"
0304030040,I,I,228,1571,"QUIMIOTERAPIA DE DOENÇA MIELOPROLIFERATIVA RARA - 2ª LINHA."
0304030058,I,I,228,1571,"QUIMIOTERAPIA DE LEUCEMIA LINFOCITICA CRONICA - 1ª LINHA."
0304030066,I,I,228,1571,"QUIMIOTERAPIA DE LEUCEMIA LINFOCITICA CRONICA - 2ª LINHA."
0304030074,I,I,228,1571,"QUIMIOTERAPIA DE LEUCEMIA MIELOIDE CRONICA QUALQUER FASE - CONTROLE SANGÜINEO"
0304030082,I,I,228,1571,"QUIMIOTERAPIA DA LEUCEMIA MIELÓIDE CRÔNICA EM FASE BLÁSTICA - MARCADOR POSITIVO - 2ª LINHA."
0304030090,I,I,228,1571,"QUIMIOTERAPIA DA LEUCEMIA MIELÓIDE CRÔNICA EM FASE BLASTICA - MARCADOR POSITIVO - SEM FASE CRÔNICA OU DE TRANSFORMAÇÃO ANTERIOR (1ª LINHA)."
0304030104,I,I,228,1571,"QUIMIOTERAPIA DE LEUCEMIA MIELÓIDE CRÔNICA EM FASE BLÁSTICA - MARCADOR POSITIVO-3ª LINHA"
0304030112,I,I,228,1571,"QUIMIOTERAPIA DA LEUCEMIA MIELÓIDE CRÔNICA EM FASE CRÔNICA - MARCADOR POSITIVO - 1ª LINHA."
0304030120,I,I,228,1571,"QUIMIOTERAPIA DE LEUCEMIA MIELÓIDE CRÔNICA EM FASE CRÔNICA - MARCADOR POSITIVO - 3ª LINHA"
0304030139,I,I,228,1571,"QUMIOTERAPIA DE LEUCEMIA MIELÓIDE CRÔNICA EM FASE DE TRANSFORMAÇÃO - MARCADOR POSITIVO - 3ª LINHA"
0304030147,I,I,228,1571,"QUIMIOTERAPIA DA LEUCEMIA MIELÓIDE CRÔNICA EM FASE DE TRANSFORMAÇÃO - MARCADOR POSITIVO - 2ªLINHA"
0304030155,I,I,228,1571,"QUIMIOTERAPIA DE LEUCEMIA MIELÓIDE CRÔNICA EM FASE DE TRANSFORMAÇÃO - MARCADOR POSITIVO - SEM FASE CRONICA ANTERIOR (1ª LINHA)"
0304030163,I,I,228,1571,"QUIMIOTERAPIA DE LINFOMA NÃO HODGKIN DE BAIXO GRAU DE MALIGNIDADE (1ª LINHA)"
0304030171,I,I,228,1571,"QUIMIOTERAPIA DE LINFOMA NÃO HODGKIN DE BAIXO GRAU DE MALIGNIDADE - 2ªLINHA"
0304030180,I,I,228,1571,"QUIMIOTERAPIA DE NEOPLASIA DE CÉLULAS PLASMÁTICAS - 1ª LINHA."
0304030198,I,I,228,1571,"QUIMIOTERAPIA DE NEOPLASIA DE CÉLULAS PLASMÁTICAS - 2ª LINHA."
0304030201,I,I,228,1571,"QUIMIOTERAPIA DA TRICOLEUCEMIA - 2ª LINHA"
0304030210,I,I,228,1571,"QUIMIOTERAPIA DE TRICOLEUCEMIA - 1ªLINHA."
0304030228,I,I,228,1571,"QUIMIOTERAPIA DE LEUCEMIA MIELÓIDE CRÔNICA EM FASE CRÔNICA - MARCADOR POSITIVO - 2ª LINHA"
0304030236,I,I,228,1571,"QUIMIOTERAPIA DE LINFOMA FOLICULAR- 1ª LINHA"
0304030244,I,I,228,1571,"QUIMIOTERAPIA DE LINFOMA FOLICULAR - 2ª LINHA"
0304030252,I,I,228,1571,"QUIMIOTERAPIA DE MIELOMA MÚLTIPLO  1ª LINHA"
0304030260,I,I,228,1571,"QUIMIOTERAPIA DE MIELOMA MÚLTIPLO  2ª LINHA"
0304040010,I,I,228,1571,"QUIMIOTERAPIA DO ADENOCARCINOMA DE RETO (PRÉVIA)"
0304040029,I,I,0,1571,"QUIMIOTERAPIA DO CARCINOMA DE MAMA (PRÉVIA)"
0304040045,I,I,228,1571,"QUIMIOTERAPIA DO CARCINOMA EPIDERMÓIDE / ADENOCARCINOMA DO COLO UTERINO"
0304040053,I,I,228,1571,"QUIMIOTERAPIA DO CARCINOMA EPIDERMÓIDE DE RETO/ CANAL ANAL/ MARGEM ANAL"
0304040061,I,I,228,1571,"QUIMIOTERAPIA DO CARCINOMA EPIDERMÓIDE DE SEIO PARA-NASAL/ LARINGE / HIPOFARINGE/ OROFARINGE /CAVIDADE ORAL"
0304040070,I,I,228,1571,"QUIMIOTERAPIA DO CARCINOMA DE BEXIGA"
0304040088,I,I,228,1571,"QUIMIOTERAPIA DO CARCINOMA DE NASOFARINGE"
0304040096,I,I,228,1571,"QUIMIOTERAPIA DO CARCINOMA PULMONAR DE CÉLULAS NÃO PEQUENAS (PRÉVIA)"
0304040100,I,I,228,1571,"QUIMIOTERAPIA DO CARCINOMA PULMONAR INDIFERENCIADO DE CÉLULAS PEQUENAS (PRÉVIA)"
0304040118,I,I,228,1571,"QUIMIOTERAPIA DE CARCINOMA EPIDERMÓIDE / ADENOCARCINOMA DE ESÔFAGO"
0304040126,I,I,228,1571,"QUIMIOTERAPIA DO CARCINOMA EPIDERMOIDE DE VULVA"
0304040134,I,I,228,1571,"QUIMIOTERAPIA DE NEOPLASIA MALIGNA EPITELIAL DE OVÁRIO OU DA TUBA UTERINA - 2ª LINHA"
0304040142,I,I,228,1571,"QUIMIOTERAPIA DE NEOPLASIA MALIGNA EPITELIAL DE OVÁRIO OU DA TUBA UTERINA - 1ª LINHA"
0304040150,I,I,228,1571,"QUIMIOTERAPIA DE OSTEOSSARCOMA - 2ª LINHA."
0304040169,I,I,228,1571,"QUIMIOTERAPIA DE SARCOMA ÓSSEO / OSTEOSSARCOMA - 1ª LINHA"
0304040177,I,I,228,1571,"QUIMIOTERAPIA DO ADENOCARCINOMA DE ESTÔMAGO (PRÉ-OPERATÓRIA)"
0304040185,I,I,0,1571,"POLIQUIMIOTERAPIA DO CARCINOMA DE MAMA HER-2 POSITIVO (PRÉVIA)"
0304040193,I,I,0,1571,"HORMONIOTERAPIA DO CARCINOMA DE MAMA (PRÉVIA)"
0304040207,I,I,228,1571,"HORMONIOTERAPIA PRÉVIA À RADIOTERAPIA EXTERNA DO ADENOCARCINOMA DE PRÓSTATA"
0304050016,I,I,228,1571,"QUIMIOTERAPIA INTRA-VESICAL"
0304050024,I,I,228,1571,"QUIMIOTERAPIA DE ADENOCARCINOMA DE CÓLON"
0304050032,I,I,228,1571,"QUIMIOTERAPIA DO ADENOCARCINOMA DE RETO (ADJUVANTE)"
0304050040,I,I,0,1571,"HORMONIOTERAPIA DO CARCINOMA DE MAMA EM ESTÁDIO I"
0304050067,I,I,0,1571,"QUIMIOTERAPIA DO CARCINOMA DE MAMA EM ESTÁDIO III"
0304050075,I,I,0,1571,"QUIMIOTERAPIA DO CARCINOMA DE MAMA EM ESTÁDIO II"
0304050113,I,I,0,1571,"HORMONIOTERAPIA DO CARCINOMA DE MAMA EM ESTÁDIO III"
0304050121,I,I,0,1571,"HORMONIOTERAPIA DO CARCINOMA DE MAMA EM ESTÁDIO II"
0304050130,I,I,0,1571,"QUIMIOTERAPIA DO CARCINOMA DE MAMA EM ESTÁDIO I"
0304050172,I,I,228,1571,"QUIMIOTERAPIA DO CARCINOMA PULMONAR DE CÉLULAS NÃO PEQUENAS (ADJUVANTE)"
0304050180,I,I,228,1571,"QUIMIOTERAPIA DE CARCINOMA PULMONAR INDIFERENCIADO DE CÉLULAS PEQUENAS (ADJUVANTE)"
0304050202,I,I,228,1571,"QUIMIOTERAPIA DE NEOPLASIA MALIGNA EPITELIAL DE OVÁRIO OU DA TUBA UTERINA"
0304050210,I,I,228,1571,"QUIMIOTERAPIA DO OSTEOSSARCOMA"
0304050229,I,I,228,1571,"QUIMIOTERAPIA DE SARCOMA DE PARTES MOLES DE EXTREMIDADE"
0304050253,I,I,228,1571,"QUIMIOTERAPIA DO ADENOCARCINOMA DE ESTÔMAGO (PÓS OPERATÓRIA)"
0304050261,I,I,0,1571,"POLIQUIMIOTERAPIA DO CARCINOMA DE MAMA HER-2 POSITIVO EM ESTÁDIO I (ADJUVANTE)"
0304050270,I,I,0,1571,"POLIQUIMIOTERAPIA DO CARCINOMA DE MAMA HER-2 POSITIVO EM ESTÁDIO II (ADJUVANTE)"
0304050288,I,I,0,1571,"POLIQUIMIOTERAPIA DO CARCINOMA DE MAMA HER-2 POSITIVO EM ESTÁDIO III (ADJUVANTE)"
0304050296,I,I,0,1571,"MONOQUIMIOTERAPIA DO CARCINOMA DE MAMA HER-2 POSITIVO EM ESTÁDIO I (ADJUVANTE)"
0304050300,I,I,0,1571,"MONOQUIMIOTERAPIA DO CARCINOMA DE MAMA HER-2 POSITIVO EM ESTÁDIO II (ADJUVANTE)"
0304050318,I,I,0,1571,"MONOQUIMIOTERAPIA DO CARCINOMA DE MAMA HER-2 POSITIVO EM ESTÁDIO III (ADJUVANTE)"
0304050326,I,I,228,1571,"QUIMIOTERAPIA DE MELANOMA MALÍGNO"
0304050334,I,I,228,1331,"QUIMIOTERAPIA DE TUMOR DO ESTROMA GASTRO INTESTINAL"
0304050342,I,I,228,1571,"HORMONIOTERAPIA ADJUVANTE À RADIOTERAPIA EXTERNA DO ADENOCARCINOMA DE PRÓSTATA"
0304050350,I,I,192,1571,"TERAPIA ANTINEOPLÁSICA SISTÊMICA DO CÂNCER DE MAMAHER-2 POSITIVO OPERADO EM ESTÁDIO III E COM DOENÇA RESIDUAL (ADJUVANTE)"
0304060011,I,I,228,1571,"QUIMIOTERAPIA DA DOENÇA DE HODGKIN - 1ª LINHA"
0304060038,I,I,228,1571,"QUIMIOTERAPIA DA DOENÇA DE HODGKIN - 2ª LINHA"
0304060046,I,I,228,1571,"QUIMIOTERAPIA DA DOENÇA DE HODGKIN - 3ª LINHA"
0304060070,I,I,228,1571,"QUIMIOTERAPIA DE LEUCEMIA AGUDA/ MIELODISPLASIA / LINFOMA DE BURKITT - 1ª LINHA"
0304060089,I,I,228,1571,"QUIMIOTERAPIA DE LEUCEMIA AGUDA/ MIELODISPLASIA/LINFOMA LINFOBLÁSTICO/ LINFOMA DE BURKITT - 2ª LINHA"
0304060097,I,I,228,1571,"QUIMIOTERAPIA DE LEUCEMIA AGUDA/ MIELODISPLASIA/ LINFOMA LINFOBLÁSTICO/ LINFOMA DE BURKITT 3ª LINHA"
0304060100,I,I,228,1571,"QUIMIOTERAPIA DE LEUCEMIA AGUDA/MIELODISPLASIA/ LINFOMA LINFOBLÁSTICO/ LINFOMA DE BURKITT - 4ª LINHA"
0304060119,I,I,228,1571,"QUIMIOTERAPIA DE LINFOMA NÃO HODGKIN GRAU INTERMEDIÁRIO OU ALTO - 2ª LINHA"
0304060127,I,I,228,1571,"QUIMIOTERAPIA DE LINFOMA NÃO HODGKIN GRAU INTERMEDIÁRIO OU ALTO - 3ª LINHA"
0304060135,I,I,228,1571,"QUIMIOTERAPIA DE LINFOMA NÃO HODGKIN DE GRAU DE MALIGNIDADE INTERMEDIÁRIO OU ALTO - 1ª LINHA"
0304060151,I,I,228,1571,"QUIMIOTERAPIA DE TUMOR GERMINATIVO EXTRA-GONADAL"
0304060160,I,I,228,1571,"QUIMIOTERAPIA DE TUMOR GERMINATIVO DE OVÁRIO"
0304060178,I,I,228,1571,"QUIMIOTERAPIA DE NEOPLASIA TROFOBLÁSTICA GESTACIONAL - BAIXO RISCO"
0304060186,I,I,228,1571,"QUIMIOTERAPIA DE NEOPLASIA TROFOBLÁSTICA GESTACIONAL - CORIOCARCINOMA DE BAIXO RISCO PERSISTENTE / ALTO RISCO / RECIDIVA"
0304060208,I,I,228,1571,"QUIMIOTERAPIA DE TUMOR GERMINATIVO DE TESTÍCULO - 1ª LINHA"
0304060216,I,I,228,1571,"QUIMIOTERAPIA DE TUMOR GERMINATIVO DE TESTÍCULO - 2ª LINHA"
0304060224,I,I,228,1571,"QUIMIOTERAPIA DE LINFOMA DIFUSO DE GRANDES CÉLULAS B  1ª LINHA"
0304060232,I,I,228,1571,"QUIMIOTERAPIA DE LEUCEMIA LINFOIDE/LINFOBLÁSTICA AGUDA, LINFOMA LINFOBLÁSTICO, LEUCEMIA MIELOIDE AGUDA E LEUCEMIA PROMIELOCITICA AGUDA - 1ª LINHA - FASES TERAPÊUTICAS INICIAIS..."
0304060240,I,I,228,1571,"QUIMIOTERAPIA DE LEUCEMIA LINFOIDE/LINFOBLÁSTICA AGUDA , LINFOMA LINFOBLÁSTICO, LEUCEMIA MIELOIDE AGUDA E LEUCEMIA PROMIELOCITICA AGUDA-1ª LINHA  FASE DE MANUTENÇÃO."
0304070017,I,I,0,299,"QUIMIOTERAPIA DE CANCER NA INFÂNCIA E ADOLESCÊNCIA - 1ª LINHA"
0304070025,I,I,0,299,"QUIMIOTERAPIA DE CANCER NA INFÂNCIA E ADOLESCÊNCIA - 2ª LINHA"
0304070033,I,I,0,299,"QUIMIOTERAPIA DE CÂNCER NA INFÂNCIA E ADOLESCÊNCIA - 4ª LINHA"
0304070041,I,I,0,299,"QUIMIOTERAPIA DE CÂNCER NA INFÂNCIA E ADOLESCÊNCIA - 3ª LINHA"
0304070050,I,I,0,299,"QUIMIOTERAPIA DE ALTA DOSE DE OSTEOSSARCOMA NA INFÂNCIA E ADOLESCÊNCIA"
0304070068,I,I,0,299,"QUIMIOTERAPIA DE LEUCEMIA LINFOIDE/LINFOBLÁSTICA AGUDA , LINFOMA LINFOBLÁSTICO, LEUCEMIA MIELOIDE AGUDA ,E LEUCEMIA PROMIELOCÍTICA AGUDA NA INFÂNCIA E ADOLESCÊNCIA.- 1ª LINHA  FASES TERAPÊUTICAS INICIAIS."
0304070076,I,I,0,299,".QUIMIOTERAPIA DE LEUCEMIA LINFOIDE/LINFOBLÁSTICA AGUDA, LEUCEMIA MIELOIDE AGUDA E LEUCEMIA PROMIELOCÍTICA AGUDA NA INFÂNCIA E ADOLESCÊNCIA - 1ª LINHA - FASE DE MANUTENÇÃO"
0304070084,I,I,0,239,"IMUNOTERAPIA EM CRIANÇA OU ADOLESCENTE COM LEUCEMIA LINFOBLÁSTICA AGUDA (LLA) B"
0304070092,I,I,0,239,"CUIDADOS COM O MATERIAL DE SUPORTE PARA INFUSÃO DE IMUNOTERAPIA COM MOLÉCULA BISESPECÍFICA ATIVADORA DE CÉLULAS T PARA LEUCEMIA LINFOBLÁSTICA AGUDA (LLA) B DERIVADA PEDIÁTRICA EM PRIMEIRA RECIDIVA MEDULAR DE ALTO RISCO (POR TROCA DE BOLSA)"
0304080012,I,I,0,1571,"FATOR ESTIMULANTE DO CRESCIMENTO DE COLÕNIAS DE GRANULÓCITOS / MACRÓFAGOS"
0304080020,I,I,0,1571,"INTERNAÇÃO P/ QUIMIOTERAPIA DE ADMINISTRAÇÃO CONTÍNUA"
0304080039,I,I,0,1571,"INTERNAÇÃO P/ QUIMIOTERAPIA DE LEUCEMIAS AGUDAS / CRÔNICAS AGUDIZADAS"
0304080047,I,I,0,1571,"QUIMIOTERAPIA INTRA-ARTERIAL"
0304080055,I,I,0,1571,"QUIMIOTERAPIA INTRA-TECAL"
0304080063,I,I,228,1571,"QUIMIOTERAPIA INTRACAVITARIA"
0304080071,I,I,0,1571,"INIBIDOR DA OSTEÓLISE"
0304080080,I,I,0,239,"IMUNOTERAPIA COM MOLÉCULA BISPECÍIFICA ATIVADORA DE CÉLULAS T PARA LEUCEMIA LINFOBLÁSTICA AGUDA (LLA) B DERIVADA PEDIÁTRICA EM PRIMEIRA RECIDIVA MEDULAR DE ALTO RISCO (POR FRASCO AMPOLA)"
0304090018,I,I,0,1571,"IODOTERAPIA DE CARCINOMA DIFERENCIADO DA TIREÓIDE (150 MCI)"
0304090026,I,I,0,1571,"IODOTERAPIA DE CARCINOMA DIFERENCIADO DA TIREÓIDE (100 MCI)"
0304090034,I,I,0,1571,"IODOTERAPIA DE CARCINOMA DIFERENCIADO DA TIREÓIDE (200 MCI)"
0304090042,I,I,0,1571,"IODOTERAPIA DE CARCINOMA DIFERENCIADO DA TIREÓIDE (250 MCI)"
0304090050,I,I,0,1571,"IODOTERAPIA DE CARCINOMA DIFERENCIADO DE TIREOIDE( 30mCi)"
0304090069,I,I,0,1571,"IODOTERAPIA DE CARCINOMA DIFERENCIADO DE TIREOIDE( 50mCi)"
0304100013,I,I,0,1571,"TRATAMENTO DE INTERCORRÊNCIAS CLÍNICAS DE PACIENTE ONCOLÓGICO"
0304100021,I,I,0,1571,"TRATAMENTO CLÍNICO DE PACIENTE ONCOLÓGICO"
0305010018,I,I,0,1571,"DIÁLISE PERITONEAL INTERMITENTE DPI (1 SESSÃO POR SEMANA -EXCEPCIONALIDADE)"
0305010026,I,I,0,1571,"DIÁLISE PERITONEAL INTERMITENTE DPI (MÁXIMO 2 SESSÕES POR SEMANA)"
0305010034,I,I,0,1571,"DIÁLISE PERITONEAL P/ PACIENTES RENAIS AGUDOS"
0305010042,I,I,0,1571,"HEMODIÁLISE CONTÍNUA"
0305010093,I,I,144,1571,"HEMODIÁLISE (MÁXIMO 1 SESSÃO POR SEMANA - EXCEPCIONALIDADE)"
0305010107,I,I,144,1571,"HEMODIÁLISE (MÁXIMO 3 SESSÕES POR SEMANA)"
0305010115,I,I,0,1571,"HEMODIÁLISE EM PACIENTE COM SOROLOGIA POSITIVA PARA HIV E/OU HEPATITE B E/OU HEPATITE C (MÁXIMO 3 SESSÕES POR SEMANA)"
0305010123,I,I,0,1571,"HEMODIÁLISE EM PACIENTE COM SOROLOGIA POSITIVA PARA HIV E/OU HEPATITE B E/OU HEPATITE C (EXCEPCIONALIDADE - MÁXIMO 1 SESSÃO / SEMANA)"
0305010131,I,I,0,1571,"HEMODIÁLISE P/ PACIENTES RENAIS AGUDOS / CRÔNICOS AGUDIZADOS S/ TRATATAMENTO DIALÍTICO INICIADO"
0305010140,I,I,0,1571,HEMOFILTRAÇÃO
0305010158,I,I,0,1571,"HEMOFILTRAÇÃO CONTÍNUA"
0305010166,I,I,0,1571,"MANUTENÇÃO E ACOMPANHAMENTO DOMICILIAR DE PACIENTE SUBMETIDO A DPA /DPAC"
0305010174,I,I,0,1571,"TRATAMENTO DE INTERCORRÊNCIA EM PACIENTE RENAL CRÔNICO SOB TRATAMENTO DIALÍTICO ( POR DIA)"
0305010182,I,I,0,1571,"TREINAMENTO DE PACIENTE SUBMETIDO A DIALISE PERITONEAL - DPAC-DPA (9 DIAS)"
0305010190,I,I,0,1571,ULTRAFILTRAÇÃO
0305010204,I,I,0,155,"HEMODIÁLISE PEDIÁTRICA (MÁXIMO 04 SESSÕES POR SEMANA)"
0305010212,I,I,0,1571,"IDENTIFICAÇÃO DE PACIENTE SOB TRATAMENTO DIALÍTICO EM TRÂNSITO"
0305020013,I,I,0,1571,"TRATAMENTO DA PIELONEFRITE"
0305020021,I,I,24,1571,"TRATAMENTO DE CALCULOSE RENAL"
0305020030,I,I,0,1571,"TRATAMENTO DE HIPERTENSÃO NEFROGENA E RENOVASCULAR"
0305020048,I,I,0,1571,"TRATAMENTO DE INSUFICIÊNCIA RENAL AGUDA"
0305020056,I,I,0,1571,"TRATAMENTO DA DOENÇA RENAL CRÔNICA - DRC"
0306010011,I,I,192,839,"COLETA DE SANGUE P/ TRANSFUSAO"
0306010020,I,I,192,839,"COLETA DE SANGUE P/ TRANSFUSAO (C/ PROCESSADORA AUTOMATICA)"
0306010038,I,I,192,839,"TRIAGEM CLINICA DE DOADOR (A) DE SANGUE"
0306020017,I,I,0,1571,"AFERESE TERAPEUTICA"
0306020025,I,I,0,1571,"APLICAÇÃO DE CONCENTRADO DO FATOR IX DA COAGULAÇÃO."
0306020033,I,I,0,1571,"APLICACAO DE FATOR VIII DE COAGULACAO"
0306020041,I,I,0,1571,"SANGRIA TERAPEUTICA"
0306020050,I,I,0,1571,"TRANSFUSAO DE CONCENTRADO DE GRANULOCITOS"
0306020068,I,I,0,1571,"TRANSFUSAO DE CONCENTRADO DE HEMACIAS"
0306020076,I,I,0,1571,"TRANSFUSAO DE CONCENTRADO DE PLAQUETAS"
0306020084,I,I,0,1571,"TRANSFUSAO DE CRIOPRECIPITADO"
0306020092,I,I,0,1571,"TRANSFUSAO DE PLAQUETAS POR AFERESE"
0306020106,I,I,0,1571,"TRANSFUSAO DE PLASMA FRESCO"
0306020114,I,I,0,1571,"TRANSFUSAO DE PLASMA ISENTO DE CRIOPRECIPITADO"
0306020122,I,I,0,1571,"TRANSFUSAO DE SANGUE / COMPONENTES IRRADIADOS"
0306020130,I,I,0,1571,"TRANSFUSAO DE SUBSTITUICAO / TROCA (EXSANGUINEOTRANSFUSÃO)"
0306020149,I,I,0,1571,"TRANSFUSAO DE UNIDADE DE SANGUE TOTAL"
0306020157,I,I,96,731,"TRANSFUSAO FETAL INTRA-UTERINA"
0306020165,I,I,0,1571,"APLICAÇÃO DE CONCENTRADO DE FATOR VIII PARA DOENÇA DE VON WILLEBRAND"
0306020173,I,I,0,1571,"APLICAÇÃO DE CONCENTRADO DO FATOR DE VII ATIVADO RECOMBINANTE"
0306020181,I,I,0,1571,"APLICAÇÃO DE CONCENTRADO DO FATOR XIII DA COAGULAÇÃO"
0306020190,I,I,0,1571,"APLICAÇÃO DO COMPLEXO PROTROMBÍNICO"
0306020203,I,I,0,1571,"APLICAÇÃO DE COMPLEXO PROTROMBÍNICO PARCIALMENTE ATIVADO"
0306020211,I,I,0,1571,"APLICAÇÃO DE CONCENTRADO DE FATOR I - FIBRINOGÊNIO"
0307010015,I,I,0,1571,"CAPEAMENTO PULPAR"
0307010031,I,I,0,1571,"RESTAURAÇÃO DE DENTE PERMANENTE ANTERIOR COM RESINA COMPOSTA"
0307010058,I,I,0,1571,"TRATAMENTO DE NEVRALGIAS FACIAIS"
0307010066,I,I,6,1571,"TRATAMENTO INICIAL DO DENTE TRAUMATIZADO"
0307010074,I,I,12,1571,"TRATAMENTO RESTAURADOR ATRAUMÁTICO (TRA/ART)"
0307010082,I,I,0,1571,"RESTAURAÇÃO DE DENTE DECÍDUO POSTERIOR COM RESINA COMPOSTA"
0307010090,I,I,12,1571,"RESTAURAÇÃO DE DENTE DECÍDUO POSTERIOR COM AMÁLGAMA"
0307010104,I,I,12,1571,"RESTAURAÇÃO DE DENTE DECÍDUO POSTERIOR COM IONÔMERO DE VIDRO"
0307010112,I,I,0,1571,"RESTAURAÇÃO DE DENTE DECÍDUO ANTERIOR COM RESINA COMPOSTA."
0307010120,I,I,60,1571,"RESTAURAÇÃO DE DENTE PERMANENTE POSTERIOR COM RESINA COMPOSTA"
0307010139,I,I,60,1571,"RESTAURAÇÃO DE DENTE PERMANENTE POSTERIOR COM AMÁLGAMA"
0307010147,I,I,12,1571,"ADEQUAÇÃO DO COMPORTAMENTO DA PESSOA COM DEFICIÊNCIA"
0307010155,I,I,6,119,"ADEQUAÇÃO DO COMPORTAMENTO DE CRIANÇAS"
0307020010,I,I,0,1571,"ACESSO A POLPA DENTARIA E MEDICACAO (POR DENTE)"
0307020029,I,I,0,1571,"CURATIVO DE DEMORA C/ OU S/ PREPARO BIOMECANICO"
0307020037,I,I,0,1571,"TRATAMENTO ENDODÔNTICO DE DENTE DECÍDUO"
0307020045,I,I,0,1571,"TRATAMENTO ENDODÔNTICO DE DENTE PERMANENTE BIRRADICULAR"
0307020053,I,I,0,1571,"TRATAMENTO ENDODÔNTICO DE DENTE PERMANENTE COM TRÊS OU MAIS RAÍZES"
0307020061,I,I,0,1571,"TRATAMENTO ENDODÔNTICO DE DENTE PERMANENTE UNIRRADICULAR"
0307020070,I,I,0,1571,"PULPOTOMIA DENTÁRIA"
0307020088,I,I,0,1571,"RETRATAMENTO ENDODÔNTICO EM DENTE PERMANENTE BI-RADICULAR"
0307020096,I,I,0,1571,"RETRATAMENTO ENDODÔNTICO EM DENTE PERMANENTE COM 3 OU MAIS RAÍZES"
0307020100,I,I,0,1571,"RETRATAMENTO ENDODÔNTICO EM DENTE PERMANENTE UNI-RADICULAR"
0307020118,I,I,0,1571,"SELAMENTO DE PERFURAÇÃO RADICULAR"
0307030024,I,I,0,1571,"RASPAGEM ALISAMENTO SUBGENGIVAIS (POR SEXTANTE)"
0307030032,I,I,0,1571,"RASPAGEM CORONO-RADICULAR (POR SEXTANTE)"
0307030040,I,I,0,1571,"PROFILAXIA / REMOÇÃO DA PLACA BACTERIANA"
0307030059,I,I,0,1571,"RASPAGEM ALISAMENTO E POLIMENTO SUPRAGENGIVAIS (POR SEXTANTE)"
0307030067,I,I,120,1571,"TRATAMENTO DE GENGIVITE ULCERATIVA NECROSANTE AGUDA (GUNA)"
0307030075,I,I,0,1571,"TRATAMENTO DE LESÕES DA MUCOSA ORAL"
0307030083,I,I,6,1571,"TRATAMENTO DE PERICORONARITE"
0307040011,I,I,0,1571,"COLOCACAO DE PLACA DE MORDIDA"
0307040062,I,I,180,1571,"MANUTENCAO PERIODICA DE PROTESE BUCO-MAXILO-FACIAL"
0307040070,I,I,0,1571,"MOLDAGEM DENTO-GENGIVAL P/ CONSTRUCAO DE PROTESE DENTARIA"
0307040089,I,I,180,1571,"REEMBASAMENTO E CONSERTO DE PROTESE DENTARIA"
0307040100,I,I,0,1571,"INSTALAÇÃO DE PRÓTESE EM PACIENTES COM ANOMALIAS CRÂNIO E BUCOMAXILOFACIAL"
0307040119,I,I,0,1571,"INSTALAÇÃO DE APARELHO ORTODÔNTICO/ORTOPÉDICO FIXO"
0307040127,I,I,0,1571,"MANUTENÇÃO/CONSERTO DE APARELHO ORTODÔNTICO/ORTOPÉDICO"
0307040135,I,I,144,1571,"CIMENTAÇÃO DE PRÓTESE DENTÁRIA"
0307040143,I,I,144,1571,"ADAPTAÇÃO DE PRÓTESE DENTÁRIA"
0307040151,I,I,144,1571,"AJUSTE OCLUSAL"
0307040160,I,I,144,1571,"INSTALAÇÃO DE PRÓTESE DENTÁRIA"
0307040178,I,I,60,1571,"MOLDAGEM DENTO-GENGIVAL COM FINALIDADE ORTODÔNTICA"
0307040186,I,I,0,1571,"ESCANEAMENTO INTRAORAL"
0307040194,I,I,0,1571,"PLANEJAMENTO DE PRÓTESE DENTÁRIA E BUCOMAXILOFACIAL EM FLUXO DIGITAL"
0307050017,I,I,0,1571,"FOTOBIOMODULAÇÃO A LASER DE BAIXA POTÊNCIA PARA O TRATAMENTO DA MUCOSITE ORAL RADIOINDUZIDA E/OU QUIMIOINDUZIDA"
0308010019,I,I,0,1571,"TRATAMENTO CLÍNICO/CONSERVADOR DE TRAUMATISMOS DE QUALQUER LOCALIZAÇÃO"
0308010027,I,I,0,1571,"TRATAMENTO DE EFEITOS DE ASFIXÍA / OUTROS RISCOS A RESPIRAÇÃO"
0308010035,I,I,0,1571,"TRATAMENTO DE TRAUMATISMOS C/ LESAO DE ORGAO INTRA-TORACICO E INTRA-ABDOMINAL"
0308010043,I,I,0,1571,"TRATAMENTO DE TRAUMATISMOS ENVOLVENDO MULTIPLAS REGIOES DO CORPO"
0308020014,I,I,0,1571,"HEMODIAFILTRACAO CONTINUA"
0308020022,I,I,0,1571,"TRATAMENTO DE EFEITOS DO CONTATO C/ ANIMAIS E PLANTAS VENENOSOS"
0308020030,I,I,0,1571,"TRATAMENTO DE INTOXICACAO OU ENVENENAMENTO POR EXPOSICAO A MEDICAMENTO E SUBSTANCIAS DE USO NAO MEDICINAL"
0308030010,I,I,0,1571,"TRATAMENTO DE EFEITOS DA PENETRACAO DE CORPO ESTRANHO EM ORIFICIO NATURAL"
0308030028,I,I,0,1571,"TRATAMENTO DE EFEITOS DE OUTRAS CAUSAS EXTERNAS"
0308030036,I,I,0,1571,"TRATAMENTO DE QUEIMADURAS CORROSOES E GELADURAS"
0308040015,I,I,0,1571,"TRATAMENTO DE COMPLICACOES DE PROCEDIMENTOS CIRURGICOS OU CLINICOS"
0308040023,I,I,0,1571,"TRATAMENTO DE EVENTOS ADVERSOS POS-VACINAIS"
0309010039,I,I,0,1571,"GASTROSTOMIA ENDOSCOPICA PERCUTANEA (INCLUI MATERIAL E SEDACAO ANESTESICA)"
0309010047,I,I,144,1571,"NUTRIÇÃO ENTERAL EM ADULTO"
0309010055,I,I,0,1,"NUTRICAO ENTERAL EM NEONATOLOGIA"
0309010063,I,I,1,155,"NUTRIÇÃO ENTERAL EM PEDIATRIA"
0309010071,I,I,144,1571,"NUTRICAO PARENTERAL EM ADULTO"
0309010080,I,I,0,1,"NUTRICAO PARENTERAL EM NEONATOLOGIA"
0309010098,I,I,1,155,"NUTRIÇÃO PARENTERAL EM PEDIATRIA"
0309010101,I,I,0,1571,"PASSAGEM DE SONDA NASO ENTERICA (INCLUI MATERIAL)"
0309020018,I,I,0,1571,"HIPERSENSIBILIZACAO ESPECIFICA (POR TRATAMENTO COMPLETO)"
0309020026,I,I,0,1571,"HIPOSENSIBILIZACAO C/ PRODUTOS AUTOGENOS (POR TRATAMENTO COMPLETO)"
0309020034,I,I,0,1571,"HIPOSENSIBILIZACAO INESPECIFICA (POR TRATAMENTO COMPLETO)"
0309030013,I,I,0,1571,"CATETERISMO EVACUADOR DE BEXIGA"
0309030021,I,I,120,1571,"CATETERISMO DE CANAIS EJACULADORES"
0309030030,I,I,0,1571,"CAUTERIZACAO QUIMICA DE BEXIGA"
0309030048,I,I,228,1571,"CRIOCAUTERIZACAO / ELETROCOAGULACAO DE COLO DE UTERO"
0309030056,I,I,0,1571,"DILATACAO DE URETRA (POR SESSAO)"
0309030064,I,I,0,1571,"DILATACAO ENDOSCOPICA UNI / BILATERAL"
0309030072,I,I,0,1571,"HIDROTUBACAO (POR TRATAMENTO COMPLETO)"
0309030080,I,I,0,1571,"INSTILACAO DE BEXIGA"
0309030099,I,I,0,1571,"INSTILACAO DE URETRA E BEXIGA"
0309030102,I,I,0,1571,"LITOTRIPSIA EXTRACORPOREA (ONDA DE CHOQUE - TRATATAMENTO SUBSEQUENTE EM 1 REGIAO RENAL)"
0309030110,I,I,0,1571,"LITOTRIPSIA EXTRACORPOREA (ONDA DE CHOQUE - TRATATAMENTO SUBSEQUENTE EM 2 REGIOES RENAIS)"
0309030129,I,I,0,1571,"LITOTRIPSIA EXTRACORPOREA (ONDA DE CHOQUE PARCIAL / COMPLETA EM 1 REGIAO RENAL)"
0309030137,I,I,0,1571,"LITOTRIPSIA EXTRACORPOREA (ONDA DE CHOQUE PARCIAL / COMPLETA EM 2 REGIOES RENAIS)"
0309030145,M,M,144,1571,"MASSAGEM DE PROSTATA (POR SESSAO)"
0309030153,I,I,228,1571,"PERSUFLACAO P/ DESOBSTRUCAO TUBARIA (POR TRATAMENTO COMPLETO)"
0309040019,I,I,0,1571,"AVALIACAO DE MARCAPASSO"
0309040027,I,I,0,1571,"CARDIOVERSAO ELETRICA"
0309050014,I,I,0,1571,"SESSÃO DE ACUPUNTURA APLICAÇÃO DE VENTOSAS / MOXA"
0309050022,I,I,0,1571,"SESSÃO DE ACUPUNTURA COM INSERÇÃO DE AGULHAS"
0309050030,I,I,0,1571,"SESSÃO DE ELETROACUPUNTURA/LASER ACUPUNTURA"
0309050049,I,I,0,1571,"SESSÃO DE AURICULOTERAPIA"
0309050057,I,I,0,1571,"SESSÃO DE MASSOTERAPIA"
0309050065,I,I,0,1571,"TRATAMENTO TERMAL/CRENOTERÁPICO"
0309050073,I,I,0,1571,"TRATAMENTO NATUROPÁTICO"
0309050081,I,I,0,1571,"TRATAMENTO OSTEOPÁTICO"
0309050090,I,I,0,1571,"TRATAMENTO QUIROPRÁTICO"
0309050111,I,I,0,1571,"SESSÃO DE APITERAPIA"
0309050120,I,I,0,1571,"SESSÃO DE AROMATERAPIA"
0309050138,I,I,0,1571,"SESSÃO DE CROMOTERAPIA"
0309050146,I,I,0,1571,"SESSÃO DE GEOTERAPIA"
0309050154,I,I,0,1571,"SESSÃO DE HIPNOTERAPIA"
0309050162,I,I,0,1571,"SESSÃO DE IMPOSIÇÃO DE MÃOS"
0309050170,I,I,0,1571,"SESSÃO DE OZONIOTERAPIA APLICADA À ODONTOLOGIA"
0309050189,I,I,0,1571,"SESSÃO DE TERAPIA DE FLORAIS"
0309050197,I,I,0,1571,"TRATAMENTO HOMEOPÁTICO"
0309050200,I,I,0,1571,"TRATAMENTO FITOTERÁPICO"
0309050219,I,I,0,1571,"TRATAMENTO ANTROPOSÓFICO"
0309050227,I,I,0,1571,"TRATAMENTO AYURVÉDICO"
0309050235,I,I,0,1571,"TRATAMENTO EM MEDICINA TRADICIONAL CHINESA"
0309050243,I,I,0,1571,"SESSÃO DE SHANTALA"
0309050251,I,I,0,1571,"TRATAMENTO DE FERIDAS COM PLANTAS MEDICINAIS"
0309050260,I,I,0,1571,"TRATAMENTO DE FERIDAS COM FITOTERÁPICO"
0309060010,I,I,0,1571,"INSTALAÇÃO DE CATETER DUPLO LUMEN POR PUNÇÃO"
0309060036,I,I,0,1571,"INSTALAÇÃO DE CATETER MONO LUMEN POR PUNÇÃO"
0309070015,I,I,144,1571,"TRATAMENTO ESCLEROSANTE NÃO ESTÉTICO DE VARIZES DOS MEMBROS INFERIORES (UNILATERAL)"
0309070023,I,I,144,1571,"TRATAMENTO ESCLEROSANTE NÃO ESTÉTICO DE VARIZES DOS MEMBROS INFERIORES (BILATERAL)"
0309080010,I,I,0,6,"TRATAMENTO COM INFUSÃO DE TERAPIA GÊNICA- ONASEMNOGENO ABEPARVOVEQUE"
0310010012,I,I,108,731,"ASSISTÊNCIA AO PARTO SEM DISTOCIA"
0310010020,I,I,0,0,"ATENDIMENTO AO RECEM-NASCIDO NO MOMENTO DO NASCIMENTO"
0310010039,I,I,108,731,"PARTO NORMAL"
0310010047,I,I,108,731,"PARTO NORMAL EM GESTAÇÃO DE ALTO RISCO"
0310010055,I,I,180,491,"PARTO NORMAL EM CENTRO DE PARTO NORMAL (CPN)"
0311010016,I,I,0,1571,"ATENDIMENTO MULTIPROFFISSIONAL EM CUIDADOS PALIATIVO NA ATENÇÃO ESPECIALIZADA"
0311010024,I,I,0,1571,"ATENÇÃO MULTIPROFISSIONAL EM CUIDADOS PALIATIVOS NA ATENÇÃO PRIMÁRIA"
0311020011,N,N,,,"ATIVIDADE DE APOIO MATRICIAL EM CUIDADOS PALIATIVOS"
0311020020,N,N,,,"ATIVIDADE EDUCATIVA EM CUIDADOS PALIATIVOS COM PROFISSIONAIS DA RAS.."
0311020038,N,N,,,"ATIVIDADE EDUCATIVA EM CUIDADOS PALIATIVOS COM GRUPO DE FAMILIARES DE PACIENTES"
0311020046,N,N,,,"ATIVIDADE EDUCATIVA EM CUIDADOS PALIATIVOS COM A COMUNIDADE"
0401010015,I,I,0,1571,"CURATIVO GRAU II C/ OU S/ DEBRIDAMENTO"
0401010031,I,I,0,1571,"DRENAGEM DE ABSCESSO"
0401010040,I,I,0,1571,"ELETROCOAGULACAO DE LESAO CUTANEA"
0401010058,I,I,0,1571,"EXCISAO DE LESAO E/OU SUTURA DE FERIMENTO DA PELE ANEXOS E MUCOSA"
0401010066,I,I,0,1571,"EXCISÃO E/OU SUTURA SIMPLES DE PEQUENAS LESÕES / FERIMENTOS DE PELE / ANEXOS E MUCOSA"
0401010074,I,I,0,1571,"EXERESE DE TUMOR DE PELE E ANEXOS / CISTO SEBACEO / LIPOMA"
0401010082,I,I,0,1571,FRENÉCTOMIA/FRENOTOMIA.
0401010090,I,I,0,1571,"FULGURACAO / CAUTERIZACAO QUIMICA DE LESOES CUTANEAS"
0401010104,I,I,0,1571,"INCISAO E DRENAGEM DE ABSCESSO"
0401010112,I,I,0,1571,"RETIRADA DE CORPO ESTRANHO SUBCUTANEO"
0401010120,I,I,0,1571,"RETIRADA DE LESAO POR SHAVING"
0401010139,I,I,0,1571,"TRATAMENTO CIRÚRGICO DE FÍSTULA DO PESCOÇO (POR APROXIMAÇÃO)"
0401020010,I,I,0,1571,"ENXERTO COMPOSTO"
0401020029,I,I,0,1571,"ENXERTO DERMO-EPIDÉRMICO"
0401020037,I,I,0,1571,"ENXERTO LIVRE DE PELE TOTAL"
0401020045,I,I,0,1571,"EXCISÃO E ENXERTO DE PELE (HEMANGIOMA, NEVUS OU TUMOR )"
0401020053,I,I,0,1571,"EXCISÃO E SUTURA DE LESAO NA PELE C/ PLÁSTICA EM Z OU ROTAÇÃO DE RETALHO"
0401020061,I,I,0,1571,"EXÉRESE DE CISTO BRANQUIAL"
0401020070,I,I,0,1571,"EXÉRESE DE CISTO DERMOIDE"
0401020088,I,I,0,1571,"EXÉRESE DE CISTO SACRO-COCCIGEO"
0401020096,I,I,0,1571,"EXÉRESE DE CISTO TIREOGLOSSO"
0401020100,I,I,0,1571,"EXTIRPAÇÃOE SUPRESSÃO DE LESÃO DE PELE E DE TECIDO CELULAR SUBCUTÂNEO"
0401020118,I,I,0,1571,"HOMOENXERTIA (ATO CIRÚRGICO PRE E PÓS-OPERATÓRIO)"
0401020126,I,I,0,1571,"TRATAMENTO CIRURGICO DE ESCALPO PARCIAL"
0401020134,I,I,0,1571,"TRATAMENTO CIRURGICO DE ESCALPO TOTAL"
0401020142,I,I,0,1571,"TRATAMENTO CIRÚRGICO DE HIPERCERATOSE PLANTAR COM (CORREÇÃO PLÁSTICA)"
0401020150,I,I,0,1571,"TRATAMENTO CIRÚRGICO DO SINUS PRÉ-AURICULAR"
0401020169,I,I,0,1571,"TRATAMENTO EM ESTÁGIOS SUBSEQUENTES DE ENXERTIA"
0401020177,I,I,0,1571,"CIRURGIA DE UNHA (CANTOPLASTIA)"
0402010019,I,I,0,1571,"EXTIRPAÇÃO DE BÓCIO INTRATORÁCICO POR VIA TRANSESTERNAL"
0402010027,I,I,0,1571,PARATIREOIDECTOMIA
0402010035,I,I,0,1571,"TIREOIDECTOMIA PARCIAL"
0402010043,I,I,0,1571,"TIREOIDECTOMIA TOTAL"
0402010051,I,I,0,1571,"TIREOIDECTOMIA TOTAL COM ESVAZIAMENTO GANGLIONAR"
0402020014,I,I,144,1571,"SUPRARRENALECTOMIA BILATERAL"
0402020022,I,I,144,1571,"SUPRARRENALECTOMIA UNILATERAL"
0403010012,I,I,0,1571,CRANIOPLASTIA
0403010020,I,I,0,1571,"CRANIOTOMIA DESCOMPRESSIVA"
0403010039,I,I,0,1571,"CRANIOTOMIA DESCOMPRESSIVA DA FOSSA POSTERIOR"
0403010047,I,I,0,1571,"CRANIOTOMIA PARA RETIRADA DE CISTO / ABSCESSO / GRANULOMA ENCEFALICO"
0403010055,I,I,0,1571,"CRANIOTOMIA PARA RETIRADA DE CISTO / ABSCESSO / GRANULOMA ENCEFÁLICO (COM TÉCNICA COMPLEMENTAR)"
0403010063,I,I,0,1571,"CRANIOTOMIA PARA RETIRADA DE CORPO ESTRANHO INTRACRANIANO"
0403010071,I,I,0,1571,"CRANIOTOMIA PARA RETIRADA DE CORPO ESTRANHO INTRACRANIANO (COM TÉCNICA COMPLEMENTAR)"
0403010080,I,I,0,1571,"DERIVAÇÃO RAQUE-PERITONEAL"
0403010098,I,I,0,1571,"DERIVAÇÃO VENTRICULAR EXTERNAR-SUBGALEAL EXTERNA"
0403010101,I,I,0,1571,"DERIVAÇÃO VENTRICULAR PARA PERITÔNEO / ÁTRIO / PLEURA / RAQUE"
0403010110,I,I,0,1571,"DESCOMPRESSÃO DE ÓRBITA POR DOENÇA OU TRAUMA"
0403010128,I,I,0,1571,"MICROCIRURGIA CEREBRAL ENDOSCOPICA"
0403010136,I,I,0,1571,"MICROCIRURGIA DA SIRINGOMIELIA"
0403010144,I,I,0,1571,"RECONSTRUCAO CRANIANA / CRANIO-FACIAL"
0403010152,I,I,0,1571,"RESSECÇÃO DE MUCOCELE FRONTAL"
0403010160,I,I,0,1571,"RETIRADA DE DERIVAÇÃO VENTRICULAR PARA PERITONEO / ÁTRIO / PLEURA / RAQUE"
0403010179,I,I,0,1571,"RETIRADA DE PLACA DE CRANIOPLASTIA"
0403010187,I,I,0,1571,"REVISÃO DE DERIVAÇÃO VENTRICULAR PARA PERITÔNEO / ÁTRIO / PLEURA / RAQUE"
0403010195,I,I,0,1571,"TRATAMENTO CIRURGICO DE ABSCESSO INTRACRANIANO"
0403010209,I,I,0,1571,"TRATAMENTO CIRÚRGICO DE CRANIOSSINOSTOSE COM SUTURA ÚNICA"
0403010217,I,I,0,1571,"TRATAMENTO CIRÚRGICO DE CRANIOSSINOSTOSE COMPLEXA"
0403010225,I,I,0,1571,"TRATAMENTO CIRÚRGICO DE DISRAFISMO ABERTO"
0403010233,I,I,0,1571,"TRATAMENTO CIRÚRGICO DE DISRAFISMO OCULTO"
0403010241,I,I,0,1571,"TRATAMENTO CIRÚRGICO DE FÍSTULA LIQUORICA CRANIANA"
0403010250,I,I,0,1571,"TRATAMENTO CIRÚRGICO DE FISTULA LIQUORICA RAQUIDIANA"
0403010268,I,I,0,1571,"TRATAMENTO CIRURGICO DE FRATURA DO CRANIO COM AFUNDAMENTO"
0403010276,I,I,0,1571,"TRATAMENTO CIRURGICO DE HEMATOMA EXTRADURAL"
0403010284,I,I,0,1571,"TRATAMENTO CIRURGICO DE HEMATOMA INTRACEREBRAL"
0403010292,I,I,0,1571,"TRATAMENTO CIRURGICO DE HEMATOMA INTRACEREBRAL (COM TECNICA COMPLEMENTAR)"
0403010306,I,I,0,1571,"TRATAMENTO CIRURGICO DE HEMATOMA SUBDURAL AGUDO"
0403010314,I,I,0,1571,"TRATAMENTO CIRURGICO DE HEMATOMA SUBDURAL CRONICO"
0403010322,I,I,0,1571,"TRATAMENTO CIRÚRGICO DE OSTEOMIELITE DO CRÂNIO"
0403010330,I,I,0,1571,"TRATAMENTO CIRÚRGICO DE PLATIBASIA E MALFORMAÇÃO DE ARNOLD CHIARI"
0403010349,I,I,0,1571,"TREPANACAO CRANIANA PARA PROPEDEUTICA NEUROCIRURGICA / IMPLANTE PARA MONITORIZACAO PIC"
0403010357,I,I,0,1571,"TREPANAÇÃO CRANIANA PARA PUNÇÃO OU BIÓPSIA (COM TÉCNICA COMPLEMENTAR)"
0403010365,I,I,0,1571,"TREPANAÇÃO CRANIANA PARA PUNÇÃO OU BIÓPSIA"
0403010390,I,I,0,1571,"DRENAGEM LIQUÓRICA LOMBAR EXTERNA"
0403020018,I,I,0,1571,"ENXERTO MICROCIRURGICO DE NERVO PERIFERICO (2 OU MAIS NERVOS)"
0403020026,I,I,0,1571,"ENXERTO MICROCIRÚRGICO DE NERVO PERIFÉRICO (ÚNICO NERVO)"
0403020034,I,I,0,1571,"MICROCIRURGIA DE PLEXO BRAQUIAL COM EXPLORAÇÃO E NEUROLISE"
0403020042,I,I,0,1571,"MICROCIRURGIA DE PLEXO BRAQUIAL COM MICROENXERTIA"
0403020050,I,I,0,1331,"MICRONEUROLISE DE NERVO PERIFERICO"
0403020069,I,I,0,1571,MICRONEURORRAFIA
0403020077,I,I,0,1571,"NEUROLISE NAO FUNCIONAL DE NERVOS PERIFERICOS"
0403020085,I,I,0,1571,NEURORRAFIA
0403020093,I,I,0,1571,"NEUROTOMIA SELETIVA DE TRIGEMEO E OUTROS NERVOS CRANIANOS"
0403020107,I,I,0,1571,"TRANSPOSICAO DO NERVO CUBITAL"
0403020115,I,I,0,1571,"TRATAMENTO CIRÚRGICO DE NEUROPATIA COMPRESSIVA COM OU SEM MICROCIRÚRGIA"
0403020123,I,I,12,1571,"TRATAMENTO CIRURGICO DE SINDROME COMPRESSIVA EM TUNEL OSTEO-FIBROSO AO NIVEL DO CARPO"
0403020131,I,I,0,1571,"TRATAMENTO MICROCIRÚRGICO DE TUMOR DE NERVO PERIFÉRICO / NEUROMA"
0403030013,I,I,0,1571,"CRANIOTOMIA PARA BIOPSIA ENCEFÁLICA"
0403030021,I,I,0,1571,"CRANIOTOMIA PARA BIOPSIA ENCEFALICA (COM TÉCNICA COMPLEMENTAR)"
0403030030,I,I,0,1571,"CRANIOTOMIA PARA RETIRADA DE TUMOR CEREBRAL INCLUSIVO DA FOSSA POSTERIOR"
0403030048,I,I,0,1571,"CRANIOTOMIA PARA RETIRADA DE TUMOR INTRACRANIANO"
0403030056,I,I,0,1571,"CRANIECTOMIA POR TUMOR OSSEO"
0403030064,I,I,0,1571,"HIPOFISECTOMIA TRANSESFENOIDAL POR TECNICA COMPLEMENTAR"
0403030080,I,I,0,1571,"MICROCIRURGIA DE TUMOR INTRADURAL E EXTRAMEDULAR"
0403030099,I,I,0,1571,"MICROCIRURGIA DE TUMOR MEDULAR COM TECNICA COMPLEMENTAR"
0403030102,I,I,0,1571,"MICROCIRURGIA DE TUMOR MEDULAR"
0403030110,I,I,0,1571,"MICROCIRURGIA PARA BIOPSIA DE MEDULA ESPINHAL OU RAIZES"
0403030129,I,I,0,1571,"MICROCIRURGIA PARA TUMOR DA BASE DO CRANIO"
0403030137,I,I,0,1571,"MICROCIRURGIA PARA TUMOR DE ÓRBITA"
0403030145,I,I,0,1571,"MICROCIRURGIA PARA TUMOR INTRACRANIANO"
0403030153,I,I,0,1571,"MICROCIRURGIA PARA TUMOR INTRACRANIANO (COM TÉCNICA COMPLEMENTAR)"
0403030161,I,I,0,1571,"RESSECÇÃO DE TUMOR RAQUIMEDULAR EXTRADURAL"
0403040019,I,I,0,1571,"ANASTOMOSE VASCULAR EXTRA / INTRACRANIANA"
0403040027,I,I,12,1571,"DESCOMPRESSÃO NEUROVASCULAR DE NERVOS CRANIANOS"
0403040051,I,I,0,1571,"MICROCIRURGIA PARA MALFORMAÇÃO ARTÉRIO-VENOSA CEREBRAL"
0403040060,I,I,0,1571,"MICROCIRURGIA PARA MALFORMAÇÃO ARTERIO-VENOSA CEREBRAL PROFUNDA"
0403040078,I,I,0,1571,"MICROCIRURGIA VASCULAR INTRACRANIANA (COM TÉCNICA COMPLEMENTAR)"
0403040086,I,I,0,1571,"TRATAMENTO CIRÚRGICO DE FÍSTULA CAROTÍDEO-CAVERNOSA"
0403040094,I,I,0,1571,"MICROCIRURGIA PARA ANEURISMA DA CIRCULAÇÃO CEREBRAL ANTERIOR MAIOR QUE 1,5 CM"
0403040108,I,I,0,1571,"MICROCIRURGIA PARA ANEURISMA DA CIRCULAÇÃO CEREBRAL POSTERIOR MAIOR QUE 1,5 CM"
0403040116,I,I,0,1571,"MICROCIRURGIA P/ARA ANEURISMA DA CIRCULAÇÃO CEREBRAL ANTERIOR MENOR QUE 1,5 CM"
0403040124,I,I,0,1571,"MICROCIRURGIA PARA ANEURISMA DA CIRCULAÇÃO CEREBRAL POSTERIOR MENOR QUE 1,5 CM"
0403050014,I,I,0,1571,"ALCOOLIZAÇÃO DE NERVO CRANIANO"
0403050022,I,I,0,1571,"NEURÓLISE DO TRIGÊMEO COM GLICEROL"
0403050030,I,I,156,1571,"BLOQUEIOS PROLONGADOS DE SISTEMA NERVOSO PERIFÉRICO / CENTRAL COM BOMBA DE INFUSÃO"
0403050049,I,I,156,1571,"CORDOTOMIA / MIELOTOMIA POR RADIOFREQUENCIA"
0403050057,I,I,192,1571,"IMPLANTE INTRATECAL DE BOMBA DE INFUSÃO DE FÁRMACOS"
0403050065,I,I,0,1571,"MICROCIRURGIA COM CORDOTOMIA / MIELOTOMIA A CÉU ABERTO"
0403050073,I,I,0,1571,"MICROCIRURGIA COM RIZOTOMIA A CÉU ABERTO"
0403050081,I,I,0,1571,"NEUROTOMIA PERCUTÂNEA DE NERVOS PERIFÈRICOS POR AGENTES QUIMICOS"
0403050090,I,I,0,1571,"RIZOTOMIA PERCUTANEA COM BALÃO"
0403050103,I,I,0,1571,"RIZOTOMIA / NEUROTOMIA PERCUTÂNEA POR RADIOFREQUÊNCIA"
0403050111,I,I,12,1571,"SIMPATECTOMIA LOMBAR A CÉU ABERTO"
0403050120,I,I,156,1571,"SIMPATECTOMIA LOMBAR VIDEOCIRURGICA"
0403050138,I,I,156,1571,"SIMPATECTOMIA TORACICA A CÉU ABERTO"
0403050146,I,I,156,1571,"SIMPATECTOMIA TORÁCICA VIDEOCIRÚRGICA"
0403050154,I,I,156,1571,"TRATAMENTO DE LESAO DO SISTEMA NEUROVEGETATIVO POR AGENTES QUIMICOS"
0403050162,I,I,156,1571,"TRATAMENTO ABLATIVO POR ESTEREOTAXIA EM ESTRUTURA PROFUNDA DE SNC PARA TRATATAMENTO DE MOVIMENTOS ANORMAIS OU CONTROLE DA DOR"
0403060010,I,I,0,1571,"EXPLORAÇÃO DIAGNÓSTICA CIRÚRGICA PARA IMPLANTAÇÃO BILATERAL DE ELETRODOS SUBDURAIS (INCLUI VÍDEO-ELETROENCEFALOGRAMA)"
0403060028,I,I,0,1571,"EXPLORAÇÃO DIAGNÓSTICA CIRÚRGICA PARA IMPLANTAÇÃO UNILATERAL DE ELETRODOS SUBDURAIS (INCLUI VIDEO-ELETROENCEFALOGRAMA)"
0403060036,I,I,0,1571,"MICROCIRURGIA PARA LESIONECTOMIA COM MONITORAMENTO INTRAOPERATÓRIO"
0403060044,I,I,0,1571,"MICROCIRURGIA PARA LESIONECTOMIA SEM MONITORAMENTO INTRA-OPERATÓRIO"
0403060052,I,I,0,1571,"MICROCIRURGIA PARA LOBÉCTOMIA TEMPORAL / AMIGDALO-HIPOCAMPECTOMIA SELETIVA"
0403060060,I,I,0,1571,"MICROCIRURGIA PARA RESSECCAO MULTILOBAR / HEMISFERECTOMIA / CALOSOTOMIA"
0403060079,I,I,0,1571,"MICROCIRURGIA PARA RESSECÇÃO UNILOBAR EXTRATEMPORAL COM MONITORAMENTO INTRAOPERATORIO"
0403060087,I,I,0,1571,"MICROCIRURGIA PARA RESSECCAO UNILOBAR EXTRATEMPORAL SEM MONITORAMENTO INTRA-OPERATORIO"
0403060095,I,I,0,1571,"TRANSECÇÕES SUB-PIAIS MULTIPLAS EM AREAS ELOQUENTES"
0403070015,I,I,0,1571,"ANGIOPLASTIA INTRACRANIANA EM VASO-ESPASMO"
0403070040,I,I,0,1571,"EMBOLIZAÇÃO DE ANEURISMA CEREBRAL MAIOR QUE 1,5 CM COM COLO ESTREITO"
0403070058,I,I,0,1571,"EMBOLIZAÇÃO DE ANEURISMA CEREBRAL MAIOR QUE 1,5 CM COM COLO LARGO"
0403070082,I,I,0,1571,"EMBOLIZAÇÃO DE FISTULA ARTERIO-VENOSA DA CABEÇA E PESCOÇO"
0403070090,I,I,0,1571,"EMBOLIZAÇÃO DE FÍSTULA CAROTIDO-CAVERNOSA DIRETAS"
0403070104,I,I,0,1571,"EMBOLIZAÇÃO DE MALFORMAÇÃO ARTERIO-VENOSA DURAL COMPLEXA DO SISTEMA NERVOSO CENTRAL"
0403070112,I,I,0,1571,"EMBOLIZAÇÃO DE MALFORMAÇÃO ARTERIO-VENOSA DURAL SIMPLES DO SISTEMA NERVOSO CENTRAL"
0403070120,I,I,0,1571,"EMBOLIZAÇÃO DE MALFORMAÇÃO ARTERIO-VENOSA INTRAPARENQUIMATOSA DO SISTEMA NERVOSO CENTRAL"
0403070139,I,I,0,1571,"EMBOLIZAÇÃO DE TUMOR INTRA-CRANIANO OU DA CABEÇA E PESCOÇO"
0403070147,I,I,0,1571,"TRATAMENTO DE ANEURISMA GIGANTE POR OCLUSÃO DO VASO PORTADOR"
0403070155,I,I,0,1571,"EMBOLIZAÇÃO DE ANEURISMA CEREBRAL MENOR QUE 1,5 CM COM COLO ESTREITO"
0403070163,I,I,0,1571,"EMBOLIZAÇÃO DE ANEURISMA CEREBRAL MENOR DO QUE 1,5 CM COM COLO LARGO"
0403070171,I,I,216,1571,"TRATAMENTO DO ACIDENTE VASCULAR CEREBRAL ISQUÊMICO AGUDO COM TROMBECTOMIA MECÂNICA"
0403080010,I,I,156,1571,"IMPLANTE DE ELETRODO PARA ESTIMULAÇÃO CEREBRAL"
0403080029,I,I,156,1571,"IMPLANTE DE GERADOR DE PULSOS P/ARA ESTIMULAÇÃO CEREBRAL (INCLUI CONECTOR)"
0403080037,I,I,0,1571,"IMPLANTE INTRAVENTRICULAR DE BOMBA DE INFUSÃO DE FARMACOS"
0403080045,I,I,156,1571,"MIECTOMIA SUPERSELETIVA"
0403080053,I,I,156,1571,"NEUROTOMIA SUPERSELETIVA PARA MOVIMENTOS ANORMAIS"
0403080061,I,I,192,1571,"NUCLEOTRACTOMIA TRIGEMINAL E/OU ESPINAL"
0403080070,I,I,156,1571,"TRATAMENTO DE DOR POR ESTEREOTAXIA"
0403080088,I,I,156,1571,"TRATAMENTO DE MOVIMENTO ANORMAL POR ESTEREOTAXIA"
0403080096,I,I,156,1571,"TRATAMENTO DE MOVIMENTO ANORMAL POR ESTEREOTAXIA COM MICRO-REGISTRO"
0403080100,I,I,228,1571,"TROCA DE GERADOR DE PULSOS PARA ESTIMULAÇÃO CEREBRAL"
0404010016,I,I,24,1571,ADENOIDECTOMIA
0404010024,I,I,36,1571,AMIGDALECTOMIA
0404010032,I,I,24,1571,"AMIGDALECTOMIA COM ADENOIDECTOMIA"
0404010040,I,I,0,35,"ANTROTOMIA DA MASTOIDE (DRENAGEM DE OTITE NO LACTENTE)"
0404010059,I,I,0,1571,"DRENAGEM DE ABSCESSO FARINGEO"
0404010067,I,I,12,1571,"DRENAGEM DE ABSCESSO PERIAMIGDALIANO"
0404010075,I,I,0,1571,"DRENAGEM DE FURUNCULO NO CONDUTO AUDITIVO EXTERNO"
0404010083,I,I,144,1571,"DRENAGEM DO SACO ENDO-LINFATICO - SHUNT (C/ AUDICAO POR VIA TRANSMASTOIDEA)"
0404010091,I,I,0,1571,"DUCHA DE POLITZER (UNI / BILATERAL)"
0404010105,I,I,12,1571,ESTAPEDECTOMIA
0404010113,I,I,0,1571,"EXÉRESE DE PAPILOMA EM LARINGE"
0404010121,I,I,0,1571,"EXÉRESE DE TUMOR DE VIAS AEREAS SUPERIORES, FACE E PESCOÇO"
0404010130,I,I,144,1571,"EXTIRPAÇÃO DE TUMOR DO CAVUM E FARINGE"
0404010148,I,I,0,1571,"IMPLANTE COCLEAR"
0404010156,I,I,0,1571,"INFILTRACAO MEDICAMENTOSA EM CORNETO INFERIOR"
0404010164,I,I,0,1571,"LABIRINTECTOMIA MEMBRANOSA / ÓSSEA COM OU SEM AUDIÇÃO"
0404010172,I,I,12,1571,"LARINGECTOMIA PARCIAL"
0404010180,I,I,12,1571,"LARINGECTOMIA TOTAL"
0404010199,I,I,12,1571,"LARINGECTOMIA TOTAL COM ESVAZIAMENTO CERVICAL"
0404010202,I,I,0,1571,LARINGORRAFIA
0404010210,I,I,0,1571,"MASTOIDECTOMIA RADICAL"
0404010229,I,I,0,1571,"MASTOIDECTOMIA SUBTOTAL"
0404010237,I,I,0,1571,"MICROCIRURGIA OTOLOGICA"
0404010245,I,I,0,1571,"MIRINGOTOMIA (TIMPANOPLASTIA)"
0404010253,I,I,0,1571,"PARACENTESE DO TIMPANO"
0404010261,I,I,0,1571,"PUNCAO TRANSMEATICA DO SEIO MAXILAR (UNILATERAL)"
0404010270,I,I,0,1571,"REMOCAO DE CERUMEN DE CONDUTO AUDITIVO EXTERNO UNI / BILATERAL"
0404010288,I,I,0,1571,"RESSECÇÃO DE GLOMO TIMPANICO"
0404010296,I,I,0,1571,"RESSECCAO DE SINEQUIAS"
0404010300,I,I,0,1571,"RETIRADA DE CORPO ESTRANHO DA CAVIDADE AUDITIVA E NASAL"
0404010318,I,I,0,1571,"RETIRADA DE CORPO ESTRANHO DE OUVIDO / FARINGE / LARINGE / NARIZ"
0404010326,I,I,0,1571,"SINUSOTOMIA BILATERAL"
0404010334,I,I,0,1571,"SINUSOTOMIA ESFENOIDAL"
0404010342,I,I,0,1571,"TAMPONAMENTO NASAL ANTERIOR E/OU POSTERIOR"
0404010350,I,I,0,1571,"TIMPANOPLASTIA (UNI / BILATERAL)"
0404010369,I,I,0,1571,"TIMPANOTOMIA P/ TUBO DE VENTILACAO"
0404010377,I,I,0,1571,TRAQUEOSTOMIA
0404010385,I,I,12,1571,"TRATAMENTO CIRÚRGICO DE ESTENOSE DO CONDUTO AUDITIVO"
0404010393,I,I,0,1571,"TRATAMENTO CIRURGICO DE PERICONDRITE DE PAVILHAO"
0404010407,I,I,0,1571,"TRATAMENTO CIRÚRGICO DE RINITE CRONICA (OZENA)"
0404010415,I,I,144,1571,TURBINECTOMIA
0404010431,I,I,0,1571,"ARITENOIDECTOMIA COM LARINGOFISSURA"
0404010440,I,I,0,1571,"ANTROSTOMIA DE MAXILA INTRANASAL"
0404010458,I,I,0,1571,"LARINGOFISSURA PARA COLOCAÇÃO DE MOLDE NOS TRAUMATISMOS DE LARINGE"
0404010466,I,I,0,1571,"PAROTIDECTOMIA PARCIAL OU SUBTOTAL"
0404010474,I,I,0,1571,"PLÁSTICA DO CANAL DE STENON"
0404010482,I,I,120,1571,"SEPTOPLASTIA PARA CORREÇÃO DE DESVIO"
0404010490,I,I,0,1571,"TRATAMENTO CIRÚRGICO DE IMPERFURAÇÃO COANAL (UNI / BILATERAL)"
0404010504,I,I,0,1571,"TRATAMENTO CIRÚRGICO DE PERFURAÇÃO DO SEPTO NASAL"
0404010512,I,I,0,1571,"SINUSOTOMIA TRANSMAXILAR"
0404010520,I,I,0,1571,"SEPTOPLASTIA REPARADORA NÂO ESTÉTICA"
0404010539,I,I,0,1571,"RESSECÇÃO DE TUMOR DO ACÚSTICO (PELA FOSSA MEDIA)"
0404010547,I,I,0,1571,"RESSECÇÃO DO GLOMO JUGULAR"
0404010555,I,I,0,1571,"TRATAMENTO CIRÚRGICO DE RINOFIMA"
0404010563,I,I,252,911,TIREOPLASTIA
0404010571,I,I,0,1571,"CIRURGIA DE IMPLANTE COCLEAR UNILATERAL"
0404010580,I,I,0,1571,"CIRURGIA DE IMPLANTE COCLEAR BILATERAL"
0404010598,I,I,0,1571,"CIRURGIA PARA REVISÃO DO IMPLANTE COCLEAR SEM DISPOSITIVO INTERNO DO IMPLANTE COCLEAR"
0404010601,I,I,60,1571,"CIRURGIA PARA PRÓTESE AUDITIVA ANCORADA NO OSSO - 1º TEMPO"
0404010610,I,I,60,1571,"CIRURGIA PARA PRÓTESE AUDITIVA ANCORADA NO OSSO - 2º TEMPO"
0404010628,I,I,84,1571,"CIRURGIA PARA PRÓTESE AUDITIVA ANCORADA NO ÓSSO UNILATERAL  TEMPO ÚNICO"
0404010636,I,I,60,1571,"CIRURGIA PARA REVISÃO DA PRÓTESE AUDITIVA ANCORADA NO OSSO"
0404010644,I,I,60,1571,"CIRURGIA PARA REIMPLANTAÇÃO DA PRÓTESE AUDITIVA ANCORADA NO ÓSSO"
0404010652,I,I,84,1571,"CIRURGIA PARA PRÓTESE AUDITIVA ANCORADA NO ÓSSO BILATERAL - TEMPO ÚNICO"
0404020011,I,I,0,1571,"ALONGAMENTO DE COLUMELA"
0404020038,I,I,0,1571,"CORREÇÃO CIRÚRGICA DE FÍSTULA ORO-NASAL / ORO-SINUSAL"
0404020046,I,I,0,1571,"CORREÇÃO CIRÚRGICA DE FÍSTULA SALIVAR COM RETALHO"
0404020054,I,I,0,1571,"DRENAGEM DE ABSCESSO DA BOCA E ANEXOS"
0404020062,I,I,0,1571,"ENXERTO TOTAL / PARCIAL INTRATEMPORAL DE NERVO FACIAL"
0404020070,I,I,24,1571,"RESSECÇÃO DE GLÂNDULA SALIVAR"
0404020089,I,I,0,1571,"EXCISÃO DE RÂNULA OU FENÔMENO DE RETENÇÃO SALIVAR"
0404020097,I,I,0,1571,"EXCISÃO E SUTURA DE LESÃO NA BOCA"
0404020100,I,I,0,1571,"EXCISÃO EM CUNHA DE LÁBIO"
0404020119,I,I,0,1571,"EXCISÃO PARCIAL DE LÁBIO COM ENXERTO LIVRE / ROTAÇÃO DE RETALHO"
0404020135,I,I,0,1571,"EXPLORAÇÃO/ DESCOMPRESSÃO TOTAL / PARCIAL DO NERVO FACIAL"
0404020143,I,I,0,1571,"GLOSSECTOMIA PARCIAL"
0404020178,I,I,0,1571,"MAXILECTOMIA PARCIAL"
0404020208,I,I,0,1571,"LABIOPLASTIA PARA REDUÇÃO OU CORREÇÃO DA HIPERTROFIA DO LÁBIO"
0404020224,I,I,0,1571,"RECONSTRUÇÃO TOTAL DE CAVIDADE ORBITÁRIA"
0404020232,I,I,0,1571,"RECONSTRUÇÃO TOTAL OU PARCIAL DE LÁBIO"
0404020240,I,I,0,1571,"RECONSTRUÇÃO TOTAL OU PARCIAL DE NARIZ"
0404020275,I,I,120,1571,"RESSECÇÃO DE LESÃO MALIGNA E BENIGNA DA REGIÃO CRANIO E BUCOMAXILOFACIAL"
0404020291,I,I,12,1571,"RESSECÇÃO DO CÔNDILO MANDIBULAR COM OU SEM RECONSTRUÇÃO"
0404020313,I,I,0,1571,"RETIRADA DE CORPO ESTRANHO DOS OSSOS DA FACE"
0404020321,I,I,0,1571,"RINOPLASTIA PARA DEFEITOS PÓS-TRAUMÁTICOS"
0404020348,I,I,0,1571,"TRATAMENTO CIRÚRGICO DE ATRESIA NARINÁRIA"
0404020356,I,I,0,1571,"TRATAMENTO CIRÚRGICO DE FÍSTULA E CISTOS ORO-MAXILARES"
0404020380,I,I,0,1571,"TRATAMENTO CIRÚRGICO DE OSTEOMIELITE DE OSSOS DA FACE"
0404020399,I,I,0,1571,"TRATAMENTO CIRÚRGICO DE PARALISIA FACIAL (SUSPENSÃO DE HEMIFACE)"
0404020429,I,I,0,1571,"TRATAMENTO CIRÚRGICO DO SOALHO DA ÓRBITA"
0404020445,I,I,0,1571,"CONTENÇÃO DE DENTES POR SPLINTAGEM"
0404020453,I,I,120,1571,"OSTEOTOMIA DA MAXILA"
0404020461,I,I,120,1571,"OSTEOTOMIA DA MANDIBULA"
0404020470,I,I,0,1571,"RECONSTRUÇÃO DO SULCO GENGIVO-LABIAL"
0404020488,I,I,60,1571,"OSTEOTOMIA DAS FRATURAS ALVEOLO-DENTÁRIAS"
0404020496,I,I,0,1571,"OSTEOSSÍNTESE DE FRATURA UNILATERAL DO CÔNDILO MANDIBULAR"
0404020500,I,I,0,1571,"OSTEOSSÍNTESE DA FRATURA COMPLEXA DA MANDÍBULA"
0404020518,I,I,0,1571,"OSTEOSSÍNTESE DE FRATURA COMPLEXA DA MAXILA"
0404020526,I,I,0,1571,"OSTEOSSINTESE DE FRATURA DO COMPLEXO ÓRBITO-ZIGOMÁTICO-MAXILAR"
0404020534,I,I,0,1571,"OSTEOSSÍNTESE DE FRATURA DO COMPLEXO NASO-ÓRBITO-ETMOIDAL"
0404020542,I,I,0,1571,"REDUÇÃO CIRÚRGICA DE FRATURA DOS OSSOS PRÓPRIOS DO NARIZ"
0404020550,I,I,0,1571,"OSTEOSSÍNTESE DE FRATURA SIMPLES DE MANDÍBULA"
0404020569,I,I,0,1571,"ARTROPLASTIA DA ARTICULAÇÃO TÊMPORO-MANDIBULAR (RECIDIVANTE OU NÃO)"
0404020577,I,I,0,1571,"REDUÇÃO DE FRATURA ALVEOLO-DENTÁRIA SEM OSTEOSSÍNTESE"
0404020585,I,I,0,1571,"REDUÇÃO DE FRATURA DA MAXILA - LE FORT I SEM OSTEOSSÍNTESE."
0404020593,I,I,0,1571,"REDUÇÃO DE FRATURA DA MAXILA - LE FORT II, SEM OSTEOSSÍNTESE"
0404020607,I,I,0,1571,"REDUÇÃO DE FRATURA DA MANDÍBULA SEM OSTEOSSINTESE."
0404020615,I,I,0,1571,"REDUÇÃO DE LUXAÇÃO TÊMPORO-MANDIBULAR"
0404020623,I,I,0,1571,"RETIRADA DE MATERIAL DE SÍNTESE ÓSSEA / DENTÁRIA"
0404020631,I,I,0,1571,"RETIRADA DE MEIOS DE FIXAÇÃO MAXILO-MANDIBULAR"
0404020640,I,I,0,1571,"TRATAMENTO CIRÚRGICO DE ANQUILOSE DA ARTICULAÇÃO TÊMPORO-MANDIBULAR"
0404020658,I,I,0,1571,"TRATAMENTO CIRÚRGICO DE OSTEOMA, ODONTOMA /OUTRAS LESÕES ESPECIFICADAS"
0404020666,I,I,0,1571,"TRATAMENTO CIRÚRGICO DE FRATURA DO OSSO ZIGOMATICO SEM OSTEOSSÍNTESE"
0404020674,I,I,0,1571,"RECONSTRUÇÃO PARCIAL DO LÁBIO TRAUMATIZADO"
0404020690,I,I,0,1571,"OSTEOTOMIA CRÂNIO-FACIAL"
0404020704,I,I,0,1571,"OSTEOSSÍNTESE DA FRATURA DO OSSO ZIGOMÁTICO"
0404020712,I,I,0,1571,"ELEVAÇÃO DO ASSOALHO DO SEIO MAXILAR"
0404020720,I,I,0,1571,"OSTEOSSÍNTESE DE FRATURA BILATERAL DO CÔNDILO MANDIBULAR"
0404020739,I,I,0,1571,"RECONSTRUÇÃO PARCIAL DE MANDÍBULA / MAXILA"
0404020771,I,I,0,1571,"RESSECÇÃO DE LESÃO DA BOCA"
0404020780,I,I,0,1571,"RECONSTRUÇÃO TOTAL DE MANDÍBULA/MAXILA"
0404020798,I,I,0,1571,"OSTEOTOMIA DA MANDÍBULA PARA DISTRAÇÃO OSTEOGÊNICA MANDIBULAR"
0404030017,I,I,36,1571,"ALONGAMENTO DE COLUMELA EM PACIENTE COM ANOMALIAS CRÂNIO E BUCOMAXILOFACIAL"
0404030033,I,I,36,1571,"OSTEOTOMIA DE MAXILA EM PACIENTES COM ANOMALIA CRANIO E BUCOMAXILOFACIAL"
0404030041,I,I,0,1571,"MICROCIRURGIA OTOLÓGICA EM PACIENTE COM ANOMALIA CRÂNIO E BUCOMAXILOFACIAL"
0404030050,I,I,120,1571,"OSTEOTOMIA DA MANDÍBULA EM PACIENTE COM ANOMALIA CRÂNIO E BUCOMAXILOFACIAL"
0404030068,I,I,144,1571,"OSTEOPLASTIA DO MENTO COM OU SEM IMPLANTE ALOPLÁSTICO"
0404030076,I,I,0,1571,"LABIOPLASTIA UNILATERAL EM DOIS TEMPOS"
0404030084,I,I,60,1571,"ALVEOLOPLASTIA COM ENXERTO ÓSSEO EM PACIENTE COM ANOMALIA CRÂNIOFACIAL"
0404030106,I,I,0,1571,"PALATOPLASTIA PRIMÁRIA EM PACIENTE COM ANOMALIA CRÂNIO E BUCOMAXILOFACIAL"
0404030122,I,I,0,1571,"LABIOPLASTIA SECUNDÁRIA EM PACIENTE COM ANOMALIA CRÂNIO E BUCOMAXILOFACIAL"
0404030130,I,I,0,1571,"RINOSEPTOPLASTIA EM PACIENTE COM ANOMALIA CRÂNIO E BUCOMAXILOFACIAL"
0404030157,I,I,0,1571,"RECONSTRUÇÃO TOTAL DE LÁBIO EM PACIENTE COM ANOMALIA CRÂNIO E BUCOMAXILOFACIAL"
0404030165,I,I,0,1571,"RINOPLASTIA EM PACIENTE COM ANOMALIA CRÂNIO E BUCOMAXILOFACIAL"
0404030173,I,I,0,1571,"SEPTOPLASTIA EM PACIENTE COM ANOMALIA CRÂNIO E BUCOMAXILOFACIAL"
0404030190,I,I,0,1571,"TIMPANOPLASTIA EM PACIENTE COM ANOMALIA CRÂNIO E BUCOMAXILOFACIAL (UNI / BILATERAL)"
0404030220,I,I,72,1571,"IMPLANTE OSTEOINTEGRADO EXTRA-ORAL BUCO-MAXILO-FACIAL"
0404030246,I,I,0,1571,"TRATAMENTO CIRÚRGICO DE FÍSTULA ORO-SINUSAL EM PACIENTE COM ANOMALIA CRÂNIO E BUCOMAXILOFACIAL"
0404030254,I,I,0,1571,"TRATAMENTO CIRÚRGICO DE FÍSTULAS ORONASAIS EM PACIENTE COM ANOMALIA CRÂNIO E BUCOMAXILOFACIAL"
0404030262,I,I,0,1571,"PALATOPLASTIA SECUNDÁRIA EM PACIENTE COM ANOMALIA CRÂNIO E BUCOMAXILOFACIAL"
0404030270,I,I,0,1571,"TRATAMENTO CIRÚRGICO DA INSUFICIÊNCIA VELOFARÍNGEA EM PACIENTE COM ANOMALIA CRÂNIO E BUCOMAXILOFACIAL"
0404030289,I,I,0,1571,"TRATAMENTO CIRÚRGICO REPARADOR DA FISSURA FACIAL RARA EM PACIENTES COM ANOMALIA CRÂNIO E BUCOMAXILOFACIAL"
0404030297,I,I,0,1571,"OSTEOTOMIA CRANIOFACIAL COMPLEXA EM PACIENTE COM ANOMALIA CRÂNIO E BUCOMAXILOFACIAL"
0404030300,I,I,0,1571,"REMODELAÇÃO CRANIOFACIAL EM PACIENTE COM ANOMALIA CRÂNIO E BUCOMAXILOFACIAL"
0404030319,I,I,0,1571,"TRATAMENTO CIRÚRGICO DE MACROSTOMIA /MICROSTOMIA POR ANOMALIA CRANIOFACIAL"
0404030327,I,I,0,1571,"OSTEOPLASTIA FRONTO - ORBITAL"
0405010010,I,I,0,1571,"CORRECAO CIRURGICA DE ENTROPIO E ECTROPIO"
0405010028,I,I,0,1571,"CORREÇÃO CIRÚRGICA DE EPICANTO E TELECANTO"
0405010036,I,I,0,1571,DACRIOCISTORRINOSTOMIA
0405010044,I,I,0,1571,"DRENAGEM DE ABSCESSO DE PALPEBRA"
0405010052,I,I,0,1571,"EPILACAO A LASER"
0405010060,I,I,0,1571,"EPILACAO DE CILIOS"
0405010079,I,I,0,1571,"EXÉRESE DE CALAZIO E OUTRAS PEQUENAS LESOES DA PALPEBRA E SUPERCILIOS"
0405010087,I,I,0,1571,"EXTIRPAÇÃO DE GLANDULA LACRIMAL"
0405010109,I,I,0,1571,"OCLUSAO DE PONTO LACRIMAL"
0405010117,I,I,0,1571,"RECONSTITUICAO DE CANAL LACRIMAL"
0405010125,I,I,0,1571,"RECONSTITUIÇÃO PARCIAL DE PALPEBRA COM TARSORRAFIA"
0405010133,I,I,0,1571,"RECONSTITUIÇÃO TOTAL DE PALPEBRA"
0405010141,I,I,0,1571,SIMBLEFAROPLASTIA
0405010150,I,I,0,1571,"SONDAGEM DE CANAL LACRIMAL SOB ANESTESIA GERAL"
0405010168,I,I,0,1571,"SONDAGEM DE VIAS LACRIMAIS"
0405010176,I,I,0,1571,"SUTURA DE PALPEBRAS"
0405010184,I,I,0,1571,"TRATAMENTO CIRURGICO DE BLEFAROCALASE"
0405010192,I,I,0,1571,"TRATAMENTO CIRURGICO DE TRIQUIASE C/ OU S/ ENXERTO"
0405010206,I,I,0,1571,PUNCTOPLASTIA
0405020015,I,I,0,1571,"CORREÇÃO CIRÚRGICA DE ESTRABISMO (ACIMA DE 2 MUSCULOS)"
0405020023,I,I,0,1571,"CORREÇÃO CIRÚRGICA DO ESTRABISMO (ATE 2 MUSCULOS)"
0405030010,I,I,0,1571,"APLICAÇÃO DE PLACA RADIOATIVA EPISCLERAL"
0405030029,I,I,0,1571,"BIOPSIA DE TUMOR INTRA OCULAR"
0405030037,I,I,0,1571,"CRIOTERAPIA OCULAR"
0405030045,I,I,0,1571,"FOTOCOAGULAÇÃO A LASER"
0405030053,I,I,0,1571,"INJECAO INTRA-VITREO"
0405030070,I,I,0,1571,"RETINOPEXIA COM INTROFLEXÃO ESCLERAL"
0405030096,I,I,0,1571,"SUTURA DE ESCLERA"
0405030100,I,I,0,1571,"TRATAMENTO CIRURGICO DE DEISCENCIA DE SUTURA DE ESCLERA"
0405030118,I,I,0,1571,"TRATAMENTO CIRURGICO DE MIIASE PALPEBRAL"
0405030126,I,I,0,1571,"TRATAMENTO CIRURGICO DE NEOPLASIA DE ESCLERA"
0405030134,I,I,0,1571,"VITRECTOMIA ANTERIOR"
0405030142,I,I,0,1571,"VITRECTOMIA POSTERIOR"
0405030150,I,I,0,1571,"VITRIOLISE A YAG LASER"
0405030169,I,I,0,1571,"VITRECTOMIA POSTERIOR COM INFUSÃO DE PERFLUOCARBONO E ENDOLASER"
0405030177,I,I,0,1571,"VITRECTOMIA POSTERIOR COM INFUSÃO DE PERFLUOCARBONO/ÓLEO DE SILICONE/ENDOLASER"
0405030185,I,I,0,1571,"TERMOTERAPIA TRANSPUPILAR"
0405030193,I,I,0,1571,"PAN-FOTOCOAGULAÇÃO DE RETINA A LASER"
0405030207,I,I,2,1571,"DRENAGEM DE HEMORRAGIA DE CORÓIDE"
0405030215,I,I,0,1571,"RETINOPEXIA PNEUMÁTICA"
0405030223,I,I,0,1571,"REMOÇÃO DE ÓLEO DE SILICONE"
0405030231,I,I,0,1571,"REMOÇÃO DE IMPLANTE EPISCLERAL"
0405040016,I,I,0,1571,"CORREÇÃO CIRURGICA DE LAGOFTALMO"
0405040024,I,I,0,1571,"CRIOTERAPIA DE TUMORES INTRA-OCULARES"
0405040040,I,I,0,1571,"DESCOMPRESSÃO DE NERVO ÓPTICO"
0405040059,I,I,0,1571,"DESCOMPRESSÃO DE ORBITA"
0405040067,I,I,0,1571,"ENUCLEAÇÃO DE GLOBO OCULAR"
0405040075,I,I,0,1571,"EVISCERAÇÃO DE GLOBO OCULAR"
0405040083,I,I,0,1571,"EXENTERAÇÃO DE ORBITA"
0405040091,I,I,0,1571,"EXÉRESE DE TUMOR MALIGNO INTRA-OCULAR"
0405040105,I,I,0,1571,"EXPLANTE DE LENTE INTRA OCULAR"
0405040130,I,I,0,1571,"INJECAO RETROBULBAR / PERIBULBAR"
0405040148,I,I,0,1571,ORBITOTOMIA
0405040156,I,I,0,1571,"RECONSTITUIÇÃO DE CAVIDADE ORBITÁRIA"
0405040164,I,I,0,1571,"RECONSTITUIÇÃO DE PAREDE DA ORBITA"
0405040180,I,I,0,1571,"TRANSPLANTE DE PERIOSTEO EM ESCLEROMALACIA"
0405040199,I,I,144,1571,"TRATAMENTO CIRURGICO DE XANTELASMA"
0405040202,I,I,0,1571,"TRATAMENTO DE PTOSE PALPEBRAL"
0405040210,I,I,0,1571,"REPOSICIONAMENTO DE LENTE INTRAOCULAR"
0405050011,I,I,0,1571,"CAPSULECTOMIA POSTERIOR CIRURGICA"
0405050020,I,I,0,1571,"CAPSULOTOMIA A YAG LASER"
0405050038,I,I,0,1571,"CAUTERIZACAO DE CORNEA"
0405050046,I,I,0,1571,"CICLOCRIOCOAGULAÇÃO / DIATERMIA"
0405050054,I,I,0,1571,CICLODIALISE
0405050062,I,I,0,1571,"CORRECAO DE ASTIGMATISMO SECUNDARIO"
0405050070,I,I,0,1571,"CORRECAO CIRURGICA DE HERNIA DE IRIS"
0405050089,I,I,0,1571,"EXERESE DE TUMOR DE CONJUNTIVA"
0405050097,I,I,0,1571,"FACECTOMIA COM IMPLANTE DE LENTE INTRA-OCULAR"
0405050100,I,I,0,1571,"FACECTOMIA S/ IMPLANTE DE LENTE INTRA-OCULAR"
0405050119,I,I,0,1571,"FACOEMULSIFICAÇÃO COM IMPLANTE DE LENTE INTRA-OCULAR RIGIDA"
0405050127,I,I,0,1571,"FOTOTRABECULOPLASTIA A LASER"
0405050135,I,I,0,1571,"IMPLANTE DE PRÓTESE ANTI-GLAUCOMATOSA"
0405050143,I,I,0,1571,"IMPLANTE INTRA-ESTROMAL"
0405050151,I,I,0,1571,"IMPLANTE SECUNDÁRIO DE LENTE INTRA-OCULAR - LIO"
0405050160,I,I,0,1571,"INJECAO SUBCONJUTIVAL / SUBTENONIANA"
0405050178,I,I,0,1571,"IRIDECTOMIA CIRURGICA"
0405050186,I,I,0,1571,IRIDOCICLECTOMIA
0405050194,I,I,0,1571,"IRIDOTOMIA A LASER"
0405050208,I,I,0,1571,"PARACENTESE DE CAMARA ANTERIOR"
0405050216,I,I,0,1571,"RECOBRIMENTO CONJUNTIVAL"
0405050224,I,I,0,1571,"RECONSTITUIÇÃO DE FORNIX CONJUNTIVAL"
0405050232,I,I,0,1571,"RECONSTRUÇÃO DE CAMARA ANTERIOR DO OLHO"
0405050240,I,I,0,1571,"RETIRADA DE CORPO ESTRANHO DA CAMARA ANTERIOR DO OLHO"
0405050259,I,I,0,1571,"RETIRADA DE CORPO ESTRANHO DA CORNEA"
0405050267,I,I,0,1571,"SINEQUIOLISE A YAG LASER"
0405050283,I,I,0,1571,"SUBSTITUICAO DE LENTE INTRA-OCULAR"
0405050291,I,I,0,1571,"SUTURA DE CONJUNTIVA"
0405050305,I,I,0,1571,"SUTURA DE CORNEA"
0405050313,I,I,0,1571,"TOPOPLASTIA DO TRANSPLANTE"
0405050321,I,I,0,1571,TRABECULECTOMIA
0405050356,I,I,0,1571,"TRATAMENTO CIRÚRGICO DE GLAUCOMA CONGENITO"
0405050364,I,I,0,1571,"TRATAMENTO CIRURGICO DE PTERIGIO"
0405050372,I,I,0,1571,"FACOEMULSIFICAÇÃO COM IMPLANTE DE LENTE INTRA-OCULAR DOBRAVEL"
0405050380,I,I,0,155,"CIRURGIA DE CATARATA CONGÊNITA"
0405050399,I,I,0,1571,"TRATAMENTO CIRÚRGICO DE DEISCÊNCIA DE SUTURA DE CÓRNEA"
0405050402,I,I,120,491,"RADIAÇÃO PARA CROSS LINKING CORNEANO"
0406010013,I,I,0,47,"ABERTURA DE COMUNICAÇÃO INTER-ATRIAL"
0406010021,I,I,228,1571,"ABERTURA DE ESTENOSE AORTICA VALVAR"
0406010030,I,I,228,1571,"ABERTURA DE ESTENOSE PULMONAR VALVAR"
0406010048,I,I,228,1571,"AMPLIAÇÃO DE VIA DE SAÍDA DO VENTRICULO DIREITO E/OU RAMOS PULMONARES"
0406010056,I,I,228,1571,"AMPLIAÇÃO DE VIA DE SAÍDA DO VENTRÍCULO ESQUERDO"
0406010064,I,I,228,1571,"ANASTOMOSE CAVO-PULMONAR BIDIRECIONAL"
0406010072,I,I,0,227,"ANASTOMOSE CAVO-PULMONAR TOTAL"
0406010080,I,I,228,1571,"ANASTOMOSE SISTEMICO-PULMONAR"
0406010099,I,I,228,1571,"BANDAGEM DA ARTÉRIA PULMONAR"
0406010102,I,I,0,1571,CARDIORRAFIA
0406010110,I,I,0,1571,"CARDIOTOMIA PARA RETIRADA DE CORPO ESTRANHO"
0406010129,I,I,0,1571,"COLOCAÇÃO DE BALÃO INTRA-AÓRTICO"
0406010137,I,I,144,1571,"CORREÇÃO DE ANEURISMA / DISSECÇÃO DA AORTA TORACO-ABDOMINAL"
0406010153,I,I,0,47,"CORREÇÃO DE ATRESIA PULMONAR E COMUNICAÇÃO INTERVENTRICULAR"
0406010161,I,I,0,227,"CORREÇÃO DE ÁTRIO ÚNICO"
0406010170,I,I,0,227,"CORREÇÃO DE BANDA ANÔMALA DO VENTRÍCULO DIREITO"
0406010188,I,I,228,1571,"CORREÇÃO DE COARCTAÇÃO DA AORTA"
0406010196,I,I,0,47,"CORREÇÃO DE COMUNICAÇÃO INTERVENTRICULAR"
0406010200,I,I,0,1571,"CORREÇÃO DE COMUNICAÇÃO INTER-VENTRICULAR E INSUFICIÊNCIA AORTICA"
0406010218,I,I,0,227,"CORREÇÃO DE COR TRIATRIATUM"
0406010226,I,I,0,227,"CORREÇÃO DE CORONÁRIA ANÔMALA (CRIANÇA E ADOLESCENTE)"
0406010234,I,I,228,1571,"CORREÇÃO DE DRENAGEM ANÔMALA DO RETORNO SISTÊMICO"
0406010242,I,I,228,1571,"CORREÇÃO DE DRENAGEM ANÔMALA PARCIAL DE VEIAS PULMONARES"
0406010250,I,I,0,47,"CORREÇÃO DE DRENAGEM ANÔMALA TOTAL DE VEIAS PULMONARES"
0406010269,I,I,0,47,"CORREÇÃO DE DUPLA VIA DE SAÍDA DO VENTRÍCULO DIREITO"
0406010277,I,I,0,47,"CORREÇÃO DE DUPLA VIA DE SAÍDA DO VENTRÍCULO ESQUERDO"
0406010285,I,I,0,47,"CORREÇÃO DE ESTENOSE AÓRTICA (0 A 3 ANOS)"
0406010293,I,I,228,1571,"CORREÇÃO DE ESTENOSE MITRAL CONGÊNITA"
0406010307,I,I,228,1571,"CORREÇÃO DE ESTENOSE SUPRA-AÓRTICA"
0406010315,I,I,228,1571,"CORREÇÃO DE FÍSTULA AÓRTO-CAVITARIAS"
0406010323,I,I,228,1571,"CORREÇÃO DE HIPERTROFIA SEPTAL ASSIMETRICA"
0406010331,I,I,0,47,"CORREÇÃO DE HIPOPLASIA DE VENTRÍCULO ESQUERDO"
0406010340,I,I,228,1571,"CORREÇÃO DE INSUFICIÊNCIA DA VÁLVULA TRICÚSPIDE"
0406010358,I,I,228,1571,"CORREÇÃO DE INSUFICIÊNCIA MITRAL CONGÊNITA"
0406010366,I,I,0,47,"CORREÇÃO DE INTERRUPÇÃO DO ARCO AÓRTICO"
0406010374,I,I,0,227,"CORREÇÃO DE JANELA AORTO-PULMONAR (CRIANÇA E ADOLESCENTE)"
0406010382,I,I,228,1571,"CORREÇÃO DE JANELA AORTO-PULMONAR"
0406010390,I,I,0,227,"CORREÇÃO DE LESÕES NA TRANSPOSIÇÃO CORRIGIDA DOS VASOS DA BASE"
0406010404,I,I,228,1571,"CORREÇÃO DE PERSISTÊNCIA DO CANAL ARTERIAL"
0406010412,I,I,0,1,"CORREÇÃO DE PERSISTÊNCIA DO CANAL ARTERIAL NO RÉCEM-NASCIDO"
0406010420,I,I,0,227,"CORREÇÃO DE TETRALOGIA DE FALLOT E VARIANTES (CRIANÇA E ADOLESCENTE)"
0406010439,I,I,228,1571,"CORREÇÃO DE TETRALOGIA DE FALLOT E VARIANTES"
0406010447,I,I,0,227,"CORREÇÃO DE TRANSPOSIÇÃO DOS GRANDES VASOS DA BASE (CRIANÇA E ADOLESCENTE)"
0406010455,I,I,228,1571,"CORREÇÃO DE TRANSPOSIÇÃO DE GRANDES VASOS DA BASE"
0406010463,I,I,0,47,"CORREÇÃO DE TRONCO ARTERIOSO PERSISTENTE"
0406010471,I,I,0,47,"CORREÇÃO DE VENTRÍCULO ÚNICO"
0406010480,I,I,228,1571,"CORREÇÃO DO CANAL ÁTRIO-VENTRICULAR (PARCIAL / INTERMEDIÁRIO)"
0406010498,I,I,0,47,"CORREÇÃO DO CANAL ÁTRIO-VENTRICULAR (TOTAL)"
0406010501,I,I,228,1571,"CORREÇÕES DE ANOMALIAS DO ARCO AÓRTICO"
0406010510,I,I,0,1571,"DRENAGEM C/ BIOPSIA DE PERICÁRDIO"
0406010528,I,I,0,1571,"EXÉRESE DE CISTO PERICÁRDICO"
0406010536,I,I,228,1571,"FECHAMENTO DE COMUNICAÇÃO INTERATRIAL"
0406010544,I,I,228,1571,"FECHAMENTO DE COMUNICAÇÃO INTERVENTRICULAR"
0406010552,I,I,228,1571,"MPLANTE COM TROCA DE POSIÇÃO DE VALVAS (CIRURGIA DE ROSS)"
0406010560,I,I,0,1571,"IMPLANTE DE CARDIOVERSOR DESFIBRILADOR DE CÂMARA ÚNICA TRANSVENOSO"
0406010579,I,I,0,1571,"IMPLANTE DE CARDIOVERSOR DESFIBRILADOR (CDI) MULTI-SITIO TRANSVENOSO EPIMIOCÁRDICO POR TORACOTOMIA P/ IMPLANTE DE ELETRODO"
0406010587,I,I,0,1571,"IMPLANTE DE CARDIOVERSOR DESFIBRILADOR DE CÃMARA DUPLA TRANSVENOSO"
0406010595,I,I,0,1571,"IMPLANTE DE CARDIOVERSOR DESFIBRILADOR MULTI-SÍTIO ENDOCAVITÁRIO C/ REVERSÃO PARA EPIMIOCÁRDICO POR TORACOTOMIA"
0406010609,I,I,0,1571,"IMPLANTE DE CARDIOVERSOR DESFIBRILADOR (CDI) MULTI-SITIO TRANSVENOSO"
0406010617,I,I,0,1571,"IMPLANTE DE MARCAPASSO CARDÍACO MULTI-SITIO ENDOCAVITÁRIO C/ REVERSÃO P/ EPIMIOCÁRDICO (POR TORACOTOMIA)"
0406010625,I,I,0,1571,"IMPLANTE DE MARCAPASSO CARDÍACO MULTI-SITIO EPIMIOCÁRDICO POR TORACOTOMIA P/IMPLANTE DE ELETRODO"
0406010633,I,I,0,1571,"IMPLANTE DE MARCAPASSO CARDÍACO MULTI-SITIO TRANSVENOSO"
0406010641,I,I,0,1571,"IMPLANTE DE MARCAPASSO DE CÂMARA DUPLA EPIMIOCÁRDICO"
0406010650,I,I,0,1571,"IMPLANTE DE MARCAPASSO DE CÂMARA DUPLA TRANSVENOSO"
0406010668,I,I,0,1571,"IMPLANTE DE MARCAPASSO DE CÂMARA ÚNICA EPIMIOCÁRDICO"
0406010676,I,I,0,1571,"IMPLANTE DE MARCAPASSO DE CÂMARA ÚNICA TRANSVENOSO"
0406010684,I,I,0,1571,"IMPLANTE DE MARCAPASSO TEMPORÁRIO TRANSVENOSO"
0406010692,I,I,0,1571,"IMPLANTE DE PRÓTESE VALVAR"
0406010706,I,I,216,1571,"INFARTECTOMIA / ANEURISMECTOMIA ASSOCIADA OU NÃO A REVASCULARIZAÇÃO MIOCÁRDICA"
0406010714,I,I,0,1571,"INSTALAÇÃO DE ASSISTÊNCIA CIRCULATÓRIA"
0406010722,I,I,0,1571,"INSTALAÇÃO DE CATETER DE TERMODILUIÇÃO"
0406010730,I,I,228,1571,"LIGADURA DE FÍSTULA SISTÊMICO-PULMONAR"
0406010749,I,I,0,1571,"MANUTENÇÃO DE ASSISTÊNCIA CIRCULATÓRIA"
0406010757,I,I,0,1571,PERICARDIECTOMIA
0406010765,I,I,0,1571,"PERICARDIECTOMIA PARCIAL"
0406010773,I,I,0,1571,PERICARDIOCENTESE
0406010781,I,I,0,47,"PLÁSTICA / TROCA DE VÁLVULA TRICÚSPIDE (ANOMALIA DE EBSTEIN)"
0406010790,I,I,216,1571,"PLÁSTICA DE LOJA DE GERADOR DE SISTEMA DE ESTIMULAÇÃO CARDÍACA ARTIFICIAL"
0406010803,I,I,0,1571,"PLÁSTICA VALVAR"
0406010811,I,I,216,1571,"PLÁSTICA VALVAR COM REVASCULARIZAÇÃO MIOCÁRDICA"
0406010820,I,I,0,1571,"PLÁSTICA VALVAR E/OU TROCA VALVAR MÚLTIPLA"
0406010838,I,I,216,1571,"RECONSTRUÇÃO DA RAIZ DA AORTA"
0406010846,I,I,216,1571,"RECONSTRUÇÃO DA RAIZ DA AORTA C/ TUBO VALVADO"
0406010854,I,I,0,1571,"REPOSICIONAMENTO DE ELETRODOS DE CARDIOVERSOR DESFIBRILADOR"
0406010862,I,I,0,1571,"REPOSICIONAMENTO DE ELETRODOS DE MARCAPASSO"
0406010870,I,I,0,1571,"REPOSICIONAMENTO DE ELETRODOS DE MARCAPASSO MULTI-SITIO"
0406010889,I,I,0,1571,"RESSECÇÃO DE ENDOMIOCARDIOFIBROSE"
0406010897,I,I,228,1571,"RESSECÇÃO DE MEMBRANA SUB-AÓRTICA"
0406010900,I,I,0,1571,"RESSECÇÃO DE TUMOR INTRACARDÍACO"
0406010919,I,I,0,1571,"RETIRADA DE SISTEMA DE ESTIMULAÇÃO CARDÍACA ARTIFICIAL"
0406010927,I,I,216,1571,"REVASCULARIZAÇÃO MIOCÁRDICA COM USO DE EXTRACÓRPOREA"
0406010935,I,I,216,1571,"REVASCULARIZAÇÃO MIOCÁRDICA C/ USO DE EXTRACÓRPOREA (C/ 2 OU MAIS ENXERTOS)"
0406010943,I,I,216,1571,"REVASCULARIZAÇÃO MIOCÁRDICA S/ USO DE EXTRACORPÓREA"
0406010951,I,I,216,1571,"REVASCULARIZAÇÃO MIOCÁRDICA S/ USO DE EXTRACORPÓREA (C/ 2 OU MAIS ENXERTOS)"
0406010960,I,I,0,1571,"TRATAMENTO DE CONTUSÃO MIOCÁRDICA"
0406010978,I,I,0,1571,"TRATAMENTO DE FERIMENTO CARDÍACO PERFURO-CORTANTE"
0406010986,I,I,216,1571,"TROCA DE AORTA ASCENDENTE"
0406010994,I,I,216,1571,"TROCA DE ARCO AÓRTICO"
0406011001,I,I,0,1571,"TROCA DE CONJUNTO DO SEIO CORONÁRIO NO MARCAPASSO MULTI-SITIO"
0406011010,I,I,0,1571,"TROCA DE ELETRODOS DE DESFIBRILADOR DE CARDIO-DESFIBRILADOR TRANSVENOSO"
0406011028,I,I,0,1571,"TROCA DE ELETRODOS DE DESFIBRILADOR NO CARDIO-DESFIBRILADOR MULTI-SITIO"
0406011036,I,I,0,1571,"TROCA DE ELETRODOS DE MARCAPASSO DE CÂMARA DUPLA"
0406011044,I,I,0,1571,"TROCA DE ELETRODOS DE MARCAPASSO DE CÂMARA ÚNICA"
0406011052,I,I,0,1571,"TROCA DE ELETRODOS DE MARCAPASSO EM CARDIO-DESFIBRILADOR DE CAMARA DUPLA TRANSVENOSO"
0406011079,I,I,0,1571,"TROCA DE ELETRODOS DE MARCAPASSO NO CARDIO-DESFIBRILADOR MULTI-SITIO"
0406011087,I,I,0,1571,"TROCA DE ELETRODOS DE MARCAPASSO NO MARCAPASSO MULTI-SITIO"
0406011095,I,I,0,1571,"TROCA DE ELETRODOS DE SEIO CORONÁRIO NO CARDIOVERSOR DESFIBRILADOR MULTI-SITIO"
0406011109,I,I,0,1571,"TROCA DE GERADOR DE CARDIO-DESFIBRILADOR DE CÂMARA ÚNICA / DUPLA"
0406011117,I,I,0,1571,"TROCA DE GERADOR DE CARDIO-DESFIBRILADOR MULTI-SITIO"
0406011125,I,I,0,1571,"TROCA DE GERADOR DE MARCAPASSO DE CÂMARA DUPLA"
0406011133,I,I,0,1571,"TROCA DE GERADOR DE MARCAPASSO DE CÂMARA ÚNICA"
0406011141,I,I,0,1571,"TROCA DE GERADOR DE MARCAPASSO MULTI-SITIO"
0406011150,I,I,0,1571,"TROCA DE GERADOR E DE ELETRODO DE MARCAPASSO DE CÂMARA ÚNICA"
0406011168,I,I,0,1571,"TROCA DE GERADOR E DE ELETRODOS DE CARDIO-DESFIBRILADOR"
0406011176,I,I,0,1571,"TROCA DE GERADOR E DE ELETRODOS DE CARDIO-DESFIBRILADOR MULTISITIO"
0406011184,I,I,0,1571,"TROCA DE GERADOR E DE ELETRODOS DE MARCAPASSO DE CÂMARA DUPLA"
0406011192,I,I,0,1571,"TROCA DE GERADOR E DE ELETRODOS NO MARCAPASSO MULTI-SITIO"
0406011206,I,I,216,1571,"TROCA VALVAR C/ REVASCULARIZAÇÃO MIOCÁRDICA"
0406011214,I,I,0,227,"UNIFOCALIZAÇÃO DE RAMOS DA ARTÉRIA PULMONAR C/ CIRCULAÇÃO EXTRACORPÓREA"
0406011222,I,I,0,227,"UNIFOCALIZAÇÃO DE RAMOS DA ARTÉRIA PULMONAR S/ CIRCULAÇÃO EXTRACORPÓREA"
0406011230,I,I,228,1571,"ANASTOMOSE SISTEMICO PULMONAR COM CEC"
0406011249,I,I,228,1571,"CORRECAO DE COARCTACAO DA AORTA COM CEC"
0406011257,I,I,228,1571,"CORREÇÃO DE CORONARIA ANOMALA (19 A 110)"
0406011265,I,I,0,227,"ABERTURA DE ESTENOSE AORTICA VALVAR (CRIANÇA E ADOLESCENTE)"
0406011273,I,I,0,227,"ABERTURA DE ESTENOSE PULMONAR VALVAR (CRIANÇA E ADOLESCENTE)"
0406011281,I,I,0,227,"AMPLIAÇÃO DE VIA DE SAÍDA DO VENTRÍCULO DIREITO E/OU RAMOS PULMONARES (CRIANÇA E ADOLESCENTE)"
0406011290,I,I,0,227,"AMPLIAÇÃO DE VIA DE SAÍDA DO VENTRÍCULO ESQUERDO (CRIANÇA E ADOLESCENTE)"
0406011303,I,I,0,227,"ANASTOMOSE CAVO-PULMONAR BIDIRECIONAL (CRIANÇA E ADOLESCENTE)"
0406011311,I,I,0,227,"ANASTOMOSE SISTEMICO-PULMONAR (CRIANÇA E ADOLESCENTE)"
0406011320,I,I,0,227,"BANDAGEM DA ARTERIA PULMONAR (CRIANÇA E ADOLESCENTE)"
0406011338,I,I,0,227,"CORRECAO DE COARCTACAO DA AORTA (CRIANÇA E ADOLESCENTE)"
0406011346,I,I,0,227,"CORRECAO DE DRENAGEM ANOMALA DO RETORNO SISTEMICO (CRIANÇA E ADOLESCENTE)"
0406011354,I,I,0,227,"CORREÇÃO DE DRENAGEM ANOMALA PARCIAL DE VEIAS PULMONARES (CRIANÇA E ADOLESCENTE)"
0406011362,I,I,0,227,"CORRECAO DE ESTENOSE MITRAL CONGENITA (CRIANÇA E ADOLESCENTE)"
0406011370,I,I,0,227,"CORREÇÃO DE ESTENOSE SUPRA-AÓRTICA (CRIANÇA E ADOLESCENTE)"
0406011389,I,I,0,227,"CORRECAO DE FISTULA AORTO-CAVITARIAS (CRIANÇA E ADOLESCENTE)"
0406011397,I,I,0,227,"CORREÇÃO DE HIPERTROFIA SEPTAL ASSIMETRICA (CRIANÇA E ADOLESCENTE)"
0406011400,I,I,0,227,"CORRECAO DE INSUFICIENCIA DA VALVULA TRICUSPIDE (CRIANÇA E ADOLESCENTE)"
0406011419,I,I,0,227,"CORRECAO DE INSUFICIENCIA MITRAL CONGENITA (CRIANÇA E ADOLESCENTE)"
0406011427,I,I,0,227,"CORRECAO DE PERSISTENCIA DO CANAL ARTERIAL (CRIANÇA E ADOLESCENTE)"
0406011435,I,I,0,227,"CORRECAO DO CANAL ATRIO-VENTRICULAR PARCIAL / INTERMEDIARIO (CRIANÇA E ADOLESCENTE)"
0406011443,I,I,0,227,"CORRECOES DE ANOMALIAS DO ARCO AORTICO (CRIANÇA E ADOLESCENTE)"
0406011451,I,I,0,227,"FECHAMENTO DE COMUNICACAO INTERATRIAL (CRIANÇA E ADOLESCENTE)"
0406011460,I,I,0,227,"FECHAMENTO DE COMUNICACAO INTERVENTRICULAR (CRIANÇA E ADOLESCENTE)"
0406011478,I,I,0,227,"IMPLANTE C/ TROCA DE POSICAO DE VALVAS (CIRURGIA DE ROSS) (CRIANÇA E ADOLESCENTE)"
0406011486,I,I,0,227,"LIGADURA DE FISTULA SISTEMICO-PULMONAR (CRIANÇA E ADOLESCENTE)"
0406011494,I,I,0,227,"RESSECCAO DE MEMBRANA SUB-AORTICA (CRIANÇA E ADOLESCENTE)"
0406011508,I,I,0,227,"ANASTOMOSE SISTEMICO PULMONAR COM CEC (CRIANÇA E ADOLESCENTE)"
0406011516,I,I,0,227,"CORRECAO DE COARCTACAO DA AORTA COM CEC (CRIANÇA E ADOLESCENTE)"
0406020019,I,I,0,1571,"ANASTOMOSE ESPLENO-RENAL / OUTRA DERIVAÇÃO CENTRAL"
0406020027,I,I,0,1571,"ANASTOMOSE LINFOVENOSA"
0406020035,I,I,0,1571,"ANASTOMOSE PORTO-CAVA"
0406020043,I,I,0,1571,"ANEURISMECTOMIA DE AORTA ABDOMINAL INFRA-RENAL"
0406020051,I,I,0,1571,"ANEURISMECTOMIA TORACO-ABDOMINAL"
0406020078,I,I,0,1571,"IMPLANTAÇÃO DE CATETER DE LONGA PERMANÊNCIA SEMI OU TOTALMENTE IMPLANTAVEL (PROCEDIMENTO PRINCIPAL)"
0406020086,I,I,0,1571,"CONFECÇÃO DE FÍSTULA ARTERIOVENOSA P/ ACESSO"
0406020094,I,I,0,1571,"DISSECÇÃO DE VEIA / ARTÉRIA"
0406020108,I,I,360,1571,"DISSECCAO RADICAL DO PESCOÇO"
0406020116,I,I,0,1571,"DRENAGEM DE GANGLIO LINFATICO"
0406020124,I,I,0,1571,"EMBOLECTOMIA ARTERIAL"
0406020132,I,I,0,1571,"EXCISAO E SUTURA DE HEMANGIOMA"
0406020140,I,I,0,1571,"EXCISAO E SUTURA DE LINFANGIOMA / NEVUS"
0406020159,I,I,0,1571,"EXERESE DE GANGLIO LINFÁTICO"
0406020167,I,I,0,1571,"FASCIOTOMIA P/ DESCOMPRESSÃO"
0406020183,I,I,0,1571,"LINFADENECTOMIA MEDIASTINAL"
0406020191,I,I,0,1571,"LINFADENECTOMIA PÉLVICA"
0406020205,I,I,0,1571,"LINFADENECTOMIA PROFUNDA"
0406020213,I,I,0,1571,"LINFADENECTOMIA RADICAL AXILAR BILATERAL"
0406020221,I,I,0,1571,"LINFADENECTOMIA RADICAL AXILAR UNILATERAL"
0406020230,I,I,0,1571,"LINFADENECTOMIA RADICAL CERVICAL BILATERAL"
0406020248,I,I,0,1571,"LINFADENECTOMIA RADICAL CERVICAL UNILATERAL"
0406020256,I,I,0,1571,"LINFADENECTOMIA RADICAL INGUINAL BILATERAL"
0406020264,I,I,0,1571,"LINFADENECTOMIA RADICAL INGUINAL UNILATERAL"
0406020272,I,I,0,1571,"LINFADENECTOMIA RADICAL VULVAR"
0406020280,I,I,0,1571,"LINFADENECTOMIA RETROPERITONIAL"
0406020299,I,I,0,1571,"LINFADENECTOMIA SUPERFICIAL"
0406020302,I,I,0,1571,"PLASTIA ARTERIAL COM REMENDO (QUALQUER TÉCNICA)"
0406020310,I,I,0,1571,"PONTE AXILO-BIFEMURAL"
0406020329,I,I,0,1571,"PONTE AXILO-FEMURAL"
0406020337,I,I,0,1571,"PONTE DE RAMOS DOS TRONCOS SUPRA-AORTICOS"
0406020345,I,I,0,1571,"PONTE FEMORO-FEMURAL CRUZADA"
0406020353,I,I,0,1571,"PONTE-TROMBOENDARTERECTOMIA AORTO-FEMURAL"
0406020361,I,I,0,1571,"PONTE-TROMBOENDARTERECTOMIA AORTO-ILÍACA"
0406020370,I,I,0,1571,"PONTE-TROMBOENDARTERECTOMIA DE CARÓTIDA"
0406020388,I,I,0,1571,"PONTE-TROMBOENDARTERECTOMIA ILIACO-FEMURAL"
0406020396,I,I,0,1571,"RETIRADA DE PROTESE INFECTADA EM POSICAO AORTO- ABDOMINAL C/ PONTE AXILO FEMURAL/AXILO BIFEMURAL CRUZADO"
0406020400,I,I,0,1571,"RETIRADA DE PRÓTESE INFECTADA EM POSIÇÃO NÃO AÓRTICA"
0406020418,I,I,0,1571,"REVASCULARIZAÇÃO DE ARTÉRIAS VISCERAIS"
0406020426,I,I,0,1571,"REVASCULARIZAÇÃO DO MEMBRO SUPERIOR"
0406020434,I,I,0,1571,"REVASCULARIZAÇÃO POR PONTE / TROMBOENDARTERECTOMIA DE OUTRAS ARTERIAS DISTAIS"
0406020442,I,I,0,1571,"REVASCULARIZAÇÃO POR PONTE / TROMBOENDARTERECTOMIA FEMURO-POPLÍTEA DISTAL"
0406020450,I,I,0,1571,"REVASCULARIZAÇÃO POR PONTE / TROMBOENDARTERECTOMIA FEMURO-POPLÍTEA PROXIMAL"
0406020469,I,I,0,1571,"TRANSPLANTE DE SEGMENTO VENOSO VALVULADO"
0406020477,I,I,0,1571,"TRANSPOSIÇÃO DE VEIAS DO SISTEMA VENOSO PROFUNDO"
0406020485,I,I,0,1571,"TRATAMENTO CIRURGICO DE ANEURISMAS DAS ARTERIAS VISCERAIS"
0406020493,I,I,0,1571,"TRATAMENTO CIRURGICO DE LESOES VASCULARES TRAUMATICAS DA REGIAO CERVICAL"
0406020507,I,I,0,1571,"TRATAMENTO CIRÚRGICO DE LESÕES VASCULARES TRAUMÁTICAS DE MEMBRO INFERIOR BILATERAL"
0406020515,I,I,0,1571,"TRATAMENTO CIRÚRGICO DE LESÕES VASCULARES TRAUMÁTICAS DE MEMBRO INFERIOR UNILATERAL"
0406020523,I,I,0,1571,"TRATAMENTO CIRÚRGICO DE LESÕES VASCULARES TRAUMÁTICAS DE MEMBRO SUPERIOR BILATERAL"
0406020531,I,I,0,1571,"TRATAMENTO CIRÚRGICO DE LESÕES VASCULARES TRAUMÁTICAS DE MEMBRO SUPERIOR UNILATERAL"
0406020540,I,I,0,1571,"TRATAMENTO CIRÚRGICO DE LESÕES VASCULARES TRAUMÁTICAS DO ABDÔMEN"
0406020558,I,I,0,1571,"TRATAMENTO CIRURGICO DE LINFEDEMA"
0406020566,I,I,0,1571,"TRATAMENTO CIRURGICO DE VARIZES (BILATERAL)"
0406020574,I,I,0,1571,"TRATAMENTO CIRÚRGICO DE VARIZES (UNILATERAL)"
0406020582,I,I,0,1571,"TROCA DE AORTA DESCENDENTE (INCLUI ABDOMINAL)"
0406020590,I,I,0,1571,"TROMBECTOMIA DO SISTEMA VENOSO"
0406020604,I,I,0,1571,"VALVULOPLASTIAS DO SISTEMA VENOSO PROFUNDO"
0406020612,I,I,0,1571,"IMPLANTAÇÃO DE CATETER DE LONGA PERMANÊNCIA SEMI OU TOTALMENTE IMPLANTAVEL (PROCEDIMENTO ESPECIAL)"
0406020620,I,I,0,1571,"RETIRADA DE CATETER DE LONGA PERMANÊNCIA SEMI OU TOTALMENTE IMPLANTÁVEL"
0406030014,I,I,0,1571,"ANGIOPLASTIA CORONARIANA"
0406030022,I,I,0,1571,"ANGIOPLASTIA CORONARIANA C/ IMPLANTE DE DOIS STENTS"
0406030030,I,I,216,1571,"ANGIOPLASTIA CORONARIANA COM IMPLANTE DE STENT"
0406030049,I,I,0,1571,"ANGIOPLASTIA CORONARIANA PRIMÁRIA"
0406030057,I,I,0,1571,"ANGIOPLASTIA COM IMPLANTE DE DUPLO STENT EM AORTA/ARTERIA PULMONAR E RAMOS"
0406030065,I,I,216,1571,"ANGIOPLASTIA EM ENXERTO CORONARIANO"
0406030073,I,I,0,1571,"ANGIOPLASTIA EM ENXERTO CORONARIANO (COM IMPLANTE DE STENT)"
0406030081,I,I,0,1571,"ATRIOSEPTOSTOMIA COM CATETER BALÃO"
0406030090,I,I,0,1571,"FECHAMENTO PERCUTÂNEO DO CANAL ARTERIAL / FISTULAS ARTERIOVENOSAS COM LIBERAÇÃO DE COILS"
0406030103,I,I,0,1571,"RETIRADA DE CORPO ESTRANHO DE SISTEMA CARDIOVASCULAR POR TÉCNICAS HEMODINÂMICAS"
0406030111,I,I,0,1571,"VALVULOPLASTIA AÓRTICA PERCUTÂNEA"
0406030120,I,I,0,1571,"VALVULOPLASTIA MITRAL PERCUTÂNEA"
0406030138,I,I,0,1571,"VALVULOPLASTIA PULMONAR PERCUTÂNEA"
0406030146,I,I,0,1571,"VALVULOPLASTIA TRICUSPIDE PERCUTANEA"
0406030154,I,I,0,263,"FECHAMENTO PERCUTÂNEO DE COMUNICAÇÃO INTERATRIAL SEPTAL."
0406030162,I,I,900,1571,"IMPLANTE PERCUTÂNEO DE VÁLVULA AÓRTICA (TAVI), POR VIA TRANSFEMORAL"
0406040010,I,I,0,1571,"ALCOOLIZAÇÃO PERCUTÂNEA DE HEMANGIOMA E MALFORMAÇÃO VENOSAS (INCLUI ESTUDO ANGIOGRAFICO)"
0406040028,I,I,0,1571,"ANGIOPLASTIA INTRALUMINAL DE AORTA, VEIA CAVA / VASOS ILÍACOS (COM STENT)"
0406040044,I,I,0,1571,"ANGIOPLASTIA INTRALUMINAL DE AORTA, VEIA CAVA / VASOS ILÍACOS (SEM STENT)"
0406040052,I,I,0,1571,"ANGIOPLASTIA INTRALUMINAL DE VASOS DAS EXTREMIDADES (SEM STENT)"
0406040060,I,I,0,1571,"ANGIOPLASTIA INTRALUMINAL DE VASOS DAS EXTREMIDADES (COM STENT NÃO RECOBERTO)"
0406040079,I,I,0,1571,"ANGIOPLASTIA INTRALUMINAL DE VASOS DAS EXTREMIDADES (COM STENT RECOBERTO)"
0406040087,I,I,216,1571,"ANGIOPLASTIA INTRALUMINAL DE VASOS DO PESCOÇO / TRONCOS SUPRA-AÓRTICOS (SEM STENT)"
0406040095,I,I,216,1571,"ANGIOPLASTIA INTRALUMINAL DE VASOS DO PESCOÇO OU TRONCOS SUPRA-AÓRTICOS (COM STENT NÃO RECOBERTO)"
0406040109,I,I,0,1571,"ANGIOPLASTIA INTRALUMINAL DE VASOS VISCERAIS COM STENT NÃO RECOBERTO"
0406040117,I,I,0,1571,"ANGIOPLASTIA INTRALUMINAL DE VASOS VISCERAIS COM STENT RECOBERTO"
0406040125,I,I,0,1571,"ANGIOPLASTIA INTRALUMINAL DE VASOS VISCERAIS / RENAIS"
0406040133,I,I,216,1571,"ANGIOPLASTIA INTRALUMINAL DOS VASOS DO PESCOÇO / TRONCOS SUPRA-AÓRTICOS (COM STENT RECOBERTO)"
0406040141,I,I,0,1571,"COLOCAÇÃO PERCUTÂNEA DE FILTRO DE VEIA CAVA (NA TROMBOSE VENOSA PERIFÉRICA E EMBOLIA PULMONAR)"
0406040150,I,I,216,1571,"CORREÇÃO ENDOVASCULAR DE ANEURISMA / DISSECÇÃO DA AORTA ABDOMINAL COM ENDOPRÓTESE RETA / CÔNICA"
0406040168,I,I,216,1571,"CORREÇÃO ENDOVASCULAR DE ANEURISMA / DISSECÇÃO DA AORTA ABDOMINAL E ILÍACAS COM ENDOPRÓTESE BIFURCADA"
0406040176,I,I,216,1571,"CORREÇÃO ENDOVASCULAR DE ANEURISMA / DISSECÇÃO DA AORTA TORÁCICA COM ENDOPRÓTESE RETA OU CÔNICA"
0406040184,I,I,216,1571,"CORREÇÃO ENDOVASCULAR DE ANEURISMA / DISSECÇÃO DAS ILÍACAS COM ENDOPRÓTESE TUBULAR"
0406040192,I,I,0,1571,"EMBOLIZAÇÃO ARTERIAL DE HEMORRAGIA DIGESTIVA (INCLUI PROCEDIMENTO ENDOSCÓPICO E/OU ESTUDO ANGIOGRÁFICO)"
0406040206,I,I,0,1571,"EMBOLIZAÇÃO DE MALFORMAÇÃO VASCULAR ARTÉRIO-VENOSA (INCLUI ESTUDO ANGIOGRÁFICO)"
0406040214,I,I,0,1571,"EMBOLIZAÇÃO DE MALFORMAÇÃO VASCULAR POR PUNÇÃO DIRETA (INCLUI DROGAS EMBOLIZANTES)"
0406040222,I,I,0,1571,"FECHAMENTO PERCUTÂNEO DE FISTULAS ARTERIOVENOSAS COM LIBERAÇÃO DE COILS"
0406040230,I,I,0,1571,"FIBRINOLISE INTRAVASCULAR POR CATETER (INCLUI FIBRINOLÍTICO)"
0406040249,I,I,0,1571,"FIBRINÓLISE PARA EMBOLIA PULMONAR MACICA INTRAVASCULAR POR CATETER (INCLUI FIBRINOLÍTICO)"
0406040257,I,I,0,1571,"FIBRINÓLISE VISCERAL INTRAVASCULAR POR CATETER (INCLUI FIBRINOLÍTICO)"
0406040265,I,I,0,1571,"IMPLANTAÇÃO DE SHUNT INTRA-HEPÁTICO PORTO-SISTÊMICO (TIPS) COM STENT NÃO RECOBERTO"
0406040273,I,I,0,1571,"OCLUSÃO PERCUTÂNEA ENDOVASCULAR DE ARTÉRIA / VEIA"
0406040281,I,I,216,1571,"RECONSTRUÇÃO DA BIFURCAÇÃO AORTO-ILÍACA COM ANGIOPLASTIA E STENTS"
0406040290,I,I,0,1571,"TRATAMENTO DE EPISTAXE POR EMBOLIZAÇÃO (INCLUI ESTUDO ANGIOGRÁFICO E/OU ENDOSCÓPICO)"
0406040303,I,I,0,1571,"TRATAMENTO DE HEMATURIA OU SANGRAMENTO GENITAL POR EMBOLIZAÇÃO (INCLUI ESTUDO ANGIOGRÁFICO E/OU ENDOSCÓPICO)"
0406040311,I,I,0,1571,"TRATAMENTO DE HEMOPTISE POR EMBOLIZAÇÃO PERCUTÂNEA (INCLUI ESTUDO ANGIOGRÁFICO)"
0406040320,I,I,0,1571,"TRATAMENTO ENDOVASCULAR DE FISTULAS ARTERIOVENOSAS"
0406040338,I,I,0,1571,"TRATAMENTO ENDOVASCULAR DO PSEUDOANEURISMA"
0406050015,I,I,0,1571,"ESTUDO ELETROFISIOLÓGICO DIAGNÓSTICO"
0406050023,I,I,0,1571,"ESTUDO ELETROFISIOLÓGICO TERAPÊUTICO I (ABLAÇÃO DE FLUTTER ATRIAL)"
0406050031,I,I,0,1571,"ESTUDO ELETROFISIOLÓGICO TERAPÊUTICO I (ABLAÇÃO DE TAQUICARDIA ATRIAL DIREITA)"
0406050040,I,I,0,1571,"ESTUDO ELETROFISIOLÓGICO TERAPÊUTICO I (ABLAÇÃO DE TAQUICARDIA POR REENTRADA NODAL DE VIAS ANÔMALAS DIREITAS, DE TV IDIOPÁTICA, DE VENTRÍCULO DIREITO E VENTRÍCULO ESQUERDO)."
0406050058,I,I,0,1571,"ESTUDO ELETROFISIOLÓGICO TERAPÊUTICO I (ABLAÇÃO DO NÓDULO ARCHOV-TAWARA)"
0406050066,I,I,0,1571,"ESTUDO ELETROFISIOLÓGICO TERAPÊUTICO II (ABLAÇÃO DAS VIAS ANÔMALAS MÚLTIPLAS)"
0406050074,I,I,0,1571,"ESTUDO ELETROFISIOLÓGICO TERAPÊUTICO II (ABLAÇÃO DE FIBRILAÇÃO ATRIAL)"
0406050082,I,I,0,1571,"ESTUDO ELETROFISIOLÓGICO TERAPÊUTICO II (ABLAÇÃO DE TAQUICARDIA ATRIAL CICATRICIAL)"
0406050090,I,I,0,1571,"ESTUDO ELETROFISIOLÓGICO TERAPEUTICO II (ABLAÇÃO DE TAQUICARDIA ATRIAL CICATRICIAL ESQUERDA)"
0406050104,I,I,0,1571,"ESTUDO ELETROFISIOLÓGICO TERAPÊUTICO II (ABLAÇÃO DE TAQUICARDIA ATRIAL ESQUERDA)"
0406050112,I,I,0,1571,"ESTUDO ELETROFISIOLÓGICO TERAPÊUTICO II (ABLAÇÃO DE TAQUICARDIA VENTRICULAR IDIOPÁTICA DO SEIO DE VALSALVA ESQUERDO)"
0406050120,I,I,0,1571,"ESTUDO ELETROFISIOLÓGICO TERAPÊUTICO II (ABLAÇÃO DE TAQUICARDIA VENTRICULAR SUSTENTADA COM CARDIOPATIA ESTRUTURAL)"
0406050139,I,I,0,1571,"ESTUDO ELETROFISIOLÓGICO TERAPÊUTICO II (ABLAÇÃO DE VIAS ANÔMALAS ESQUERDAS)"
0407010017,I,I,144,1571,"DEGASTROGASTRECTOMIA COM OU SEM VAGOTOMIA"
0407010025,I,I,0,1571,"DILATAÇÃO ESOFÁGICA / PILÓRICA"
0407010033,I,I,0,1571,"ESOFAGECTOMIA DISTAL COM TORACOTOMIA"
0407010041,I,I,240,1571,"ESOFAGECTOMIA DISTAL SEM TORACOTOMIA"
0407010050,I,I,0,1571,"ESOFAGECTOMIA VIDEOLAPAROSCÓPICA"
0407010068,I,I,0,1571,ESÔFAGO-COLONPLASTIA
0407010076,I,I,240,1571,ESOFAGOGASTRECTOMIA
0407010084,I,I,0,1571,"ESOFAGOPLASTIA / GASTROPLASTIA"
0407010092,I,I,0,1571,"ESOFAGORRAFIA CERVICAL"
0407010106,I,I,0,1571,"ESOFAGORRAFIA TORÁCICA"
0407010114,I,I,0,1571,ESOFAGOSTOMIA
0407010122,I,I,192,1571,"GASTRECTOMIA COM OU SEM DESVIO DUODENAL"
0407010130,I,I,240,1571,"GASTRECTOMIA PARCIAL COM OU SEM VAGOTOMIA"
0407010149,I,I,240,1571,"GASTRECTOMIA TOTAL"
0407010157,I,I,0,1571,"GASTRECTOMIA VIDEOLAPAROSCÓPICA"
0407010165,I,I,0,1571,GASTROENTEROANASTOMOSE
0407010173,I,I,192,1571,"GASTROPLASTIA COM DERIVAÇÃO INTESTINAL"
0407010181,I,I,192,1571,"GASTROPLASTIA VERTICAL COM BANDA"
0407010190,I,I,0,1571,GASTRORRAFIA
0407010203,I,I,0,1571,"GASTRORRAFIA VIDEOLAPAROSCÓPICA"
0407010211,I,I,0,1571,GASTROSTOMIA
0407010220,I,I,0,1571,"GASTROSTOMIA VIDEOLAPAROSCÓPICA"
0407010238,I,I,0,1571,PILOROPLASTIA
0407010246,I,I,0,1571,"RETIRADA DE CORPO ESTRANHO DO TUBO DIGESTIVO POR ENDOSCOPIA"
0407010254,I,I,0,1571,"RETIRADA DE PÓLIPO DO TUBO DIGESTIVO POR ENDOSCOPIA"
0407010262,I,I,0,1571,"TAMPONAMENTO DE LESÕES HEMORRÁGICAS DO APARELHO DIGESTIVO"
0407010270,I,I,0,1571,"TRATAMENTO CIRÚRGICO DE ACALASIA (CARDIOMIOPLASTIA)"
0407010289,I,I,216,1571,"TRATAMENTO CIRÚRGICO DE DIVERTÍCULO DO TUBO DIGESTIVO"
0407010297,I,I,0,1571,"TRATAMENTO CIRÚRGICO DE REFLUXO GASTROESOFÁGICO"
0407010300,I,I,240,1571,"TRATAMENTO CIRÚRGICO DE VARIZES ESOFÁGICAS"
0407010319,I,I,0,1571,"TRATAMENTO ESCLEROSANTE / LIGADURA ELÁSTICA DE LESÂO HEMORRÁGICA DO APARELHO DIGESTIVO"
0407010327,I,I,0,1571,"TRATAMENTO ESCLEROSANTE DE LESÕES NÃO HEMORRÁGICAS DO APARELHO DIGESTIVO INCLUINDO LIGADURA ELÁSTICA"
0407010335,I,I,96,1571,"TRATAMETO CIRÚRGICO DE MEGAESÔFAGO SEM RESSECÇÃO/ CONSERVADOR"
0407010343,I,I,144,1571,"VAGOTOMIA COM OPERAÇÃO DE DRENAGEM"
0407010351,I,I,144,1571,"VAGOTOMIA SUPERSELETIVA / GÁSTRICA PROXIMAL"
0407010360,I,I,192,1571,"GASTRECTOMIA VERTICAL EM MANGA (SLEEVE)"
0407010378,I,I,192,1571,"TRATAMENTO DE INTERCORRENCIAS CIRURGICA POS- CIRURGIA BARIÁTRICA"
0407010386,I,I,192,1571,"CIRURGIA BARIÁTRICA POR VIDEOLAPAROSCOPIA"
0407020012,I,I,360,1571,"AMPUTAÇÃO COMPLETA ABDOMINO-PERINEAL DO RETO"
0407020020,I,I,240,1571,"AMPUTAÇÃO POR PROCIDÊNCIA DE RETO"
0407020039,I,I,24,1571,APENDICECTOMIA
0407020047,I,I,0,1571,"APENDICECTOMIA VIDEOLAPAROSCÓPICA"
0407020055,I,I,0,1571,"CERCLAGEM DE ÂNUS"
0407020063,I,I,0,1571,"COLECTOMIA PARCIAL (HEMICOLECTOMIA)"
0407020071,I,I,144,1571,"COLECTOMIA TOTAL"
0407020080,I,I,0,1571,"COLECTOMIA VIDEOLAPAROSCÓPICA"
0407020098,I,I,0,1571,"COLORRAFIA POR VIA ABDOMINAL"
0407020101,I,I,0,1571,COLOSTOMIA
0407020110,I,I,144,1571,"CRIPTECTOMIA ÚNICA / MÚLTIPLA"
0407020128,I,I,0,1571,"DILATAÇÃO DIGITAL / INSTRUMENTAL DO ÂNUS E/OU RETO"
0407020136,I,I,0,1571,"DRENAGEM DE ABSCESSO ANU-RETAL"
0407020144,I,I,0,1571,"DRENAGEM DE ABSCESSO ISQUIORRETAL"
0407020152,I,I,0,1571,"DRENAGEM DE HEMATOMA / ABSCESSO RETRO-RETAL"
0407020160,I,I,0,1571,"ELETROCAUTERIZACAO DE LESAO TRANSPARIETAL DE ANUS"
0407020179,I,I,0,1571,ENTERECTOMIA
0407020187,I,I,0,1571,"ENTEROANASTOMOSE (QUALQUER SEGMENTO)"
0407020195,I,I,0,1571,"ENTEROPEXIA (QUALQUER SEGMENTO)"
0407020209,I,I,0,1571,"ENTEROTOMIA E/OU ENTERORRAFIA C/ SUTURA / RESSECÇÃO (QUALQUER SEGMENTO)"
0407020217,I,I,240,1571,"ESFINCTEROTOMIA INTERNA E TRATAMENTO DE FISSURA ANAL"
0407020225,I,I,60,1571,"EXCISÃO DE LESÃO / TUMOR ANU-RETAL"
0407020233,I,I,0,1571,"EXCISÃO DE LESÃO INTESTINAL / MESENTÉRICA LOCALIZADA"
0407020241,I,I,0,1571,"FECHAMENTO DE ENTEROSTOMIA (QUALQUER SEGMENTO)"
0407020250,I,I,144,1571,"FECHAMENTO DE FÍSTULA DE COLON"
0407020268,I,I,144,1571,"FECHAMENTO DE FÍSTULA DE RETO"
0407020276,I,I,0,1571,"FISTULECTOMIA / FISTULOTOMIA ANAL"
0407020284,I,I,144,1571,HEMORROIDECTOMIA
0407020292,I,I,0,1571,"HERNIORRAFIA COM RESSECÇÃO INTESTINAL (HERNIA ESTRANGULADA)"
0407020306,I,I,0,1571,"JEJUNOSTOMIA / ILEOSTOMIA"
0407020314,I,I,0,1571,"LIGADURA ELÁSTICA DE HEMORROIDAS (SESSÃO)"
0407020322,I,I,0,1571,"PLÁSTICA ANAL EXTERNA / ESFINCTEROPLASTIA ANAL"
0407020330,I,I,240,1571,"PROCTOCOLECTOMIA TOTAL COM RESERVATÒRIO ILEAL"
0407020349,I,I,240,1571,"PROCTOPEXIA ABDOMINAL POR PROCIDÊNCIA DO RETO"
0407020357,I,I,240,1571,"PROCTOPLASTIA E PROCTORRAFIA POR VIA PERINEAL"
0407020365,I,I,0,1571,"REDUÇÃO CIRÚRGICA DE VOLVO POR LAPAROTOMIA"
0407020373,I,I,0,1571,"REDUÇÃO MANUAL DE PROCIDÊNCIA DE RETO"
0407020381,I,I,0,1571,"REMOÇÃO CIRÚRGICA DE FECALOMA"
0407020390,I,I,0,1571,"RETIRADA DE CORPO ESTRANHO / PÓLIPOS DO RETO / COLO SIGMÓIDE"
0407020403,I,I,0,1571,"RETOSSIGMOIDECTOMIA ABDOMINAL"
0407020411,I,I,0,1571,"RETOSSIGMOIDECTOMIA ABDOMINO-PERINEAL"
0407020420,I,I,0,1571,"TRATAMENTO CIRÚRGICO DE ANOMALIAS CONGENITAS DO ANUS E RETO"
0407020438,I,I,0,1571,"TRATAMENTO CIRÚRGICO DE AUSENCIA DO RETO (ABDOMINO-PERINEAL)"
0407020446,I,I,0,1571,"TRATAMENTO CIRÚRGICO DE ILEO MECONIAL"
0407020454,I,I,0,1571,"TRATAMENTO CIRURGICO DE IMPERFURACAO MEMBRANOSA DO ANUS"
0407020462,I,I,0,1571,"TRATAMENTO CIRÚRGICO DE MA ROTAÇÃO INTESTINAL"
0407020470,I,I,0,1571,"TRATAMENTO CIRÚRGICO DE PROLAPSO ANAL"
0407020489,I,I,0,1571,"TRATAMENTO CIRÚRGICO DE PRURIDO ANAL"
0407020497,I,I,0,1571,"TRATAMENTO ESCLEROSANTE DE HEMORROIDAS (POR SESSÃO)"
0407030018,I,I,0,1571,"ANASTOMOSE BILEO-DIGESTIVA"
0407030026,I,I,24,1571,COLECISTECTOMIA
0407030034,I,I,0,1571,"COLECISTECTOMIA VIDEOLAPAROSCÓPICA"
0407030042,I,I,24,1571,COLECISTOSTOMIA
0407030050,I,I,144,1571,COLEDOCOPLASTIA
0407030069,I,I,144,1571,"COLEDOCOTOMIA COM OU SEM COLECISTECTOMIA"
0407030077,I,I,0,1571,"COLEDOCOTOMIA VIDEOLAPAROSCÓPICA"
0407030085,I,I,0,1571,"COLOCAÇÃO DE PRÓTESE BILIAR"
0407030093,I,I,0,1571,"DILATAÇÃO PERCUTÂNEA DE ESTENOSES E ANASTOMOSES BILIARES"
0407030107,I,I,0,1571,"DRENAGEM BILIAR PERCUTÂNEA EXTERNA"
0407030115,I,I,0,1571,"DRENAGEM BILIAR PERCUTÂNEA INTERNA"
0407030123,I,I,0,1571,ESPLENECTOMIA
0407030131,I,I,0,1571,"HEPATECTOMIA PARCIAL"
0407030140,I,I,0,1571,HEPATORRAFIA
0407030158,I,I,0,1571,"HEPATORRAFIA COMPLEXA COM LESÃO DE ESTRUTURAS VASCULARES BILIARES"
0407030166,I,I,0,1571,"HEPATOTOMIA E DRENAGEM DE ABSCESSO / CISTO"
0407030174,I,I,144,1571,"MARSUPIALIZAÇÃO DE ABSCESSO / CISTO"
0407030182,I,I,0,1571,"PANCREATECTOMIA PARCIAL"
0407030190,I,I,0,1571,"PANCREATECTOMIA VIDEOLAPAROSCOPICA"
0407030204,I,I,240,1571,PANCREATO-DUODENECTOMIA
0407030212,I,I,240,1571,PANCREATO-ENTEROSTOMIA
0407030220,I,I,240,1571,"PANCREATOTOMIA PARA DRENAGEM"
0407030239,I,I,0,1571,"RETIRADA PERCUTÂNEA DE CÁLCULOS BILIARES"
0407030247,I,I,240,1571,"TRATAMENTO CIRÚRGICO DE CISTOS PANCREÁTICOS"
0407030255,I,I,144,1571,"COLANGIOPANCREATOGRAFIA RETRÓGRADA ENDOSCÓPICA TERAPÊUTICA"
0407040013,I,I,0,1571,"DRENAGEM DE ABSCESSO PÉLVICO"
0407040021,I,I,0,1571,"DRENAGEM DE ABSCESSO SUBFRÊNICO"
0407040030,I,I,0,1571,"DRENAGEM DE HEMATOMA / ABSCESSO PRE-PERITONEAL"
0407040048,I,I,0,1571,"HERNIOPLASTIA DIAFRAGMÁTICA (VIA ABDOMINAL)"
0407040056,I,I,0,1571,"HERNIOPLASTIA DIAFRAGMÁTICA (VIA TORÁCICA)"
0407040064,I,I,0,1571,"HERNIOPLASTIA EPIGASTRICA"
0407040072,I,I,0,1571,"HERNIOPLASTIA EPIGASTRICA VIDEOLAPAROSCOPICA"
0407040080,I,I,0,1571,"HERNIOPLASTIA INCISIONAL"
0407040099,I,I,0,1571,"HERNIOPLASTIA INGUINAL (BILATERAL)"
0407040102,I,I,0,1571,"HERNIOPLASTIA INGUINAL / CRURAL (UNILATERAL)"
0407040110,I,I,0,1571,"HERNIOPLASTIA RECIDIVANTE"
0407040129,I,I,0,1571,"HERNIOPLASTIA UMBILICAL"
0407040137,I,I,0,1571,"HERNIORRAFIA INGUINAL VIDEOLAPAROSCÓPICA"
0407040145,I,I,0,1571,"HERNIORRAFIA SEM RESSECÇÃO INTESTINAL (HÉRNIA ESTRANGULADA )"
0407040153,I,I,0,1571,"HERNIORRAFIA UMBILICAL VIDEOLAPAROSCÓPICA"
0407040161,I,I,0,1571,"LAPAROTOMIA EXPLORADORA"
0407040170,I,I,0,1571,"LAPAROTOMIA VIDEOLAPAROSCÓPICA PARA DRENAGEM E/OU BIÓPSIA"
0407040188,I,I,0,1571,"LIBERAÇÃO DE ADERÊNCIAS INTESTINAIS"
0407040196,I,I,0,1571,"PARACENTESE ABDOMINAL"
0407040200,I,I,0,1571,"PERITONIOSTOMIA COM TELA INORGÂNICA"
0407040218,I,I,0,1571,"PNEUMOPERITONIO (POR SESSAO)"
0407040226,I,I,0,1571,"REPARACAO DE OUTRAS HERNIAS"
0407040234,I,I,0,1571,"RESSECÇÃO DO EPIPLOM"
0407040242,I,I,0,1571,"RESSUTURA DE PAREDE ABDOMINAL (POR DEISCENCIA TOTAL / EVISCERAÇÃO)"
0407040250,I,I,0,1571,"TRATAMENTO CIRÚRGICO DE PERITONITE"
0407040269,I,I,0,1571,"VAGOTOMIA VIDEOLAPAROSCÓPICA"
0408010010,I,I,0,971,"ARTRODESE DE GRANDES ARTICULAÇÕES ESCAPULO-TORÁCICAS"
0408010029,I,I,0,971,"ARTRODESE DE GRANDES ARTICULAÇÕES ESCAPULO-UMERAIS"
0408010037,I,I,0,1571,"ARTROPLASTIA ESCAPULO-UMERAL (NÃO CONVENCIONAL)"
0408010045,I,I,216,1571,"ARTROPLASTIA ESCAPULO-UMERAL PARCIAL"
0408010053,I,I,480,1571,"ARTROPLASTIA ESCAPULO-UMERAL TOTAL"
0408010061,I,I,480,1571,"ARTROPLASTIA ESCAPULO-UMERAL TOTAL - REVISÃO / RECONSTRUÇÃO"
0408010070,I,I,0,1571,"DESARTICULAÇÃO DA ARTICULAÇÃO ESCAPULO-UMERAL"
0408010088,I,I,0,1571,"DESARTICULAÇÃO INTERESCAPULO-TORÁCICA"
0408010096,I,I,0,611,"ESCAPULOPEXIA COM OU SEM OSTEOTOMIA DA ESCAPULA / RESSECÇÃO BARRA OMO-CERVICAL"
0408010100,I,I,0,1571,"OSTECTOMIA DA CLAVÍCULA OU DA ESCÁPULA"
0408010118,I,I,0,1571,"OSTEOTOMIA DA CLAVÍCULA OU DA ESCÁPULA"
0408010126,I,I,0,1571,"REDUCAO INCRUENTA DE FRATURA E FRATURA-LUXACAO AO NIVEL DA CINTURA ESCAPULAR"
0408010134,I,I,0,1571,"REDUCAO INCRUENTA DE LUXAÇÃO OU FRATURA / LUXAÇÃO ESCÁPULO-UMERAL"
0408010142,I,I,240,971,"REPARO DE ROTURA DO MANGUITO ROTADOR (INCLUI PROCEDIMENTOS DESCOMPRESSIVOS)"
0408010150,I,I,0,1571,"TRATAMENTO CIRÚRGICO DE FRATURA DA CLAVÍCULA"
0408010169,I,I,0,1571,"TRATAMENTO CIRURGICO DE FRATURA DO COLO E CAVIDADE GLENOIDE DE ESCAPULA"
0408010177,I,I,0,1571,"TRATAMENTO CIRURGICO DE FRATURA DO CORPO DE ESCAPULA"
0408010185,I,I,0,1571,"TRATAMENTO CIRURGICO DE LUXACAO / FRATURA-LUXACAO ACROMIO-CLAVICULAR"
0408010193,I,I,0,1571,"TRATAMENTO CIRÙRGICO DE LUXAÇÁO / FRATURA-LUXAÇÃO ESCÁPULO-UMERAL AGUDA"
0408010207,I,I,0,1571,"TRATAMENTO CIRÚRGICO DE LUXAÇÃO / FRATURA-LUXAÇÃO ESTERNO-CLAVICULAR"
0408010215,I,I,180,971,"TRATAMENTO CIRÚRGICO DE LUXAÇÃO RECIDIVANTE / HABITUAL DE ARTICULAÇÃO ESCAPULO-UMERAL"
0408010223,I,I,0,1571,"TRATAMENTO CIRÚRGICO DE RETARDO DE CONSOLIDAÇÃO DA PSEUDARTROSE DE CLAVICULA / ESCAPULA"
0408010231,I,I,240,971,"TRATAMENTO CIRÚRGICO DA SÍNDROME DO IMPACTO SUB-ACROMIAL"
0408020016,I,I,0,1571,"AMPUTAÇÃO / DESARTICULAÇÃO DE MÃO E PUNHO"
0408020024,I,I,0,1571,"AMPUTAÇÃO / DESARTICULAÇÃO DE MEMBROS SUPERIORES"
0408020032,I,I,180,1091,"ARTRODESE DE MÉDIAS / GRANDES ARTICULAÇÕES DE MEMBRO SUPERIOR"
0408020040,I,I,240,1571,"ARTROPLASTIA DE ARTICULAÇÃO DA MÃO"
0408020059,I,I,216,971,"ARTROPLASTIA DE CABEÇA DO RÁDIO"
0408020067,I,I,240,1031,"ARTROPLASTIA DE PUNHO"
0408020075,I,I,720,1571,"ARTROPLASTIA TOTAL DE COTOVELO"
0408020083,I,I,720,1571,"ARTROPLASTIA TOTAL DE COTOVELO (REVISAO / RECONSTRUCAO)"
0408020091,I,I,216,1571,"RESSECÇÃO DO OLECRANO E/OU CABEÇA DO RÁDIO"
0408020105,I,I,0,1571,"FASCIOTOMIA DE MEMBROS SUPERIORES"
0408020113,I,I,0,1571,"INSTALACAO DE TRAÇÃO ESQUELÉTICA DO MEMBRO SUPERIOR"
0408020121,I,I,0,1571,"REALINHAMENTO DE MECANISMO EXTENSOR DOS DEDOS DA MÃO"
0408020130,I,I,180,1571,"RECONSTRUÇÃO CAPSULO-LIGAMENTAR DE COTOVELO PUNHO"
0408020148,I,I,0,1571,"RECONSTRUÇÃO DE POLIA TENDINOSA DOS DEDOS DA MÃO"
0408020156,I,I,0,1571,"REDUÇÃO INCRUENTA DE FRATURA / LESÃO FISARIA DE COTOVELO"
0408020164,I,I,0,1571,"REDUÇAO INCRUENTA DE FRATURA / LESÃO FISARIA DO EXTREMO PROXIMAL DO ÚMERO"
0408020172,I,I,0,1571,"REDUÇÃO INCRUENTA DE FRATURA / LESÃO FISARIA NO PUNHO"
0408020180,I,I,0,1571,"REDUÇÃO INCRUENTA DE FRATURA / LUXAÇÃO DE MONTEGGIA OU DE GALEAZZI"
0408020199,I,I,0,1571,"REDUÇÃO INCRUENTA DE FRATURA DA DIÁFISE DO ÚMERO"
0408020202,I,I,0,1571,"REDUÇÃO INCRUENTA DE FRATURA DIAFISARIA DOS OSSOS DO ANTEBRAÇO"
0408020210,I,I,0,1571,"REDUÇÃO INCRUENTA DE FRATURA DOS METACARPIANOS"
0408020229,I,I,0,1571,"REDUÇÃO INCRUENTA DE LUXAÇÃO / FRATURA-LUXAÇÃO DO COTOVELO"
0408020245,I,I,0,1571,"REDUÇÃO INCRUENTA DE LUXAÇÃO OU FRATURA / LUXACAO NO PUNHO"
0408020253,I,I,0,1571,"REIMPLANTE DO OMBRO ATÉ O TERÇO MÉDIO DO ANTEBRAÇO"
0408020261,I,I,0,1571,"REIMPLANTE DO TERÇO DISTAL DO ANTEBRAÇO ATÉ OS METACARPIANOS"
0408020270,I,I,0,1571,"REIMPLANTE OU REVASCULARIZAÇÃO AO NÍVEL DA MÃO E OUTROS DEDOS (EXCETO POLEGAR)"
0408020288,I,I,0,1571,"REIMPLANTE OU REVASCULARIZAÇÃO DO POLEGAR"
0408020296,I,I,0,1571,"REVISÃO CIRÚGICA DE COTO DE AMPUTAÇÃO DO MEMBRO SUPERIOR (EXCETO MÃO)"
0408020300,I,I,0,1571,"TENOSINOVECTOMIA EM MEMBRO SUPERIOR"
0408020318,I,I,0,1571,"TRANSPOSIÇÃO DA ULNA PARA O RÁDIO"
0408020326,I,I,0,1571,"TRATAMENTO CIRÚRGICO DE DEDO EM GATILHO"
0408020334,I,I,0,1571,"TRATAMENTO CIRÚRGICO DE FRATURA / LESÃO FISARIA DA EXTREMIDADE PROXIMAL DO UMERO"
0408020342,I,I,0,1571,"TRATAMENTO CIRÚRGICO DE FRATURA / LESÃO FISARIA DAS FALANGES DA MÃO (COM FIXAÇÃO)"
0408020350,I,I,0,1571,"TRATAMENTO CIRÚRGICO DE FRATURA / LESÃO FISARIA DE EPI~CÔNDILO / EPITROCLEA DO ÚMERO"
0408020369,I,I,0,1571,"TRATAMENTO CIRÚRGICO DE FRATURA / LESÃO FISARIA DO CÔNDILO / TRÓCLEA/APOFISE CORONÓIDE DO ULNA / CABEÇA DO RÁDIO"
0408020377,I,I,0,1571,"TRATAMENTO CIRÚRGICO DE FRATURA / LESÃO FISARIA DOS METACARPIANOS"
0408020385,I,I,0,1571,"TRATAMENTO CIRÚRGICO DE FRATURA / LESÃO FISARIA SUPRACONDILIANA DO ÚMERO"
0408020393,I,I,0,1571,"TRATAMENTO CIRÚGICO DE FRATURA DA DIÁFISE DO ÚMERO"
0408020407,I,I,0,1571,"TRATAMENTO CIRÚRGICO DE FRATURA DA EXTREMIDADE / METÁFISE DISTAL DOS OSSOS DO ANTEBRAÇO"
0408020415,I,I,0,1571,"TRATAMENTO CIRÚRGICO DE FRATURA DE EXTREMIDADES / METÁFISE PROXIMAL DOS OSSOS DO ANTEBRAÇO"
0408020423,I,I,0,1571,"TRATAMENTO CIRÚRGICO DE FRATURA DIAFISARIA DE AMBOS OS OSSOS DO ANTEBRAÇO (C/ SINTESE)"
0408020431,I,I,0,1571,"TRATAMENTO CIRÚRGICO DE FRATURA DIAFISARIA ÚNICA DO RÁDIO / DA ULNA"
0408020440,I,I,0,251,"TRATAMENTO CIRÚRGICO DE FRATURA LESÃO FISARIA DOS OSSOS DO ANTEBRAÇO"
0408020458,I,I,0,1571,"TRATAMENTO CIRÚRGICO DE FRATURA-LUXAÇÃO DE GALEAZZI / MONTEGGIA / ESSEX-LOPRESTI"
0408020466,I,I,0,1571,"TRATAMENTO CIRÚRGICO DE FRATURAS DOS OSSOS DO CARPO"
0408020474,I,I,0,1571,"TRATAMENTO CIRÚRGICO DE GIGANTISMO DA MÃO"
0408020482,I,I,0,1571,"TRATAMENTO CIRÚRGICO DE LESÃO AGUDA CAPSULO-LIGAMENTAR DO MEMBRO SUPERIOR: COTOVELO / PUNHO"
0408020490,I,I,0,1571,"TRATAMENTO CIRÚRGICO DE LESÃO DA MUSCULATURA INTRÍNSECA DA MÃO"
0408020504,I,I,0,227,"TRATAMENTO CIRÚRGICO DE LESÃO EVOLUTIVA FISARIA NO MEMBRO SUPERIOR"
0408020512,I,I,0,1571,"TRATAMENTO CIRÚRGICO DE LUXAÇÃO / FRATURA-LUXAÇÃO CARPO-METACARPIANA"
0408020520,I,I,0,1571,"TRATAMENTO CIRÚRGICO DE LUXAÇÃO / FRATURA-LUXACAO DOS OSSOS DO CARPO"
0408020539,I,I,0,1571,"TRATAMENTO CIRÚRGICO DE LUXAÇÃO / FRATURA-LUXAÇÃO METACARPO-FALANGIANA"
0408020547,I,I,0,1571,"TRATAMENTO CIRÚRGICO DE LUXAÇÃO OU FRATURA-LUXAÇÃO DO COTOVELO"
0408020555,I,I,0,1571,"TRATAMENTO CIRÚRGICO DE PSEUDARTROSE / RETARDO DE CONSOLIDAÇÃO / PERDA ÓSSEA DA MÃO"
0408020563,I,I,0,1571,"TRATAMENTO CIRÚRGICO DE PSEUDARTROSE / RETARDO DE CONSOLIDAÇÃO / PERDA ÓSSEA DO ANTEBRAÇO"
0408020571,I,I,0,1571,"TRATAMENTO CIRÚRGICO DE PSEUDARTROSE / RETARDO DE CONSOLIDAÇÃO / PERDA ÓSSEA DO ÚMERO"
0408020580,I,I,0,1571,"TRATAMENTO CIRÚRGICO DE PSEUDARTROSE AO NÍVEL DO COTOVELO"
0408020598,I,I,0,1571,"TRATAMENTO CIRÚRGICO DE PSEUDARTROSE NA REGIÃO METAFISE-EPIFISÁRIA DISTAL DO RÁDIO E ULNA"
0408020601,I,I,0,1571,"TRATAMENTO CIRÚRGICO DE PSEUDO-RETARDO / CONSOLIDAÇÃO / PERDA ÓSSEA AO ÍIVEL DO CARPO"
0408020610,I,I,0,1571,"TRATAMENTO CIRÚRGICO DE ROTURA / DESINSERÇÃO / ARRANCAMENTO CAPSULO-TENO-LIGAMENTAR NA MÃO"
0408020628,I,I,0,1571,"TRATAMENTO CIRÚRGICO DE SINDACTILIA DA MÃO (POR ESPACO INTERDIGITAL)"
0408020636,I,I,0,1571,"TRATAMENTO CIRÚRGICO DE SINOSTOSE RÁDIO ULNAR"
0408020644,I,I,0,1571,"TRATAMENTO CIRÚRGICO P/ CENTRALIZAÇÃO DO PUNHO"
0408030011,I,I,0,1571,"ARTRODESE CERVICAL / CERVICO TORÁCICA POSTERIOR CINCO NIVEIS"
0408030020,I,I,0,1571,"ARTRODESE CERVICAL / CERVICO-TORÁCICA POSTERIOR UM NÍVEL"
0408030038,I,I,0,1571,"ARTRODESE CERVICAL / CERVICO-TORÁCICA POSTERIOR DOIS NÍVEIS"
0408030046,I,I,0,1571,"ARTRODESE CERVICAL / CERVICO-TORÁCICA POSTERIOR SEIS NÍVEIS"
0408030054,I,I,0,1571,"ARTRODESE CERVICAL / CERVICO-TORÁCICA POSTERIOR TRES NÍVEIS"
0408030062,I,I,0,1571,"ARTRODESE CERVICAL ANTERIOR TRÊS NIVEIS"
0408030070,I,I,0,1571,"ARTRODESE CERVICAL ANTERIOR DOIS NÍVEIS"
0408030089,I,I,0,1571,"ARTRODESE CERVICAL ANTERIOR C1-C2 VIA TRANS-ORAL / EXTRA-ORAL"
0408030097,I,I,0,1571,"ARTRODESE CERVICAL ANTERIOR CINCO NÍVEIS"
0408030100,I,I,0,1571,"ARTRODESE CERVICAL ANTERIOR QUATRO NÍVEIS"
0408030119,I,I,0,1571,"ARTRODESE CERVICAL ANTERIOR UM NÍVEL"
0408030127,I,I,0,1571,"ARTRODESE CERVICAL POSTERIOR C1-C2"
0408030135,I,I,0,1571,"ARTRODESE INTERSOMATICA VIA POSTERIOR / POSTERO-LATERAL UM NÍVEL"
0408030143,I,I,0,1571,"ARTRODESE INTERSOMATICA VIA POSTERIOR / POSTERO-LATERAL DOIS NÍVEIS"
0408030151,I,I,0,1571,"ARTRODESE INTERSOMATICA VIA POSTERIOR / POSTERO-LATERAL QUATRO NÍVEIS"
0408030160,I,I,0,1571,"ARTRODESE INTERSOMATICA VIA POSTERIOR / POSTERO-LATERAL TRES NÍVEIS"
0408030178,I,I,0,1571,"ARTRODESE OCCIPTO-CERVICAL (C2) POSTERIOR"
0408030186,I,I,0,1571,"ARTRODESE OCCIPTO-CERVICAL (C3)POSTERIOR"
0408030194,I,I,0,1571,"ARTRODESE OCCIPTO-CERVICAL (C4)POSTERIOR"
0408030208,I,I,0,1571,"ARTRODESE OCCIPTO-CERVICAL (C5) POSTERIOR"
0408030216,I,I,0,1571,"ARTRODESE OCCIPTO-CERVICAL (C6)POSTERIOR"
0408030224,I,I,0,1571,"ARTRODESE OCCIPTO-CERVICAL (C7) POSTERIOR"
0408030232,I,I,0,1571,"ARTRODESE TORACO-LOMBO-SACRA ANTERIOR UM NÍVEL"
0408030240,I,I,0,1571,"ARTRODESE TORACO-LOMBO-SACRA ANTERIOR DOIS NIVEIS"
0408030259,I,I,0,1571,"ARTRODESE TORACO-LOMBO-SACRA ANTERIOR, TRES NIVEIS,"
0408030267,I,I,0,1571,"ARTRODESE TORACO-LOMBO-SACRA POSTERIOR UM NÍVEL"
0408030275,I,I,0,1571,"ARTRODESE TORACO-LOMBO-SACRA POSTERIOR TRÊS NIVEIS"
0408030283,I,I,0,1571,"ARTRODESE TORACO-LOMBO-SACRA POSTERIOR CINCO NÍVEIS"
0408030291,I,I,0,1571,"ARTRODESE TORACO-LOMBO-SACRA POSTERIOR, DOIS NÍVEIS,"
0408030305,I,I,0,1571,"ARTRODESE TORACO-LOMBO-SACRA POSTERIOR, QUATRO NÍVEIS,"
0408030313,I,I,0,1571,"ARTRODESE TORACO-LOMBO-SACRA POSTERIOR, SEIS NÍVEIS,"
0408030321,I,I,0,1571,"ARTRODESE TORACO-LOMBO-SACRA POSTERIOR, SETE NIVEIS,"
0408030330,I,I,0,1571,COSTO-TRANSVERSECTOMIA
0408030348,I,I,0,1571,"COSTOPLASTIA (3 OU MAIS COSTELAS)"
0408030356,I,I,0,1571,"DESCOMPRESSÃO DA JUNÇÃO CRANIO-CERVICAL VIA TRANSORAL / RETROFARINGEA"
0408030364,I,I,0,1571,"DESCOMPRESSÃO OSSEA NA JUNÇÃO CRANIO-CERVICAL VIA POSTERIOR"
0408030372,I,I,0,1571,"DESCOMPRESSÃO OSSEA NA JUNÇÃO CRANIO-CERVICAL VIA POSTERIOR C/ DUROPLASTIA"
0408030380,I,I,0,1571,"DISCECTOMIA CERVICAL / LOMBAR / LOMBO-SACRA POR VIA POSTERIOR (1 NÍVEL C/ MICROSCÓPIO)"
0408030399,I,I,120,1571,"DISCECTOMIA CERVICAL / LOMBAR / LOMBO-SACRA POR VIA POSTERIOR (UM NÍVEL)"
0408030402,I,I,0,1571,"DISCECTOMIA CERVICAL / LOMBAR / LOMBO-SACRA POR VIA POSTERIOR (DOIS NÍVEIS)"
0408030410,I,I,0,1571,"DISCECTOMIA CERVICAL / LOMBAR / LOMBO-SACRA POR VIA POSTERIOR (DOIS OU MAIS NÍVEIS C/ MICROSCÓPIO)"
0408030429,I,I,0,1571,"DISCECTOMIA CERVICAL ANTERIOR (ATÉ 2 NÍVEIS C/ MICROSCÓPIO)"
0408030437,I,I,0,1571,"DISCECTOMIA CERVICAL POR VIA ANTERIOR (1 NÍVEL)"
0408030445,I,I,0,1571,"DISCECTOMIA CERVICAL POR VIA ANTERIOR (2 OU MAIS NÍVEIS)"
0408030453,I,I,0,1571,"DISCECTOMIA TORACO-LOMBO-SACRA POR VIA ANTERIOR (C/ 2 OU MAIS NÍVEIS)"
0408030461,I,I,0,1571,"DISCECTOMIA TORACO-LOMBO-SACRA POR VIA ANTERIOR (1 NÍVEL)"
0408030470,I,I,0,1571,"DRENAGEM CIRÚRGICA DO ILIOPSOAS"
0408030488,I,I,0,1571,"INSTALAÇÃO DE TRAÇÃO CRANIANA"
0408030500,I,I,0,1571,"RESSECÇÃO DE 2 OU MAIS CORPOS VERTEBRAIS CERVICAIS"
0408030518,I,I,0,1571,"RESSECÇÃO DE 2 OU MAIS CORPOS VERTEBRAIS TORACO-LOMBO-SACROS"
0408030526,I,I,0,1571,"RESSEÇÃO DE COCCIX"
0408030534,I,I,0,1571,"RESSECÇÃO DE ELEMENTO VERTEBRAL POSTERIOR / POSTERO-LATERAL / DISTAL A C2 (MAIS DE 2 SEGMENTOS)"
0408030542,I,I,0,1571,"RESSECÇÃO DE ELEMENTO VERTEBRAL POSTERIOR / POSTERO-LATERAL DISTAIL A C2 (AT 2 SEGMENTOS)"
0408030550,I,I,0,1571,"RESSECÇÃO DE UM CORPO VERTEBRAL CERVICAL"
0408030569,I,I,0,1571,"RESSECÇÃO DE UM CORPO VERTEBRAL TORACO-LOMBO-SACRO"
0408030577,I,I,0,1571,"RETIRADA DE CORPO ESTRANHO DA COLUNA CERVICAL POR VIA ANTERIOR"
0408030585,I,I,0,1571,"RETIRADA DE CORPO ESTRANHO DA COLUNA CERVICAL POR VIA POSTERIOR"
0408030593,I,I,0,1571,"RETIRADA DE CORPO ESTRANHO DA COLUNA TORACO-LOMBO-SACRA POR VIA ANTERIOR"
0408030607,I,I,0,1571,"RETIRADA DE CORPO ESTRANHO DA COLUNA TORACO-LOMBO-SACRA POR VIA POSTERIOR"
0408030615,I,I,0,1571,"REVISÃO DE ARTRODESE / TRATAMENTO CIRÚRGICO DE PSEUDARTOSE DA COLUNA TORACO-LOMBO-SACRA ANTERIOR"
0408030623,I,I,0,1571,"REVISÃO DE ARTRODESE / TRATAMENTO CIRÚRGICO DE PSEUDARTROSE DA COLUNA CERVICAL POSTERIOR"
0408030631,I,I,0,1571,"REVISÃO DE ARTRODESE / TRATAMENTO CIRÚRGICO DE PSEUDARTROSE DA COLUNA TORACO-LOMBO-SACRA POSTERIOR"
0408030640,I,I,0,1571,"REVISÃO DE ARTRODESE TRATAMENTO CIRÚRGICO DE PSEUDOARTORSE DA COLUNA CERVICAL ANTERIOR"
0408030658,I,I,0,1571,"TRATAMENTO CIRÚRGICO DE DEFORMIDADE DA COLUNA VIA ANTERO-POSTERIOR NOVE OU MAIS NÍVEIS"
0408030666,I,I,0,1571,"TRATAMENTO CIRÚRGICO DE DEFORMIDADE DA COLUNA VIA ANTERIOR OITO NÍVEIS"
0408030674,I,I,0,1571,"TRATAMENTO CIRÚRGICO DE DEFORMIDADE DA COLUNA VIA ANTERIOR QUATRO NÍVEIS"
0408030682,I,I,0,1571,"TRATAMENTO CIRÚRGICO DE DEFORMIDADE DA COLUNA VIA ANTERIOR CINCO NÍVEIS"
0408030690,I,I,12,1571,"TRATAMENTO CIRÚRGICO DE DEFORMIDADE DA COLUNA VIA ANTERIOR POSTERIOR ATÉ OITO NÍVEIS"
0408030704,I,I,216,1571,"VERTEBROPLASTIA POR DISPOSITIVO GUIADO EM UM NÍVEL"
0408030712,I,I,0,1571,"TRATAMENTO CIRÚRGICO DE DEFORMIDADE DA COLUNA VIA ANTERIOR SEIS NÍVEIS"
0408030720,I,I,12,1571,"TRATAMENTO CIRÚRGICO DE DEFORMIDADE DA COLUNA VIA ANTERIOR SETE NÍVEIS"
0408030739,I,I,0,1571,"TRATAMENTO CIRÚRGICO DE DEFORMIDADE DA COLUNA VIA POSTERIOR OITO NIVEIS"
0408030747,I,I,180,1571,"TRATAMENTO CIRÚRGICO DE FRATURA NIVEL C1 - C2 POR VIA ANTERIOR (OSTEOSSINTESE)"
0408030755,I,I,12,227,"TRATAMENTO CIRÚRGICO DE TORCICOLO CONGENITO"
0408030763,I,I,0,1571,"TRATAMENTO CIRÚRGICO DE DEFORMIDADE DA COLUNA VIA POSTERIOR NOVE NÍVEIS"
0408030771,I,I,0,1571,"TRATAMENTO CIRÚRGICO DESCOMPRESSIVO AO NÍVEL DO DESFILADEIRO TORACICO"
0408030780,I,I,216,1571,"VERTEBROPLASTIA POR DISPOSITIVO GUIADO DOIS NÍVEIS"
0408030798,I,I,216,1571,"VERTEBROPLASTIA POR DISPOSITIVO GUIADO TRES NÍVEIS"
0408030801,I,I,0,1571,"TRATAMENTO CIRÚRGICO DE DEFORMIDADE DA COLUNA VIA POSTERIOR DOZE NIVEIS OU MAIS"
0408030810,I,I,0,1571,"TRATAMENTO CIRURGICO DE DEFORMIDADE DA COLUNA VIA POSTERIOR DEZ NIVEIS"
0408030828,I,I,0,1571,"TRATAMENTO CIRÚRGICO DE DEFORMIDADE DA COLUNA VIA POSTERIOR ONZE NÍVEIS"
0408030836,I,I,0,1571,"TRATAMENTO CIRÚRGICO DE DEFORMIDADE DA COLUNA VIA ANTERIOR DOIS NÍVEIS"
0408030844,I,I,0,1571,"TRATAMENTO CIRÚRGICO DE DEFORMIDADE DA COLUNA VIA ANTERIOR TRÊS NÍVEIS"
0408030852,I,I,0,1571,"TRATAMENTO CIRÚRGICO DE DEFORMIDADE DA COLUNA VIA POSTERIOR CINCO NÍVEIS"
0408030860,I,I,0,1571,"TRATAMENTO CIRÚRGICO DE DEFORMIDADE DA COLUNA VIA POSTERIOR SEIS NÍVEIS"
0408030879,I,I,0,1571,"TRATAMENTO CIRÚRGICO DE DEFORMIDADE DA COLUNA VIA POSTERIOR TRÊS NÍVEIS"
0408030887,I,I,0,1571,"TRATAMENTO CIRÚRGICO DE DEFORMIDADE DA COLUNA VIA POSTERIOR QUATRO NÍVEIS"
0408030895,I,I,0,1571,"TRATAMENTO CIRÚRGICO DE DEFORMIDADE DA COLUNA VIA POSTERIOR DOIS NÍVEIS"
0408030909,I,I,0,1571,"TRATAMENTO CIRÚRGICO DE DEFORMIDADE DA COLUNA VIA POSTERIOR SETE NÍVEIS"
0408030917,I,I,0,1571,"ARTRODESE CERVICAL / CERVICO TORÁCICA POSTERIOR QUATRO NÍVEIS"
0408040017,I,I,0,1571,"ARTRODESE COXOFEMORAL"
0408040025,I,I,0,1571,"ARTRODESE DA SÍNFISE PÚBICA"
0408040033,I,I,0,1571,"ARTRODESE DE ARTICULAÇÕES SACROILIACAS"
0408040041,I,I,0,1571,"ARTROPLASTIA DE QUADRIL (NÃO CONVENCIONAL)"
0408040050,I,I,216,1571,"ARTROPLASTIA PARCIAL DE QUADRIL"
0408040068,I,I,216,1571,"ARTROPLASTIA TOTAL DE CONVERSÃO DO QUADRIL"
0408040076,I,I,180,1571,"ARTROPLASTIA DE REVISÃO OU RECONSTRUÇÃO DO QUADRIL"
0408040084,I,I,180,1571,"ARTROPLASTIA TOTAL PRIMÁRIA DO QUADRIL CIMENTADA"
0408040092,I,I,180,1571,"ARTROPLASTIA TOTAL PRIMARIA DO QUADRIL NÃO CIMENTADA / HÍBRIDA"
0408040106,I,I,0,1571,"DESARTICULAÇÃO COXOFEMORAL"
0408040114,I,I,0,1571,"DESARTICULAÇÃO INTERÍLIO-ABDOMINAL"
0408040122,I,I,48,203,"EPIFISIODESE DO TROCANTER MAIOR DO FÊMUR"
0408040130,I,I,48,227,"EPIFISIODESE FEMORAL PROXIMAL IN SITU"
0408040149,I,I,0,1571,"OSTECTOMIA DA PELVE"
0408040157,I,I,0,1571,"OSTEOTOMIA DA PELVE"
0408040165,I,I,0,1571,"RECONSTRUÇÃO OSTEOPLASTICA DO QUADRIL"
0408040173,I,I,0,35,"REDUÇÃO INCRUENTA C/ MANIPULAÇÃO DE LUXAÇÃO ESPONTÂNEA / PROGRESSIVA DO QUADRIL COM APLICAÇÃO DE DISPOSITIVOS DE CONTENÇÃO"
0408040181,I,I,0,35,"REDUÇÃO INCRUENTA DE LUXAÇÃO CONGÊNITA COXOFEMORAL"
0408040190,I,I,0,1571,"REDUÇÃO INCRUENTA DE LUXAÇÃO COXOFEMORAL TRAUMÁTICA / PÓS-ARTROPLASTIA"
0408040203,I,I,0,1571,"REDUÇÃO INCRUENTA DISJUNÇÃO / LUXAÇÃO / FRATURA / FRATURA-LUXAÇÃO AO NÍVEL DO ANEL PÉLVICO"
0408040211,I,I,0,1571,"RETIRADA DE ENXERTO AUTÓGENO DE ILÍACO"
0408040220,I,I,0,191,"REVISÃO CIRÚRGICA DE LUXAÇÃO COXOFEMORAL CONGÊNITA"
0408040238,I,I,0,371,"TRANSPOSIÇÃO / ALONGAMENTO MIOTENDINOSO DO ILIOPSOAS EM DOENÇA NEUROMUSCULAR"
0408040246,I,I,60,1571,"TRATAMENTO CIRÚRGICO DA AVULSÃO DE TUBEROSIDADES / ESPINHAS E CRISTA ILÍACA S/ LESÃO DO ANEL PÉLVICO"
0408040254,I,I,60,1571,"TRATAMENTO CIRÚRGICO DE ASSOCIAÇÃO FRATURA / LUXAÇÃO / FRATURA-LUXAÇÃO / DISJUNÇÃO DO ANEL PÉLVICO"
0408040262,I,I,0,1571,"TRATAMENTO CIRÚRGICO DE FRATURA / LUXAÇÃO / FRATURA-LUXAÇÃO / DISJUNÇÃO DO ANEL PÉLVICO ANTERO-POSTERIOR"
0408040270,I,I,0,1571,"TRATAMENTO CIRÚRGICO DE FRATURA / LUXAÇÃO / FRATURA-LUXAÇÃO DO COCCIX"
0408040289,I,I,0,1571,"TRATAMENTO CIRÚRGICO DE FRATURA / LUXAÇÃO COXOFEMORAL C/ FRATURA DA EPÍFISE FEMORAL"
0408040297,I,I,0,1571,"TRATAMENTO CIRÚRGICO DE FRATURA DO ACETÁBULO"
0408040300,I,I,0,1571,"TRATAMENTO CIRÚRGICO DE FRATURA DO SACRO"
0408040319,I,I,0,1571,"TRATAMENTO CIRÚRGICO DE FRATURA-LUXAÇÃO DA ARTICULAÇÃO COXOFEMORAL (DUPLO ACESSO)"
0408040327,I,I,0,227,"TRATAMENTO CIRURGICO DE LUXACAO COXO-FEMORAL CONGENITA"
0408040335,I,I,0,1571,"TRATAMENTO CIRURGICO DE LUXACAO COXO-FEMORAL TRAUMATICA / POS-ARTROPLASTIA"
0408040343,I,I,0,731,"TRATAMENTO CIRURGICO DE LUXACAO ESPONTANEA / PROGRESSIVA / PARALITICA DO QUADRIL"
0408050012,I,I,0,1571,"AMPUTACAO / DESARTICULACAO DE MEMBROS INFERIORES"
0408050020,I,I,0,1571,"AMPUTACAO / DESARTICULACAO DE PE E TARSO"
0408050039,I,I,0,1571,"ARTRODESE DE MEDIAS / GRANDES ARTICULAÇÕES DE MEMBRO INFERIOR"
0408050047,I,I,60,1571,"ARTROPLASTIA DE JOELHO (NÃO CONVENCIONAL)"
0408050055,I,I,192,1571,"ARTROPLASTIA TOTAL DE JOELHO - REVISÃO / RECONSTRUÇÃO"
0408050063,I,I,192,1571,"ARTROPLASTIA TOTAL PRIMÁRIA DO JOELHO"
0408050071,I,I,192,731,"ARTROPLASTIA UNICOMPARTIMENTAL PRIMÁRIA DO JOELHO"
0408050080,I,I,0,1571,"FASCIOTOMIA DE MEMBROS INFERIORES"
0408050098,I,I,0,1571,"INSTALACAO DE TRACAO ESQUELETICA DO MEMBRO INFERIOR"
0408050101,I,I,0,1571,"PATELECTOMIA TOTAL OU PARCIAL"
0408050110,I,I,0,1571,QUADRICEPSPLASTIA
0408050128,I,I,0,1571,"REALINHAMENTO DO MECANISMO EXTENSOR DO JOELHO"
0408050136,I,I,0,1571,"RECONSTRUÇÃODE TENDAO PATELAR / TENDAO QUADRICIPITAL"
0408050144,I,I,0,1571,"RECONSTRUÇÃO LIGAMENTAR DO TORNOZELO"
0408050152,I,I,0,1571,"RECONSTRUÇÃO LIGAMENTAR EXTRA-ARTICULAR DO JOELHO"
0408050160,I,I,144,1571,"RECONSTRUÇÃOLIGAMENTAR INTRA-ARTICULAR DO JOELHO (CRUZADO ANTERIOR)"
0408050179,I,I,144,1571,"RECONSTRUÇÃO LIGAMENTAR INTRA-ARTICULAR DO JOELHO (CRUZADO POSTERIOR COM OU SEM ANTERIOR)"
0408050195,I,I,0,1571,"REDUCAO INCRUENTA DA LUXACAO / FRATURA-LUXACAO METATARSO-FALANGIANA / INTERFALANGIANA DO PE"
0408050209,I,I,0,1571,"REDUCAO INCRUENTA DE FRATURA / LESAO FISARIA DOS METATARSIANOS"
0408050217,I,I,0,1571,"REDUCAO INCRUENTA DE FRATURA / LUXACAO / FRATURA-LUXACAO DO TORNOZELO"
0408050225,I,I,0,1571,"REDUCAO INCRUENTA DE FRATURA DIAFISARIA / LESAO FISARIA DISTAL DA TIBIA C/ OU S/ FRATURA DA FIBULA"
0408050233,I,I,0,1571,"REDUCAO INCRUENTA DE FRATURA DIAFISARIA / LESAO FISARIA PROXIMAL DO FEMUR"
0408050241,I,I,0,1571,"REDUCAO INCRUENTA DE FRATURA DOS OSSOS DO TARSO"
0408050250,I,I,0,1571,"REDUCAO INCRUENTA DE FRATURA OU LESAO FISARIA DO JOELHO"
0408050268,I,I,0,1571,"REDUCAO INCRUENTA DE LUXACAO / FRATURA-LUXACAO DO JOELHO"
0408050276,I,I,0,1571,"REDUCAO INCRUENTA DE LUXACAO FEMURO-PATELAR"
0408050284,I,I,0,1571,"REDUCAO INCRUENTA DE LUXACAO OU FRATURA / LUXACAO SUBTALAR E INTRATARSICA"
0408050292,I,I,0,1571,"REDUCAO INCRUENTA DE LUXACAO OU FRATURA / LUXACAO TARSO-METATARSICA"
0408050306,I,I,0,1571,"REIMPLANTE AO NIVEL DA COXA ATE O TERCO PROXIMAL DA PERNA"
0408050314,I,I,0,1571,"REIMPLANTE DO TERCO MEDIO DA PERNA ATE O PE"
0408050322,I,I,0,1571,"REPARO DE BAINHA TENDINOSA AO NIVEL DO TORNOZELO"
0408050330,I,I,0,1571,"REVISÃO CIRURGICA DE COTO DE AMPUTAÇÃO EM MEMBRO INFERIOR (EXCETO DEDOS DO PÉ)"
0408050349,I,I,0,1571,"REVISÃO CIRÚRGICA DO PE TORTO CONGENITO"
0408050357,I,I,0,1571,"SINDACTILIA CIRURGICA DOS DEDOS DO PE (PROCEDIMENTO TIPO KELIKIAN)"
0408050365,I,I,0,1571,TALECTOMIA
0408050373,I,I,0,1571,"TENOSINOVECTOMIA EM MEMBRO INFERIOR"
0408050381,I,I,0,1571,"TRANSFERÊNCIA DO GRANDE TROCANTER (PROCEDIMENTO ISOLADO)"
0408050390,I,I,0,1571,"TRANSFERENCIA MUSCULAR / TENDINOSA NO MEMBRO INFERIOR"
0408050403,I,I,192,551,"TRANSPLANTE DE MENISCO"
0408050411,I,I,0,1571,"TRANSPOSIÇÃO DA FIBULA PARA A TIBIA"
0408050420,I,I,0,1571,"TRATAMENTO CIRÚRGICO DAS DESINSERCOES DAS ESPINHAS INTERCONDILARES / EPICONDILARES"
0408050438,I,I,0,1571,"TRATAMENTO CIRURGICO DE AVULSAO DO GRANDE E DO PEQUENO TROCANTER"
0408050446,I,I,60,1571,"TRATAMENTO CIRÚRGICO DE COALIZÃO TARSAL"
0408050454,I,I,0,1571,"TRATAMENTO CIRURGICO DE FRATURA / LESAO FISARIA DE OSSOS DO MEDIO-PE"
0408050462,I,I,0,1571,"TRATAMENTO CIRURGICO DE FRATURA / LESAO FISARIA DOS METATARSIANOS"
0408050470,I,I,0,1571,"TRATAMENTO CIRURGICO DE FRATURA / LESAO FISARIA DOS PODODACTILOS"
0408050489,I,I,0,1571,"TRATAMENTO CIRURGICO DE FRATURA / LESAO FISARIA PROXIMAL (COLO) DO FEMUR (SINTESE)"
0408050497,I,I,0,1571,"TRATAMENTO CIRÚRGICO DE FRATURA BIMALEOLAR / TRIMALEOLAR / DA FRATURA-LUXAÇÃO DO TORNOZELO"
0408050500,I,I,0,1571,"TRATAMENTO CIRÚRGICO DE FRATURA DA DIÁFISE DA TÍBIA"
0408050519,I,I,0,1571,"TRATAMENTO CIRÚRGICO DE FRATURA DA DIÁFISE DO FÊMUR"
0408050527,I,I,0,1571,"TRATAMENTO CIRÚRGICO DE FRATURA DA PATELA POR FIXAÇÃO INTERNA"
0408050535,I,I,0,1571,"TRATAMENTO CIRÚRGICO DE FRATURA DO CALCÂNEO"
0408050543,I,I,0,1571,"TRATAMENTO CIRÚRGICO DE FRATURA DO PILÃO TIBIAL"
0408050551,I,I,0,1571,"TRATAMENTO CIRÚRGICO DE FRATURA DO PLANALTO TIBIAL"
0408050560,I,I,0,1571,"TRATAMENTO CIRÚRGICO DE FRATURA DO TALUS"
0408050578,I,I,0,1571,"TRATAMENTO CIRÚRGICO DE FRATURA DO TORNOZELO UNIMALEOLAR"
0408050586,I,I,0,1571,"TRATAMENTO CIRÚRGICO DE FRATURA INTERCONDILEANA / DOS CÔNDILOS DO FÊMUR"
0408050594,I,I,0,1571,"TRATAMENTO CIRÚRGICO DE FRATURA LESÃO FISÁRIA AO NÍVEL DO JOELHO"
0408050608,I,I,0,227,"TRATAMENTO CIRÚRGICO DE FRATURA LESÃO FISÁRIA DISTAL DE TÍBIA"
0408050616,I,I,0,1571,"TRATAMENTO CIRÚRGICO DE FRATURA SUBTROCANTERIANA"
0408050624,I,I,0,1571,"TRATAMENTO CIRÚRGICO DE FRATURA SUPRACONDILEANA DO FÊMUR (METÁFISE DISTAL)"
0408050632,I,I,0,1571,"TRATAMENTO CIRÚRGICO DE FRATURA TRANSTROCANTERIANA"
0408050640,I,I,0,1571,"TRATAMENTO CIRÚRGICO DE GIGANTISMO DO PÉ"
0408050659,I,I,0,1571,"TRATAMENTO CIRÚRGICO DE HALUX VALGUS COM OSTEOTOMIA DO PRIMEIRO OSSO METATARSIANO"
0408050667,I,I,0,1571,"TRATAMENTO CIRÚRGICO DE LESÃO AGUDA CAPSULO-LIGAMENTAR MEMBRO INFERIOR (JOELHO / TORNOZELO)"
0408050675,I,I,0,227,"TRATAMENTO CIRÚRGICO DE LESÃO EVOLUTIVA FISÁRIA NO MEMBRO INFERIOR"
0408050683,I,I,0,1571,"TRATAMENTO CIRÚRGICO DE LUXAÇÃO / FRATURA-LUXAÇÃO AO NÍVEL DO JOELHO"
0408050691,I,I,0,1571,"TRATAMENTO CIRÚRGICO DE LUXAÇÃO / FRATURA-LUXAÇÃO METATARSO-FALANGIANA / INTER-FALANGIANA"
0408050705,I,I,0,1571,"TRATAMENTO CIRÚRGICO DE LUXAÇÃO / FRATURA-LUXAÇÃO SUBTALAR E INTRA-TARSICA"
0408050713,I,I,0,1571,"TRATAMENTO CIRÚRGICO DE LUXAÇÃO / FRATURA-LUXAÇÃO TARSO-METATARSICA"
0408050721,I,I,0,1571,"TRATAMENTO CIRÚRGICO DE METATARSO PRIMO VARO"
0408050730,I,I,0,1571,"TRATAMENTO CIRÚRGICO DE PÉ CAVO"
0408050748,I,I,0,1571,"TRATAMENTO CIRÚRGICO DE PÉ PLANO VALGO"
0408050756,I,I,0,227,"TRATAMENTO CIRÚRGICO DE PÉ TALO VERTICAL"
0408050764,I,I,0,227,"TRATAMENTO CIRÚRGICO DE PÉ TORTO CONGÊNITO"
0408050772,I,I,216,1571,"TRATAMENTO CIRÚRGICO DE PÉ TORTO CONGÊNITO INVETERADO"
0408050780,I,I,0,1571,"TRATAMENTO CIRÚRGICO DE PSEUDARTROSE / RETARDO DE CONSOLIDAÇÃO / PERDA ÓSSEA AO NÍVEL DO TARSO"
0408050799,I,I,0,1571,"TRATAMENTO CIRÚRGICO DE PSEUDARTROSE / RETARDO DE CONSOLIDAÇÃO / PERDA ÓSSEA DA DIÁFISE DO FÊMUR"
0408050802,I,I,0,1571,"TRATAMENTO CIRÚRGICO DE PSEUDARTROSE / RETARDO DE CONSOLIDAÇÃO / PERDA ÓSSEA DA REGIÃO TROCANTERIANA"
0408050810,I,I,0,1571,"TRATAMENTO CIRÚRGICO DE PSEUDARTROSE / RETARDO DE CONSOLIDAÇÃO / PERDA ÓSSEA DO COLO DO FÊMUR"
0408050829,I,I,0,1571,"TRATAMENTO CIRÚRGICO DE PSEUDARTROSE / RETARDO DE CONSOLIDAÇÃO / PERDA ÓSSEA DO PÉ"
0408050837,I,I,0,1571,"TRATAMENTO CIRÚRGICO DE PSEUDARTROSE / RETARDO DE CONSOLIDAÇÃO / PERDA ÓSSEA METÁFISE DISTAL DO FÊMUR"
0408050845,I,I,0,1571,"TRATAMENTO CIRÚRGICO DE PSEUDARTROSE / RETARDO DE CONSOLIDAÇÃO AO NÍVEL DO JOELHO"
0408050853,I,I,0,1571,"TRATAMENTO CIRÚRGICO DE PSEUDARTROSE CONGÊNITA DA TÍBIA"
0408050861,I,I,0,1571,"TRATAMENTO CIRÚRGICO DE PSEUDARTROSE / RETARDO DE CONSOLIDAÇÃO / PERDA ÓSSEA DA DIÁFISE TIBIAL"
0408050870,I,I,0,1571,"TRATAMENTO CIRÚRGICO DE PSEUDARTROSE / RETARDO DE CONSOLIDAÇÃO/ PERDA ÓSSEA DA METÁFISE TIBIAL"
0408050888,I,I,0,551,"TRATAMENTO CIRÚRGICO DE ROTURA DE MENISCO COM SUTURA MENISCAL UNI / BICOMPATIMENTAL"
0408050896,I,I,0,1571,"TRATAMENTO CIRÚRGICO DE ROTURA DO MENISCO COM MENISCECTOMIA PARCIAL / TOTAL"
0408050900,I,I,216,1571,"TRATAMENTO CIRÚRGICO DO HALUX RIGIDUS"
0408050918,I,I,0,1571,"TRATAMENTO CIRÚRGICO DO HALUX VALGUS S/ OSTEOTOMIA DO PRIMEIRO OSSO METATARSIANO"
0408050926,I,I,0,971,"TRATAMENTO DAS LESÕES OSTEO-CONDRAIS POR FIXAÇÃO OU MOSAICOPLASTIA JOELHO/TORNOZELO"
0408060018,I,I,0,1571,"ALONGAMENTO / ENCURTAMENTO MIOTENDINOSO"
0408060026,I,I,0,1571,"ALONGAMENTO E/OU TRANSPORTE DE OSSOS DA MÃO E/OU DO PÉ"
0408060034,I,I,0,1571,"ALONGAMENTO E/OU TRANSPORTE ÓSSEO DE OSSOS LONGOS (EXCETO DA MÃO E DO PÉ)"
0408060042,I,I,0,1571,"AMPUTAÇÃO / DESARTICULAÇÃO DE DEDO"
0408060050,I,I,0,1571,"ARTRODESE DE PEQUENAS ARTICULAÇÕES"
0408060069,I,I,0,1571,"ARTROPLASTIA DE RESSECÇÃO DE MÉDIA / GRANDE ARTICULAÇÃO"
0408060077,I,I,0,1571,"ARTROPLASTIA DE RESSECÇÃO DE PEQUENAS ARTICULAÇÕES"
0408060085,I,I,144,1571,BURSECTOMIA
0408060093,I,I,0,1571,"DESCOMPRESSÃO COM ESVAZIAMENTO MEDULAR POR BROCAGEM / VIA CORTICOTOMIA"
0408060107,I,I,0,1571,"DIAFISECTOMIA DE OSSOS LONGOS"
0408060115,I,I,0,1571,"ENCURTAMENTO DE OSSOS LONGOS EXCETO DA MÃO E DO PÉ"
0408060123,I,I,0,1571,"EXPLORAÇÃO ARTICULAR C/ OU S/ SINOVECTOMIA DE MÉDIAS / GRANDES ARTICULAÇÕES"
0408060131,I,I,0,1571,"EXPLORAÇÃO ARTICULAR C/ OU S/ SINOVECTOMIA DE PEQUENAS ARTICULAÇÕES"
0408060140,I,I,0,1571,FASCIECTOMIA
0408060158,I,I,0,1571,"MANIPULAÇÃO ARTICULAR"
0408060166,I,I,0,1571,"OSTECTOMIA DE OSSOS DA MÃO E/OU DO PÉ"
0408060174,I,I,0,1571,"OSTECTOMIA DE OSSOS LONGOS EXCETO DA MÃO E DO PÉ"
0408060182,I,I,0,1571,"OSTEOTOMIA DE OSSOS DA MÃO E/OU DO PÉ"
0408060190,I,I,0,1571,"OSTEOTOMIA DE OSSOS LONGOS EXCETO DA MÃO E DO PÉ"
0408060204,I,I,0,1571,"REINSERÇÃO MUSCULAR"
0408060212,I,I,0,1571,"RESSECÇÃO DE CISTO SINOVIAL"
0408060220,I,I,0,1571,"RESSECÇÃO DE EXOSTOSE"
0408060239,I,I,0,1031,"RESSECÇÃO DE TUMOR E RECONSTRUÇÃO C/ RETALHO MICROCIRÚRGICO"
0408060247,I,I,0,1571,"RESSECÇÃO DE TUMOR E RECONSTRUÇÃO C/ RETALHO NÃO MICROCIRÚRGICO (EXCETO MÃO E PÉ)"
0408060255,I,I,0,1571,"RESSECÇÃO DE TUMOR E RECONSTRUÇÃO C/ TRANSPORTE ÓSSEO"
0408060263,I,I,0,1571,"RESSECÇÃO DE TUMOR ÓSSEO C/ SUBSTITUIÇÃO (ENDOPRÓTESE)"
0408060271,I,I,0,1571,"RESSECÇÃO DE TUMOR ÓSSEO E RECONSTRUÇÃO C/ ENXERTO"
0408060280,I,I,0,1571,"RESSECÇÃO DE TUMOR ÓSSEO E RECONSTRUÇÃO C/ RETALHO NÃO MICROCIRÚRGICO (APENAS MÃO E PÉ)"
0408060298,I,I,0,1571,"RESSECÇÃO DE TUMOR ÓSSEO E RECONSTRUÇÃO POR DESLIZAMENTO"
0408060301,I,I,0,1571,"RESSECÇÃO MUSCULAR"
0408060310,I,I,0,1571,"RESSECÇÃO SIMPLES DE TUMOR ÓSSEO / DE PARTES MOLES"
0408060328,I,I,0,1571,"RETIRADA DE CORPO ESTRANHO INTRA-ARTICULAR"
0408060336,I,I,0,1571,"RETIRADA DE CORPO ESTRANHO INTRA-ÓSSEO"
0408060344,I,I,0,1571,"RETIRADA DE ESPAÇADORES / OUTROS MATERIAIS"
0408060352,I,I,0,1571,"RETIRADA DE FIO OU PINO INTRA-ÓSSEO"
0408060360,I,I,0,1571,"RETIRADA DE FIXADOR EXTERNO"
0408060379,I,I,0,1571,"RETIRADA DE PLACA E/OU PARAFUSOS"
0408060387,I,I,0,1571,"RETIRADA DE PRÓTESE DE SUBSTITUIÇÃO DE GRANDES ARTICULAÇÕES (OMBRO / COTOVELO / QUADRIL / JOELHO)"
0408060395,I,I,0,1571,"RETIRADA DE PRÓTESE DE SUBSTITUIÇÃO EM PEQUENAS E MÉDIAS ARTICULAÇÕES"
0408060409,I,I,0,1571,"RETIRADA DE TRAÇÃO TRANS-ESQUELÉTICA"
0408060417,I,I,0,1571,"RETRAÇÃO CICATRICIAL DOS DEDOS COM COMPROMETIMENTO TENDINOSO (POR DEDO)"
0408060425,I,I,0,1571,"REVISÃO CIRÚRGICA DE COTO DE AMPUTAÇÃO DOS DEDOS"
0408060433,I,I,0,1571,TENODESE
0408060441,I,I,0,1571,TENÓLISE
0408060450,I,I,0,1571,TENOMIORRAFIA
0408060468,I,I,0,1571,"TENOMIOTOMIA / DESINSERÇÃO"
0408060476,I,I,0,1571,"TENOPLASTIA OU ENXERTO DE TENDÃO UNICO"
0408060484,I,I,0,1571,"TENORRAFIA ÚNICA EM TÚNEL OSTEO-FIBROSO"
0408060492,I,I,0,1571,"TRANSPLANTE DO HALUX P/ O POLEGAR"
0408060506,I,I,0,1571,"TRANSPLANTE DO SEGUNDO PODODÁCTILO PARA POLEGAR / QUALQUER OUTRO DEDO DA MÃO"
0408060514,I,I,0,1571,"TRANSPLANTE MÚSCULO-CUTÂNEO C/ MICRO-ANASTOMOSE NO TRONCO / EXTREMIDADE"
0408060522,I,I,0,1571,"TRANSPLANTE OSTEO-MÚSCULO-CUTÂNEO C/ MICRO-ANASTOMOSE NO TRONCO OU EXTREMIDADES"
0408060530,I,I,0,1571,"TRANSPOSIÇÃO / TRANSFERÊNCIA MIOTENDINOSA MÚLTIPLA"
0408060549,I,I,0,1571,"TRANSPOSIÇÃO / TRANSFERÊNCIA MIOTENDINOSA ÚNICA"
0408060557,I,I,0,1571,"TRATAMENTO CIRÚRGICO DE ARTRITE INFECCIOSA (GRANDES E MÉDIAS ARTICULAÇÕES)"
0408060565,I,I,0,1571,"TRATAMENTO CIRÚRGICO DE ARTRITE INFECCIOSA DAS PEQUENAS ARTICULAÇÕES"
0408060573,I,I,0,1571,"TRATAMENTO CIRÚRGICO DE DEDO EM MARTELO / EM GARRA (MÃO E PÉ)"
0408060581,I,I,0,1571,"TRATAMENTO CIRÚRGICO DE DEFORMIDADE ARTICULAR POR RETRACAO TENO-CAPSULO-LIGAMENTAR"
0408060590,I,I,60,1571,"TRATAMENTO CIRÚRGICO DE FRATURA VICIOSAMENTE CONSOLIDADA DOS OSSOS LONGOS EXCETO DA MÃO E DO PÉ"
0408060603,I,I,60,1571,"TRATAMENTO CIRÚRGICO DE HERNIA MUSCULAR"
0408060611,I,I,192,1571,"TRATAMENTO CIRÚRGICO DE INFECÇÃO EM ARTROPLASTIA DAS MÉDIAS / PEQUENAS ARTICULAÇÕES"
0408060620,I,I,192,1571,"TRATAMENTO CIRÚRGICO DE INFECÇÃO PÓS-ARTROPLASTIA (GRANDES ARTICULAÇÕES)"
0408060638,I,I,0,1571,"TRATAMENTO CIRÚRGICO DE LUXAÇÃO / FRATURA-LUXAÇÃO METATARSO INTER-FALANGEANA"
0408060646,I,I,0,1571,"TRATAMENTO CIRÚRGICO DE MÃO OU PÉ EM FENDA / DEDO BÍFIDO / MACRODACTILIA / POLIDACTILIA"
0408060654,I,I,0,1571,"TRATAMENTO CIRÚRGICO DE POLIDACTILIA NÃO ARTICULADA"
0408060662,I,I,0,1571,"TRATAMENTO CIRÚRGICO DE POLIDACTILIA ARTICULADA"
0408060670,I,I,0,1571,"TRATAMENTO CIRÚRGICO DE RETRAÇÃO MUSCULAR"
0408060689,I,I,0,1571,"TRATAMENTO CIRÚRGICO DE RUTURA DO APARELHO EXTENSOR DO DEDO"
0408060697,I,I,0,1571,"TRATAMENTO CIRÚRGICO DE SINDACTILIA COMPLEXA (C/ FUSÃO ÓSSEA)"
0408060700,I,I,0,1571,"TRATAMENTO CIRÚRGICO DE SINDACTILIA SIMPLES (DOIS DEDOS)"
0408060719,I,I,0,1571,VIDEOARTROSCOPIA
0409010014,I,I,0,1571,"CAPSULECTOMIA RENAL"
0409010022,I,I,0,1571,"CISTECTOMIA PARCIAL"
0409010030,I,I,0,1571,"CISTECTOMIA TOTAL"
0409010049,I,I,0,1571,"CISTECTOMIA TOTAL E DERIVACAO EM 1 SÓ TEMPO"
0409010057,I,I,0,1571,CISTOENTEROPLASTIA
0409010065,I,I,0,1571,"CISTOLITOTOMIA E/OU RETIRADA DE CORPO ESTRANHO DA BEXIGA"
0409010073,I,I,0,1571,"CISTOPLASTIA (CORREÇÃO DE EXTROFIA VESICAL)"
0409010081,I,I,0,1571,CISTORRAFIA
0409010090,I,I,0,1571,CISTOSTOMIA
0409010103,I,I,0,1571,"COLOCAÇÃO PERCUTÂNEA DE CATETER PIELO-URETERO-VESICAL UNILATERAL."
0409010111,I,I,0,1571,"DILATAÇÃO PERCUTÂNEA DE ESTENOSES URETERAIS E JUNÇÃO URETERO-VESICAL"
0409010120,I,I,0,1571,"DIVERTICULECTOMIA VESICAL"
0409010138,I,I,0,1571,"DRENAGEM DE ABSCESSO RENAL / PERI-RENAL"
0409010146,I,I,0,1571,"EXTRAÇÃO ENDOSCÓPICA DE CÁLCULO EM PELVE RENAL"
0409010154,I,I,0,1571,"EXTRACAO ENDOSCOPICA DE CORPO ESTRANHO / CALCULO EM URETER"
0409010162,I,I,0,1571,"IMPLANTE DE CATETER URETERAL POR TÉCNICA CISTOSCOPICA"
0409010170,I,I,0,1571,"INSTALAÇÃO ENDOSCÓPICA DE CATETER DUPLO J"
0409010189,I,I,24,1571,LITOTRIPSIA
0409010197,I,I,0,1571,LOMBOTOMIA
0409010200,I,I,0,1571,"NEFRECTOMIA PARCIAL"
0409010219,I,I,0,1571,"NEFRECTOMIA TOTAL"
0409010227,I,I,0,1571,NEFROLITOTOMIA
0409010235,I,I,0,1571,"NEFROLITOTOMIA PERCUTÂNEA"
0409010243,I,I,0,1571,NEFROPEXIA
0409010251,I,I,0,1571,NEFROPIELOSTOMIA
0409010260,I,I,0,1571,NEFRORRAFIA
0409010278,I,I,0,1571,"NEFROSTOMIA (POR PUNÇÃO)"
0409010286,I,I,0,1571,"NEFROSTOMIA COM OU SEM DRENAGEM"
0409010294,I,I,0,1571,"NEFROSTOMIA PERCUTÂNEA"
0409010308,I,I,0,1571,"NEFROURETERECTOMIA TOTAL"
0409010316,I,I,0,1571,PIELOLITOTOMIA
0409010324,I,I,0,1571,PIELOPLASTIA
0409010332,I,I,0,1571,PIELOSTOMIA
0409010340,I,I,0,1571,PIELOTOMIA
0409010359,I,I,0,1571,"PUNÇÃO/ASPIRAÇÃO DA BEXIGA"
0409010367,I,I,0,1571,"RESSECÇÃO DO COLOVESICAL / TUMOR VESICAL A CÉU ABERTO"
0409010375,I,I,0,1571,"RESSECÇÃO ENDOSCÓPICADA EXTREMIDADE DISTAL DO URETER"
0409010383,I,I,0,1571,"RESSECCAO ENDOSCOPICA DE LESÃO VESICAL"
0409010391,I,I,0,1571,"RETIRADA PERCUTÂNEA DE CÁLCULO URETERAL COM CATETER"
0409010405,I,I,0,1571,"SINFISIOTOMIA DO RIM EM FERRADURA (NEFROPLASTIA)"
0409010413,I,I,0,1571,"TRATAMENTO CIRÚRGICO DE BEXIGA NEUROGÊNICA"
0409010421,I,I,0,1571,"TRATAMENTO CIRÚRGICO DE CISTO DE RIM POR PUNÇÃO"
0409010430,I,I,120,1571,"TRATAMENTO CIRÚRGICO DE CISTOCELE"
0409010448,I,I,0,1571,"TRATAMENTO CIRÚRGICO DE FÍSTULA VESICO-CUTANEA"
0409010456,I,I,0,1571,"TRATAMENTO CIRÚRGICO DE FÍSTULA VESICO-ENTERICA"
0409010464,I,I,0,1571,"TRATAMENTO CIRÚRGICO DE FÍSTULA VESICO-RETAL"
0409010472,I,I,0,1571,"TRATAMENTO CIRÚRGICO DE FÍSTULAS URETERAIS"
0409010480,I,I,0,1571,"TRATAMENTO CIRÚRGICO DE HEMORRAGIA VESICAL(FORMOLIZAÇÃO DA BEXIGA)"
0409010499,I,I,216,1571,"TRATAMENTO CIRURGICO DE INCONTINENCIA URINARIA VIA ABDOMINAL"
0409010502,I,I,0,1571,"TRATAMENTO CIRÚRGICO DE REFLUXO VESICO-URETERAL"
0409010510,I,I,0,1571,"TRATAMENTO CIRÚRGICO DE URETEROCELE"
0409010529,I,I,0,1571,URETERECTOMIA
0409010537,I,I,0,1571,URETEROCISTONEOSTOMIA
0409010545,I,I,0,1571,URETEROENTEROPLASTIA
0409010553,I,I,0,1571,URETEROENTEROSTOMIA
0409010561,I,I,0,1571,URETEROLITOTOMIA
0409010570,I,I,0,1571,URETEROPLASTIA
0409010588,I,I,0,1571,"URETEROSTOMIA CUTÂNEA"
0409010596,I,I,0,1571,"URETEROLITOTRIPSIA TRANSURETEROSCÓPICA"
0409020010,I,I,0,1571,"DRENAGEM DE COLEÇÃO PERI-URETRAL"
0409020028,I,I,0,1571,"DRENAGEM DE FLEIMÃOURINOSO"
0409020036,I,I,0,1571,"EXTRACAO ENDOSCOPICA DE CORPO ESTRANHO / CALCULO NA URETRA C/ CISTOSCOPIA"
0409020044,I,I,0,1571,"INJEÇÃO DE GORDURA /TEFLON PERI-URETRAL"
0409020052,I,I,0,1571,"LIGADURA / SECÇÃO DE VASOS ABERRANTES"
0409020060,I,I,0,1571,"MEATOTOMIA ENDOSCÓPICA"
0409020079,I,I,0,1571,"MEATOTOMIA SIMPLES"
0409020087,I,I,0,1571,"RESSECÇÃO DE CARÚNCULAURETRAL."
0409020095,I,I,0,1571,"RESSECCAO DE PROLAPSO DA MUCOSA DA URETRA"
0409020109,I,I,0,1571,"RESSECÇÃO E FECHAMENTO DE FÍSTULA URETRAL"
0409020117,I,I,0,1571,"TRATAMENTO CIRÚRGICO DEINCONTINÊNCIA URINÁRIA"
0409020125,I,I,0,1571,"URETROPLASTIA (RESSECÇÃO DE CORDA)"
0409020133,I,I,0,1571,"URETROPLASTIA AUTÓGENA"
0409020141,I,I,0,1571,"URETROPLASTIA HETEROGENEA"
0409020150,I,I,0,1571,URETRORRAFIA
0409020168,I,I,0,1571,"URETROSTOMIA PERINEAL / CUTÂNEA / EXTERNA"
0409020176,I,I,0,1571,"URETROTOMIA INTERNA"
0409020184,I,I,0,1571,"URETROTOMIA PARA RETIRADA DE CÁLCULO OU CORPO ESTRANHO"
0409030015,I,I,240,1571,"DRENAGEM DE ABSCESSO PROSTÁTICO"
0409030023,I,I,360,1571,"PROSTATECTOMIA SUPRAPÚBICA"
0409030031,I,I,360,1571,"PROSTATOVESICULECTOMIA RADICAL"
0409030040,I,I,360,1571,"RESSECÇÃO ENDOSCÓPICA DE PRÓSTATA"
0409040010,I,I,0,1571,"DRENAGEM DE ABSCESSO DA BOLSA ESCROTAL"
0409040029,I,I,0,1571,"DRENAGEM DE ABSCESSO DO EPIDIDIMO E/OU CANAL DEFERENTE"
0409040037,I,I,0,1571,EPIDIDIMECTOMIA
0409040045,I,I,0,1571,"EPIDIDIMECTOMIA COM ESVAZIAMENTO GANGLIONAR"
0409040053,I,I,144,1571,ESPERMATOCELECTOMIA
0409040061,I,I,0,1571,"EXÉRESE DE CISTO DE BOLSA ESCROTAL"
0409040070,I,I,0,1571,"EXÈRESE DE CISTO DE EPIDÍDIMO"
0409040088,I,I,0,1571,"EXÉRESE DE LESÃO DO CORDÃO ESPERMÁTICO"
0409040096,I,I,0,1571,"EXPLORACAO CIRURGICA DA BOLSA ESCROTAL"
0409040100,I,I,0,1571,"EXPLORAÇÃO CIRÚRGICADO CANAL DEFERENTE"
0409040118,I,I,0,1571,"NEOSTOMIA DE EPIDÍDIMO / CANAL DEFERENTE"
0409040126,I,I,0,1571,"ORQUIDOPEXIA BILATERAL"
0409040134,I,I,0,1571,"ORQUIDOPEXIA UNILATERAL"
0409040142,I,I,480,1571,"ORQUIECTOMIA SUBCAPSULAR BILATERAL"
0409040150,I,I,0,1571,"ORQUIECTOMIA UNI OU BILATERAL COM ESVAZIAMENTO GANGLIONAR"
0409040169,I,I,0,1571,"ORQUIECTOMIA UNILATERAL"
0409040177,I,I,0,1571,"PLÁSTICA DA BOLSAESCROTAL"
0409040185,I,I,0,1571,"REPARAÇÃO E OPERAÇÃO PLÁSTICA DO TESTÍCULO"
0409040193,I,I,0,1571,"RESSECÇÃO PARCIAL DABOLSA ESCROTAL"
0409040207,I,I,0,1571,"TRATAMENTO CIRURGICO DE ELEFANTIASE DA BOLSA ESCROTAL"
0409040215,I,I,0,1571,"TRATAMENTO CIRÚRGICO DE HIDROCELE"
0409040223,I,I,0,1571,"TRATAMENTO CIRÚRGICO DE TORÇÃO DO TESTÍCULO DO CORDÃO ESPERMÁTICO"
0409040231,I,I,120,1571,"TRATAMENTO CIRÚRGICO DE VARICOCELE"
0409040240,I,I,252,1571,VASECTOMIA
0409050016,I,I,0,1571,"AMPUTAÇÃO DE PÊNIS"
0409050024,I,I,0,1571,"CORREÇÃO DE EPISPÁDIA"
0409050032,I,I,0,1571,"CORRECAO DE HIPOSPADIA (1º TEMPO)"
0409050040,I,I,0,1571,"CORREÇÃO DE HIPOSPADIA (SEGUNDO TEMPO)"
0409050059,I,I,0,1571,"LIBERAÇÃO/PLASTIA DE PREPÚCIO"
0409050067,I,I,0,1571,"PLÁSTICA DE FREIO BÁLANO-PREPUCIAL"
0409050075,I,I,0,1571,"PLASTICA TOTAL DO PENIS"
0409050083,I,I,0,1571,POSTECTOMIA
0409050091,I,I,0,1571,"RESTAURAÇÃO DA FUNÇÃO ERÉTIL DO PÊNIS"
0409050105,I,I,0,1571,"TRATAMENTO CIRURGICO DE ELEFANTIASE DO PENIS"
0409050113,I,I,120,1571,"TRATAMENTO CIRÚRGICO DE PRIAPRISMO"
0409050130,I,I,252,911,"CIRURGIAS COMPLEMENTARES DE REDESIGNAÇÃO SEXUAL"
0409050148,I,I,252,911,"REDESIGNAÇÃO SEXUAL NO SEXO MASCULINO"
0409050164,I,I,216,911,"NEOFALOPLASTIA EM HOMENS TRANS"
0409060011,I,I,108,731,"CERCLAGEM DE COLO DO UTERO"
0409060020,I,I,240,1571,"COLPOPERINEOPLASTIA ANTERIOR E POSTERIOR C/ AMPUTACAO DE COLO"
0409060038,I,I,240,1571,"EXCISÃO TIPO 3 DO COLO UTERINO"
0409060046,I,I,120,1571,"CURETAGEM SEMIOTICA C/ OU S/ DILATACAO DO COLO DO UTERO"
0409060054,I,I,120,1571,"CURETAGEM UTERINA EM MOLA HIDATIFORME"
0409060062,I,I,120,731,"DILATACAO DE COLO DO UTERO"
0409060070,I,I,108,731,"ESVAZIAMENTO DE UTERO POS-ABORTO POR ASPIRACAO MANUAL INTRA-UTERINA (AMIU)"
0409060089,I,I,240,1571,"EXCISÃO TIPO I DO COLO UTERINO"
0409060097,I,I,120,1571,"EXERESE DE POLIPO DE UTERO"
0409060100,I,I,144,1571,"HISTERECTOMIA (POR VIA VAGINAL)"
0409060119,I,I,144,1571,"HISTERECTOMIA C/ ANEXECTOMIA (UNI / BILATERAL)"
0409060127,I,I,144,1571,"HISTERECTOMIA SUBTOTAL"
0409060135,I,I,144,1571,"HISTERECTOMIA TOTAL"
0409060143,I,I,144,1571,"HISTERECTOMIA TOTAL AMPLIADA (WERTHEIN-MEIGS)"
0409060151,I,I,144,1571,"HISTERECTOMIA VIDEOLAPAROSCOPICA"
0409060160,I,I,120,731,HISTERORRAFIA
0409060178,I,I,120,1571,"HISTEROSCOPIA CIRURGICA C/ RESSECTOSCOPIO"
0409060186,I,I,252,731,"LAQUEADURA TUBARIA"
0409060194,I,I,144,1571,MIOMECTOMIA
0409060208,I,I,144,1571,"MIOMECTOMIA VIDEOLAPAROSCOPICA"
0409060216,I,I,0,1571,"OOFORECTOMIA / OOFOROPLASTIA"
0409060224,I,I,144,1571,"RESSECCAO DE VARIZES PELVICAS"
0409060232,I,I,0,1571,"SALPINGECTOMIA UNI / BILATERAL"
0409060240,I,I,0,1571,"SALPINGECTOMIA VIDEOLAPAROSCOPICA"
0409060259,I,I,120,731,SALPINGOPLASTIA
0409060267,I,I,0,1571,"SALPINGOPLASTIA VIDEOLAPAROSCOPICA"
0409060275,I,I,0,1571,TRAQUELOPLASTIA
0409060283,I,I,0,1571,"TRATAMENTO CIRURGICO DE FISTULA VESICO-UTERINA"
0409060291,I,I,252,911,"HISTERECTOMIA C/ ANEXECTOMIA BILATERAL E COLPECTOMIA SOB PROCESSO TRANSEXUALIZADOR"
0409060305,I,I,240,1571,"EXCISÃO TIPO 2 DO COLO UTERINO"
0409060313,F,F,252,731,"LAQUEADURA TUBÁRIA NA MESMA INTERNAÇÃO DE PARTO NORMAL"
0409070017,I,I,0,1571,"ALARGAMENTO DA ENTRADA VAGINAL"
0409070025,I,I,144,1571,COLPECTOMIA
0409070033,I,I,300,1571,"COLPOCLEISE (CIRURGIA DE LE FORT)"
0409070041,I,I,300,1571,COLPOPERINEOCLEISE
0409070050,I,I,300,1571,"COLPOPERINEOPLASTIA ANTERIOR E POSTERIOR"
0409070068,I,I,300,1571,"COLPOPERINEOPLASTIA POSTERIOR"
0409070076,I,I,300,1571,"COLPOPERINEORRAFIA NAO OBSTETRICA"
0409070084,I,I,300,1571,"COLPOPLASTIA ANTERIOR"
0409070092,I,I,0,1571,"COLPORRAFIA NAO OBSTETRICA"
0409070106,I,I,0,1571,COLPOTOMIA
0409070114,I,I,0,155,"CONSTRUCAO DE VAGINA"
0409070122,I,I,120,1571,"DRENAGEM DE GLANDULA DE BARTHOLIN / SKENE"
0409070130,I,I,120,1571,"EPISIOPERINEORRAFIA NAO OBSTETRICA"
0409070149,I,I,0,1571,"EXERESE DE CISTO VAGINAL"
0409070157,I,I,120,1571,"EXERESE DE GLÂNDULA DE BARTHOLIN / SKENE"
0409070165,I,I,144,1571,"EXTIRPACAO DE LESAO DE VULVA / PERINEO (POR ELETROCOAGULACAO OU FULGURACAO)"
0409070173,I,I,0,1571,"EXTRACAO DE CORPO ESTRANHO DA VAGINA"
0409070181,I,I,0,1571,HIMENOTOMIA
0409070190,I,I,144,1571,"MARSUPIALIZACAO DE GLÂNDULA DE BARTOLIN"
0409070203,I,I,360,1571,"OPERACAO DE BURCH"
0409070211,I,I,0,1571,"RECONSTRUCAO DA VAGINA"
0409070220,I,I,0,1571,"TRATAMENTO CIRURGICO DE COAPTACAO DE NINFAS"
0409070238,I,I,0,1571,"TRATAMENTO CIRURGICO DE FISTULA RETO-VAGINAL"
0409070246,I,I,0,1571,"TRATAMENTO CIRURGICO DE FISTULA URETRO-VAGINAL"
0409070254,I,I,0,1571,"TRATAMENTO CIRURGICO DE FISTULA VESICO-VAGINAL"
0409070262,I,I,0,1571,"TRATAMENTO CIRURGICO DE HIPERTROFIA DOS PEQUENOS LABIOS"
0409070270,I,I,144,1571,"TRATAMENTO CIRURGICO DE INCONTINÊNCIA URINÁRIA POR VIA VAGINAL"
0409070289,I,I,0,1571,"TRATAMENTO CIRURGICO DE VAGINA SEPTADA / ATRESICA"
0409070297,I,I,240,1571,"VULVECTOMIA AMPLIADA COM LINFADENECTOMIA"
0409070300,I,I,240,1571,"VULVECTOMIA SIMPLES"
0409070319,I,I,252,911,"REDESIGNAÇÃO SEXUAL NO SEXO FEMININO I"
0410010014,I,I,0,1571,"DRENAGEM DE ABSCESSO DE MAMA"
0410010022,I,I,0,1571,"ESVAZIAMENTO PERCUTANEO DE CISTO MAMARIO"
0410010030,I,I,0,1571,"EXERESE DE MAMA SUPRANUMERARIA"
0410010049,I,I,0,1571,"EXERESE DE MAMILO"
0410010057,I,I,192,1571,"MASTECTOMIA RADICAL C/ LINFADENECTOMIA"
0410010065,I,I,120,1571,"MASTECTOMIA SIMPLES"
0410010073,I,I,120,1571,"PLASTICA MAMÁRIA FEMININA NAO ESTETICA"
0410010081,I,I,0,1571,"PLASTICA MAMÁRIA MASCULINA"
0410010090,I,I,192,1571,"PLASTICA MAMÁRIA RECONSTRUTIVA PÓS MASTECTOMIA C/ IMPLANTE DE PRÓTESE"
0410010103,I,I,0,1571,"REVERSAO DE MAMILO INVERTIDO"
0410010111,I,I,0,1571,"SETORECTOMIA / QUADRANTECTOMIA"
0410010120,I,I,0,1571,"SETORECTOMIA / QUADRANTECTOMIA C/ ESVAZIAMENTO GANGLIONAR"
0410010138,I,I,192,1571,"RETIRADA DE PRÓTESE MAMÁRIA UNILATERAL EM CASOS DE COMPLICAÇÃO DA PRÓTESE MAMÁRIA IMPLANTADA"
0410010146,I,I,192,1571,"RETIRADA DE PRÓTESE MAMÁRIA BILATERAL EM CASOS DE COMPLICAÇÃO DA PRÓTESE MAMÁRIA IMPLANTADA"
0410010154,I,I,192,1571,"RETIRADA DE PRÓTESE MAMÁRIA UNILATERAL EM CASOS DE COMPLICAÇÃO DE IMPLANTAÇÃO DA PRÓTESE, COM IMPLANTAÇÃO DE NOVA PRÓTESE, NO MESMO ATO CIRÚRGICO"
0410010162,I,I,192,1571,"RETIRADA DE PRÓTESE MAMÁRIA BILATERAL EM CASOS DE COMPLICAÇÃO DE IMPLANTAÇÃO DA PRÓTESE, COM IMPLANTAÇÃO DE NOVA PRÓTESE NO MESMO ATO CIRÚRGICO"
0410010197,I,I,252,911,"MASTECTOMIA SIMPLES BILATERAL SOB PROCESSO TRANSEXUALIZADOR"
0410010200,I,I,252,911,"PLÁSTICA MAMÁRIA RECONSTRUTIVA BILATERAL INCLUINDO PRÓTESE MAMÁRIA DE SILICONE BILATERAL NO PROCESSO TRANSEXUALIZADOR"
0410010219,I,I,216,1031,"RECONSTRUÇÃO MAMÁRIA PÓS-MASTECTOMIA TOTAL"
0411010018,I,I,108,731,"DESCOLAMENTO MANUAL DE PLACENTA"
0411010026,I,I,108,731,"OPERAÇÃO CESARIANA EM GESTAÇÃO DE ALTO RISCO"
0411010034,I,I,108,731,"OPERAÇÃO CESARIANA"
0411010042,I,I,252,731,"OPERAÇÃO CESARIANA COM LAQUEADURA TUBARIA"
0411010050,I,I,108,731,"REDUCAO MANUAL DE INVERSAO UTERINA AGUDA POS-PARTO"
0411010069,I,I,96,731,"RESSUTURA DE EPISIORRAFIA POS-PARTO"
0411010077,I,I,108,731,"SUTURA DE LACERACOES DE TRAJETO PELVICO"
0411010085,I,I,108,731,"TRATAMENTO CIRURGICO DE INVERSAO UTERINA AGUDA POS PARTO"
0411020013,I,I,108,731,"CURETAGEM POS-ABORTAMENTO / PUERPERAL"
0411020021,I,I,108,731,EMBRIOTOMIA
0411020030,I,I,108,731,"HISTERECTOMIA PUERPERAL"
0411020048,I,I,108,731,"TRATAMENTO CIRURGICO DE GRAVIDEZ ECTOPICA"
0412010011,I,I,0,1571,"BRONCOTOMIA E/OU BRONCORRAFIA"
0412010020,I,I,0,1571,"COLOCAÇÃO DE MOLDE BRÔNQUICO POR TORACOTOMIA"
0412010038,I,I,0,1571,"COLOCAÇÃO DE PRÓTESE LARINGO-TRAQUEAL, TRAQUEAL, TRAQUEO-BRÔNQUICA, BRÔNQUICA POR VIA ENDOSCOPICA (INCLUI PRÓTESE)"
0412010046,I,I,0,1571,"COLOCACAO DE PRÓTESE LARINGO TRAQUEAL/ TRAQUEO-BRÔNQUICA (INCLUI PRÓTESE)"
0412010062,I,I,0,1571,"PUNCAO DE TRAQUEIA C/ ASPIRACAO"
0412010070,I,I,0,1571,"RESSECÇÃO DE TRAQUEIA MEDIASTINAL, CARINAL OU CARINOPLASTIA"
0412010089,I,I,0,1571,"RESSECÇÃO DE TUMOR DE TRAQUEIA COM ANASTOMOSE"
0412010097,I,I,0,1571,"TRAQUEOPLASTIA POR ACESSO TORÁCICO"
0412010100,I,I,144,1571,"TRAQUEOPLASTIA E/OU LARINGOTRAQUEOPLASTIA"
0412010119,I,I,0,1571,"TRAQUEORRAFIA E/OU FECHAMENTO DE FÍSTULA TRAQUEO-CUTÂNEA"
0412010127,I,I,0,1571,"TRAQUEOSTOMIA COM COLOCAÇÃO DE ORTESE TRAQUEAL OU TRAQUEOBRONQUICA"
0412010135,I,I,0,1571,"TRATAMENTO CIRURGICO DE FÍSTULA BRONCOPLEURAL COM AMPUTAÇÃO DE COTO BRÔNQUICO"
0412010143,I,I,0,1571,"TRATAMENTO CIRURGICO DE FISTULA TRAQUEOESOFÁGICA ADQUIRIDA"
0412020017,I,I,0,1571,"MEDIASTINOTOMIA EXPLORADORA PARA-ESTERNAL / POR VIA ANTERIOR"
0412020025,I,I,0,1571,"MEDIASTINOTOMIA EXTRAPLEURAL POR VIA POSTERIOR"
0412020033,I,I,0,1571,"MEDIASTINOTOMIA P/ DRENAGEM"
0412020050,I,I,0,1571,"RESSECÇÃO DE TUMOR DO MEDIASTINO"
0412020068,I,I,0,1571,TIMECTOMIA
0412020076,I,I,0,1571,"TRAQUEOSTOMIA MEDIASTINAL"
0412020084,I,I,0,1571,"TRATAMENTO DE MEDIASTINITE (QUALQUER VIA)"
0412030012,I,I,0,1571,"DESCORTICAÇÃO PULMONAR"
0412030047,I,I,0,1571,"FECHAMENTO DE PLEUROSTOMIA"
0412030055,I,I,0,1571,PLEURECTOMIA
0412030063,I,I,0,1571,PLEUROTOMIA
0412030071,I,I,0,1571,"REPLEÇÃO DE CAVIDADE PLEURAL COM SOLUÇÃO PARA TRATAMENTO DE EMPIEMA CRONICO"
0412030080,I,I,0,1571,"TRATAMENTO DE COÁGULO RETIDO INTRATORÁCICO (QUALQUER VIA)"
0412030098,I,I,0,1571,PLEUROSTOMIA
0412030101,I,I,0,1571,"DRENAGEM TUBULAR PLEURAL ABERTA (PLEUROSTOMIA)"
0412030110,I,I,0,1571,PLEURODESE
0412030128,I,I,0,1571,"RETIRADA DE DRENO TUBULAR TORACICO"
0412040018,I,I,0,1571,COSTECTOMIA
0412040026,I,I,0,1571,"ESTERNECTOMIA COM OU SEM PRÓTESE"
0412040034,I,I,0,1571,"ESTERNECTOMIA SUBTOTAL"
0412040042,I,I,0,1571,"LIGADURA DO DUCTO TORÁCICO (QUALQUER MÉTODO)"
0412040050,I,I,0,1571,"MOBILIZACAO DE RETALHOS MUSCULARES / DO OMENTO"
0412040069,I,I,0,1571,"PLUMBAGEM EXTRAFASCIAL"
0412040085,I,I,0,1571,"REDUÇÃO CIRÚRGICA DE FRATURA DE COSTELA"
0412040107,I,I,0,1571,"RESSECÇÃO DE TUMOR DO DIAFRAGMA E RECONSTRUÇÃO (QUALQUER TECNICA)"
0412040115,I,I,0,1571,"RETIRADA DE CORPO ESTRANHO DA PAREDE TORÁCICA"
0412040123,I,I,0,1571,"TORACECTOMIA COM RECONSTRUÇÃO PARIETAL (POR PRÓTESE)"
0412040131,I,I,0,1571,"TORACECTOMIA SEM RECONSTRUÇÃO PARIETAL"
0412040158,I,I,0,1571,"TORACOPLASTIA (QUALQUER TÉCNICA)"
0412040166,I,I,0,1571,"TORACOSTOMIA COM DRENAGEM PLEURAL FECHADA"
0412040174,I,I,0,1571,"TORACOTOMIA EXPLORADORA"
0412040182,I,I,0,1571,"TRATAMENTO CIRÚRGICO DE DEFEITOS CONGÊNITOS DO TÓRAX"
0412040190,I,I,0,1571,"TRATAMENTO CIRURGICO DE FRATURA, NECROSE OU INFECÇÃO DO ESTERNO"
0412040204,I,I,0,1571,"TRATAMENTO CIRURGICO DE FRATURAS DO GRADIL COSTAL"
0412040212,I,I,0,1571,"TRATAMENTO CIRURGICO DE PAREDE TORACICA"
0412040220,I,I,0,1571,"VAGOTOMIA TRONCULAR TERAPÊUTICA POR TORACOTOMIA"
0412050013,I,I,0,1571,"BULECTOMIA UNI OU BILATERAL"
0412050030,I,I,0,1571,"LIGADURA DE ARTÉRIAS BRÔNQUICAS POR TORACOTOMIA PARA CONTROLE DE HEMOPTISE"
0412050048,I,I,0,1571,"LOBECTOMIA PULMONAR"
0412050064,I,I,0,1571,PNEUMOMECTOMIA
0412050072,I,I,0,1571,"PNEUMONECTOMIA DE TOTALIZACAO"
0412050080,I,I,0,1571,PNEUMORRAFIA
0412050102,I,I,0,1571,"RESSECÇÃO EM CUNHA, TUMORECTOMIA / BIOPSIA DE PULMAO A CEU ABERTO"
0412050110,I,I,0,1571,"RESSECÇÃO PULMONAR ASSOCIADA A BRONCOPLASTIA/ ARTERIOPLASTIA"
0412050137,I,I,0,1571,"CIRURGIA REDUTORA DO VOLUME PULMONAR (QUALQUER MÉTODO)"
0412050145,I,I,0,1571,"METASTASECTOMIA PULMONAR UNI OU BILATERAL (QUALQUER MÉTODO)"
0412050153,I,I,0,1571,"TROMBOENDARTERECTOMIA PULMONAR"
0412050161,I,I,0,1571,"PNEUMOTOMIA COM RESSECÇÃO COSTAL PARA DRENAGEM CAVITÁRIA/RETIRADA DE CORPO ESTRANHO"
0412050170,I,I,0,1571,"TORACOCENTESE/DRENAGEM DE PLEURA"
0413010015,I,I,0,1571,"ATENDIMENTO DE URGENCIA EM MEDIO E GRANDE QUEIMADO"
0413010023,I,I,0,1571,"ATENDIMENTO DE URGÊNCIA EM PEQUENO QUEIMADO"
0413010031,I,I,0,1571,"CURATIVO EM GRANDE QUEIMADO"
0413010040,I,I,0,1571,"CURATIVO EM MEDIO QUEIMADO"
0413010058,I,I,0,1571,"CURATIVO EM PEQUENO QUEIMADO"
0413010066,I,I,0,1571,"TRATAMENTO DE GRANDE QUEIMADO"
0413010074,I,I,0,1571,"TRATAMENTO DE INTERCORRENCIA EM PACIENTE MEDIO E GRANDE QUEIMADO"
0413010082,I,I,0,1571,"TRATAMENTO DE MEDIO QUEIMADO"
0413010090,I,I,0,1571,"TRATAMENTO DE PEQUENO QUEIMADO"
0413030016,I,I,144,911,"LIPOASPIRAÇÃO DE GIBA OU REGIÃO SUBMANDIBULAR EM PACIENTES COM LIPODISTROFIA DECORRENTE DO USO DE ANTI-RETROVIRAL"
0413030024,I,I,216,911,"LIPOASPIRAÇÃO DE PAREDE ABDOMINAL OU DORSO EM PACIENTES COM LIPODISTROFIA DECORRENTE DO USO DE ANTI-RETROVIRAL"
0413030032,I,I,228,911,"LIPOENXERTIA DE GLÚTEO EM PACIENTE COM LIPODISTROFIA GLÚTEA DECORRENTE DO USO DE ANTI-RETROVIRAL"
0413030040,I,I,144,911,"PREENCHIMENTO FACIAL COM POLIMETILMETACRILATO EM PACIENTE C/ LIPOATROFIA FACIAL CAUSADOS PELA REDUÇÃO DOS COXIS GORDUROSOS DAS REGIÕES MALAR, TEMPORAL E PRÉ-AURICULAR"
0413030059,I,I,144,911,"PREENCHIMENTO FACIAL COM TECIDO GORDUROSO EM PACIENTE COM LIPOATROFIA DE FACE DECORRENTE DO USO DE ANTI-RETROVIRAIS"
0413030067,I,I,228,911,"RECONSTRUÇÃO GLÚTEA E/OU PERIANAL EM PACIENTE COM LIPODISTROFIA GLÚTEA DECORRENTE DO USO DE ANTI-RETROVIRAL, COM LIPOENXERTIA OU PMMA"
0413030075,I,I,228,911,"REDUÇÃO MAMÁRIA EM PACIENTE COM LIPODISTROFIA DECORRENTE DO USO DE ANTI-RETROVIRAIS"
0413030083,I,I,216,911,"TRATAMENTO DE GINECOMASTIA OU PSEUDOGINECOMASTIA EM PACIENTE COM LIPODISTROFIA DECORRENTE DO USO DE ANTI-RETROVIRAIS"
0413040011,I,I,0,1571,"AUTONOMIZACAO DE RETALHO"
0413040020,I,I,1,1571,"CORREÇÃO DE RETRAÇÃO CICATRICIAL VÁRIOS ESTÁGIOS"
0413040038,I,I,240,851,"DERMOLIPECTOMIA (1 OU 2 MEMBROS INFERIORES)"
0413040046,I,I,240,851,"DERMOLIPECTOMIA ABDOMINAL NAO ESTETICA (PLÁSTICA ABDOMINAL)"
0413040054,I,I,216,1571,"DERMOLIPECTOMIA ABDOMINAL POS-CIRURGIA BARIATRICA"
0413040062,I,I,216,1571,"DERMOLIPECTOMIA BRAQUIAL POS-CIRURGIA BARIÁTRICA"
0413040070,I,I,216,1571,"DERMOLIPECTOMIA CRURAL POS-CIRURGIA BARIÁTRICA"
0413040089,I,I,216,1571,"MAMOPLASTIA PÓS-CIRURGIA BARIÁTRICA"
0413040097,I,I,0,1571,"PREPARO DE RETALHO"
0413040100,I,I,0,1571,"PREPARO DE TUBO PEDICULADO"
0413040119,I,I,0,1571,"RECONSTRUCAO DE LÓBULO DA ORELHA"
0413040127,I,I,0,1571,"RECONSTRUCAO DE POLO SUPERIOR DA ORELHA"
0413040135,I,I,0,1571,"RECONSTRUCAO DO HELIX DA ORELHA"
0413040143,I,I,0,1571,"RECONSTRUCAO TOTAL DE ORELHA (MULTIPLOS ESTAGIOS)"
0413040151,I,I,0,1571,"TRANSFERÊNCIA INTERMEDIÁRIA DE RETALHO"
0413040160,I,I,120,851,"TRATAMENTO CIRURGICO DE ELEFANTIASE AO NÍVEL DO PÈ"
0413040178,I,I,0,1571,"TRATAMENTO CIRURGICO DE LESOES EXTENSAS C/ PERDA DE SUBSTANCIA CUTANEA"
0413040186,I,I,0,1571,"TRATAMENTO CIRURGICO DE RETRACAO CICATRICIAL DA AXILA"
0413040194,I,I,0,1571,"TRATAMENTO CIRURGICO DE RETRACAO CICATRICIAL DO COTOVELO"
0413040208,I,I,0,1571,"TRATAMENTO CIRURGICO DE RETRACAO CICATRICIAL DOS DEDOS DA MAO/PE S/ COMPROMETIMENTO TENDINOSO"
0413040216,I,I,0,1571,"TRATAMENTO CIRÚRGICO DE RETRAÇÃO CICATRICIAL EM UM ESTÁGIO"
0413040224,I,I,0,1571,"TRATAMENTO CIRURGICO DE RETRACAO CICATRICIAL NA REGIÃO POPLITEA"
0413040232,I,I,60,851,"TRATAMENTO CIRURGICO NAO ESTÉTICO DA ORELHA"
0413040240,I,I,0,1571,"TRATAMENTO CIRURGICO P/ REPARACOES DE PERDA DE SUBSTANCIA DA MAO"
0413040259,I,I,216,1571,"DERMOLIPECTOMIA ABDOMINAL CIRCUNFERENCIAL PÓS CIRURGIA BARIATRICA"
0413040267,I,I,0,1571,"RECONSTRUÇÃO POR MICROCIRURGIA QUALQUER PARTE"
0414010027,I,I,240,1571,"MOLDAGEM / IMPLANTE EM MUCOSA (POR TRATAMENTO COMPLETO)"
0414010035,I,I,240,1571,"MOLDAGEM / IMPLANTE EM PELE / MUCOSA (POR TRATAMENTO COMPLETO)"
0414010256,I,I,24,1571,"TRATAMENTO CIRÚRGICO DE FÍSTULA ORO-SINUSAL / ORO-NASAL"
0414010272,I,I,24,1571,"TRATAMENTO CIRÚRGICO DE FÍSTULA CUTÂNEA DE ORIGEM DENTÁRIA"
0414010329,I,I,0,1571,"TRATAMENTO CIRÚRGICO DE CISTO DO COMPLEXO MAXILO-MANDIBULAR"
0414010345,I,I,0,1571,"EXCISÃO DE CÁLCULO DE GLÂNDULA SALIVAR"
0414010361,I,I,0,1571,"EXERESE DE CISTO ODONTOGÊNICO E NÃO-ODONTOGÊNICO"
0414010370,I,I,0,1571,"TRATAMENTO CIRÚRGICO DE DENTE INCLUSO EM PACIENTE COM ANOMALIA CRÂNIO E BUCOMAXILOFACIAL"
0414010388,I,I,0,1571,"TRATAMENTO CIRÚRGICO DE FÍSTULA INTRA / EXTRAORAL"
0414020022,I,I,60,1571,"APICECTOMIA COM OU SEM OBTURAÇÃO RETRÓGRADA"
0414020030,I,I,120,1571,"APROFUNDAMENTO DE VESTÍBULO ORAL (POR SEXTANTE)"
0414020049,I,I,120,1571,"CORREÇÃO DE BRIDAS MUSCULARES"
0414020057,I,I,120,1571,"CORREÇÃO DE IRREGULARIDADES DE REBORDO ALVEOLAR"
0414020065,I,I,120,1571,"CORREÇÃO DE TUBEROSIDADE DO MAXILAR"
0414020073,I,I,0,1571,"CURETAGEM PERIAPICAL"
0414020081,I,I,120,1571,"ENXERTO GENGIVAL"
0414020090,I,I,120,1571,"ENXERTO ÓSSEO DE ÁREA DOADORA INTRABUCAL"
0414020120,I,I,0,1571,"EXODONTIA DE DENTE DECÍDUO"
0414020138,I,I,0,1571,"EXODONTIA DE DENTE PERMANENTE"
0414020146,I,I,60,1571,"EXODONTIA MÚLTIPLA COM ALVEOLOPLASTIA POR SEXTANTE"
0414020154,I,I,24,1571,"GENGIVECTOMIA (POR SEXTANTE)"
0414020162,I,I,24,1571,"GENGIVOPLASTIA (POR SEXTANTE)"
0414020170,I,I,0,1571,GLOSSORRAFIA
0414020200,I,I,0,1571,"MARSUPIALIZAÇÃO DE CISTOS E PSEUDOCISTOS"
0414020219,I,I,0,1571,"ODONTOSECÇÃO / RADILECTOMIA / TUNELIZAÇÃO"
0414020243,I,I,60,1571,"REIMPLANTE E TRANSPLANTE DENTAL (POR ELEMENTO)"
0414020278,I,I,0,1571,"REMOÇÃO DE DENTE RETIDO (INCLUSO / IMPACTADO)"
0414020294,I,I,0,1571,"REMOÇÃO DE TORUS E EXOSTOSES"
0414020359,I,I,0,1571,"TRATAMENTO CIRÚRGICO DE HEMORRAGIA BUCO-DENTAL"
0414020367,I,I,60,1571,"TRATAMENTO CIRÚRGICO PARA TRACIONAMENTO DENTAL"
0414020375,I,I,60,1571,"TRATAMENTO CIRÚRGICO PERIODONTAL (POR SEXTANTE)"
0414020383,I,I,0,1571,"TRATAMENTO DE ALVEOLITE"
0414020405,I,I,0,1571,ULOTOMIA/ULECTOMIA
0414020413,I,I,0,1571,"TRATAMENTO ODONTOLÓGICO PARA PACIENTES COM NECESSIDADES ESPECIAIS"
0414020421,I,I,0,1571,"IMPLANTE DENTÁRIO OSTEOINTEGRADO"
0414020430,I,I,0,1571,"EXODONTIA DE DENTE SUPRANUMERÁRIO"
0415010012,I,I,0,1571,"TRATAMENTO C/ CIRURGIAS MULTIPLAS"
0415020018,I,I,216,1571,"PROCEDIMENTOS SEQUENCIAIS DE CIRURGIA PLÁSTICA REPARADORA PÓS -CIRURGIA BARIATRICA"
0415020034,I,I,0,1571,"OUTROS PROCEDIMENTOS COM CIRURGIAS SEQUENCIAIS"
0415020042,I,I,0,1571,"PROCEDIMENTOS SEQUENCIAIS EM ANOMALIA CRÂNIO E BUCOMAXILOFACIAL"
0415020050,I,I,0,1571,"PROCEDIMENTOS SEQUENCIAIS EM ONCOLOGIA"
0415020069,I,I,0,1571,"PROCEDIMENTOS SEQUENCIAIS EM ORTOPEDIA"
0415020077,I,I,0,1571,"PROCEDIMENTOS SEQUENCIAIS EM NEUROCIRURGIA"
0415020085,I,I,252,911,"PROCEDIMENTOS SEQUENCIAIS EM REDESIGNAÇÃO SEXUAL"
0415030013,I,I,0,1571,"TRATAMENTO CIRURGICO EM POLITRAUMATIZADO"
0415040027,I,I,0,1571,"DEBRIDAMENTO DE FASCEITE NECROTIZANTE"
0415040035,I,I,0,1571,"DEBRIDAMENTO DE ULCERA / DE TECIDOS DESVITALIZADOS"
0415040043,I,I,0,1571,"DEBRIDAMENTO DE ULCERA / NECROSE"
0415040051,I,I,0,1571,"DRENAGEM DE COLECOES VISCERAIS / CAVITARIAS POR CATETERISMO"
0416010016,I,I,144,1571,"AMPUTAÇÃO DE PÊNIS EM ONCOLOGIA"
0416010024,I,I,0,1571,"CISTECTOMIA COM DERIVACAO EM 1SÓ TEMPO EM ONCOLOGIA"
0416010040,I,I,0,1571,"CISTOENTEROPLASTIA EM ONCOLOGIA"
0416010075,I,I,0,1571,"NEFRECTOMIA TOTAL EM ONCOLOGIA"
0416010091,I,I,0,1571,"NEFROURETERECTOMIA TOTAL EM ONCOLOGIA"
0416010113,I,I,0,1571,"ORQUIECTOMIA UNILATERAL EM ONCOLOGIA"
0416010121,I,I,480,1571,"PROSTATECTOMIA EM ONCOLOGIA"
0416010130,I,I,480,1571,"PROSTATOVESICULECTOMIA RADICAL EM ONCOLOGIA"
0416010164,I,I,0,1571,"RESSECCAO DE TUMORES MÁLTIPLOS E SIMULTANEOS DO TRATO URINARIO EM ONCOLOGIA"
0416010172,I,I,144,1571,"RESSECÇÃO ENDOSCÓPICA DE TUMOR VESICAL EM ONCOLOGIA"
0416010180,I,I,0,1571,"REIMPLANTE URETERAL EM ONCOLOGIA - URETEROCISTONEOSTOMIA"
0416010199,I,I,0,1571,"REIMPLANTE URETERAL EM ONCOLOGIA - URETEROENTEROSTOMIA"
0416010202,I,I,0,1571,"SUPRARRENALECTOMIA EM ONCOLOGIA"
0416010210,I,I,0,1571,"NEFRECTOMIA PARCIAL EM ONCOLOGIA"
0416010229,I,I,144,1571,"AMPUTAÇÃO TOTAL AMPLIADA DE PENIS EM ONCOLOGIA"
0416020020,I,I,144,1571,"LINFADENECTOMIA PELVICA EM ONCOLOGIA"
0416020151,I,I,144,1571,"LINFADENECTOMIA RADICAL CERVICAL UNILATERAL EM ONCOLOGIA"
0416020160,I,I,144,1571,"LINFADENECTOMIA RADICAL MODIFICADA CERVICAL UNILATERAL EM ONCOLOGIA"
0416020178,I,I,144,1571,"LINFADENECTOMIA CERVICAL SUPRAOMO-HIOIDEA UNILATERAL EM ONCOLOGIA"
0416020186,I,I,0,1571,"LINFADENECTOMIA CERVICAL RECORRENCIAL UNILATERAL EM ONCOLOGIA"
0416020194,I,I,144,1571,"MEDIASTINOSCOPIA/LINFADENECTOMIA MEDIASTINAL EM ONCOLOGIA"
0416020208,I,I,144,1571,"LINFADENECTOMIA SUPRACLAVICULAR UNILATERAL EM ONCOLOGIA"
0416020216,I,I,144,1571,"LINFADENECTOMIA AXILAR UNILATERAL EM ONCOLOGIA"
0416020224,I,I,0,1571,"LINFADENECTOMIA RETROPERITONIAL EM ONCOLOGIA"
0416020232,I,I,144,1571,"LINFADENECTOMIA INGUINAL UNILATERAL EM ONCOLOGIA"
0416020240,I,I,0,1571,"LINFADENECTOMIA SELETIVA GUIADA (LINFONODO SENTINELA) EM ONCOLOGIA"
0416020259,I,I,144,1571,"LINFADENECTOMIA INGUINO-ILIACA UNILATERAL EM ONCOLOGIA"
0416030025,I,I,144,1571,"RESSECÇÃO DE GLÂNDULA SALIVAR MENOR EM ONCOLOGIA"
0416030033,I,I,144,1571,"RESSECÇÃO DE GLANDULA SUBLINGUAL EM ONCOLOGIA"
0416030041,I,I,144,1571,"RESSECÇÃO DE GLÂNDULA SUBMANDIBULAR EM ONCOLOGIA"
0416030068,I,I,144,1571,"GLOSSECTOMIA PARCIAL EM ONCOLOGIA"
0416030076,I,I,228,1571,"GLOSSECTOMIA TOTAL EM ONCOLOGIA"
0416030084,I,I,144,1571,"PARATIREOIDECTOMIA TOTAL EM ONCOLOGIA"
0416030092,I,I,144,1571,"PAROTIDECTOMIA EM ONCOLOGIA"
0416030149,I,I,144,1571,"RESSECÇÃO EM CUNHA DE LÁBIO E SUTURA EM ONCOLOGIA"
0416030157,I,I,144,1571,"RESSECÇÃO PARCIAL DE LÁBIO COM ENXERTO OU RETALHO EM ONCOLOGIA"
0416030165,I,I,144,1571,"RESSECÇÃO TOTAL DE LÁBIO E RECONSTRUÇÃO COM RETALHO MIOCUTÂNEO EM ONCOLOGIA"
0416030173,I,I,144,1571,"MAXILECTOMIA PARCIAL EM ONCOLOGIA"
0416030181,I,I,144,1571,"MAXILECTOMIA TOTAL EM ONCOLOGIA"
0416030190,I,I,228,1571,"PELVIGLOSSOMANDIBULECTOMIA EM ONCOLOGIA"
0416030203,I,I,144,1571,"PAROTIDECTOMIA TOTAL AMPLIADA EM ONCOLOGIA"
0416030211,I,I,144,1571,"FARINGECTOMIA PARCIAL EM ONCOLOGIA"
0416030220,I,I,144,1571,"FARINGECTOMIA TOTAL EM ONCOLOGIA"
0416030238,I,I,144,1571,"RESSECÇÃO DE TUMOR DE RINOFARINGE EM ONCOLOGIA"
0416030246,I,I,0,1571,"EXENTERAÇÃO DE ÓRBITA EM ONCOLOGIA"
0416030254,I,I,228,1571,"LARINGECTOMIA PARCIAL EM ONCOLOGIA"
0416030262,I,I,228,1571,"LARINGECTOMIA TOTAL EM ONCOLOGIA"
0416030270,I,I,0,1571,"TIREOIDECTOMIA TOTAL EM ONCOLOGIA"
0416030289,I,I,228,1571,"RECONSTRUÇÃO PARA FONAÇÂO EM ONCOLOGIA"
0416030297,I,I,228,1571,"TRAQUEOSTOMIA TRANSTUMORAL EM ONCOLOGIA"
0416030300,I,I,144,1571,"MANDIBULECTOMIA PARCIAL EM ONCOLOGIA"
0416030319,I,I,144,1571,"MANDIBULECTOMIA TOTAL EM ONCOLOGIA"
0416030327,I,I,144,1571,"RESSECÇÃO DE PAVILHÃO AURICULAR EM ONCOLOGIA"
0416030335,I,I,0,1571,"LIGADURA DE CARÓTIDA EM ONCOLOGIA"
0416030343,I,I,0,1571,"RESSECCAO DE TUMOR GLOMICO EM ONCOLOGIA"
0416030351,I,I,144,1571,"RESSECÇÃO DE LESÃO MALIGNA DE MUCOSA BUCAL EM ONCOLOGIA"
0416030360,I,I,0,1571,"RESSECÇÃO DE TUMOR TIREOIDIANO POR VIA TRANSESTERNAL EM ONCOLOGIA"
0416040012,I,I,144,1571,"ANASTOMOSE BILEO-DIGESTIVA EM ONCOLOGIA"
0416040020,I,I,144,1571,"COLEDOCOSTOMIA COM OU SEM COLECISTECTOMIA EM ONCOLOGIA"
0416040039,I,I,144,1571,"ESOFAGOGASTRECTOMIA COM TORACOTOMIA EM ONCOLOGIA"
0416040047,I,I,144,1571,"ESOFAGOCOLOPLASTIA OU ESOFAGOGASTROPLASTIA EM ONCOLOGIA"
0416040055,I,I,144,1571,"ESOFAGOGASTRECTOMIA TRANS -HIATAL EM ONCOLOGIA"
0416040071,I,I,144,1571,"GASTRECTOMIA TOTAL EM ONCOLOGIA"
0416040101,I,I,0,1571,"HEPATECTOMIA PARCIAL EM ONCOLOGIA"
0416040110,I,I,0,1571,"PANCREATECTOMIA PARCIAL EM ONCOLOGIA"
0416040128,I,I,0,1571,"DUODENOPANCREATECTOMIA EM ONCOLOGIA"
0416040144,I,I,0,1571,"RESSECÇÃO DE TUMOR RETROPERITONIAL COM RESSECÇÃO DE ÓRGÃOS CONTÍGUOS EM ONCOLOGIA"
0416040179,I,I,228,1571,"ALCOOLIZAÇÃO PERCUTÂNEA DE CARCINOMA HEPÁTICO"
0416040187,I,I,228,1571,"TRATAMENTO DE CARCINOMA HEPÁTICO POR RADIOFREQUÊNCIA"
0416040195,I,I,228,1571,"QUIMIOEMBOLIZAÇÃO DE CARCINOMA HEPÁTICO"
0416040209,I,I,0,1571,"LAPAROTOMIA EXPLORADORA COM RESSECÇÃO COMPLETA OU INCOMPLETA DO TUMOR EM ONCOLOGIA"
0416040217,I,I,144,1571,"GASTRECTOMIA PARCIAL EM ONCOLOGIA"
0416040225,I,I,0,1571,"METASTASECTOMIA HEPÁTICA EM ONCOLOGIA"
0416040233,I,I,144,1571,"COLECISTECTOMIA EM ONCOLOGIA"
0416040241,I,I,144,1571,"RESSECÇÃO AMPLIADA DE VIA BILIAR EXTRA-HEPÁTICA EM ONCOLOGIA"
0416040250,I,I,0,1571,"RESSECÇÃO DE TUMOR RETROPERITONIAL EM ONCOLOGIA"
0416040268,I,I,0,1571,"RESSECÇÃO ALARGADA DE TUMOR DE PARTES MOLES DE PAREDE ABDOMINAL EM ONCOLOGIA"
0416040276,I,I,0,1571,"RESSECÇÃO ALARGADA DE TUMOR DE INTESTINO EM ONCOLOGIA"
0416040284,I,I,216,1571,"IMPLANTAÇÃO ENDOSCÓPICA DE STENT ESOFÁGICO"
0416040292,I,I,216,911,"PERITONECTOMIA EM ONCOLOGIA"
0416040306,I,I,216,911,"QUIMIOPERFUSÃO INTRAPERITONEAL HIPERTÉRMICA"
0416040314,I,I,144,1571,"GASTRECTOMIA VIDEOLAPAROSCÓPICA EM ONCOLOGIA"
0416040322,I,I,144,1571,"ESOFAGOGASTRECTOMIA VIDEOLAPAROSCÓPICA EM ONCOLOGIA"
0416040330,I,I,144,1571,"LAPARATOMIA EXPLORADORA VIDEOLAPAROSCÓPICA EM ONCOLOGIA"
0416040349,I,I,144,1571,"PANCREATECTOMIA PARCIAL VIDEOLAPAROSCÓPICA EM ONCOLOGIA"
0416050018,I,I,144,1571,"AMPUTAÇÃO ABDOMINO-PERINEAL DE RETO EM ONCOLOGIA"
0416050026,I,I,0,1571,"COLECTOMIA PARCIAL (HEMICOLECTOMIA) EM ONCOLOGIA"
0416050034,I,I,0,1571,"COLECTOMIA TOTAL EM ONCOLOGIA"
0416050050,I,I,144,1571,"EXCISÃO LOCAL DE TUMOR DO RETO EM ONCOLOGIA"
0416050077,I,I,144,1571,"RETOSSIGMOIDECTOMIA ABDOMINAL EM ONCOLOGIA"
0416050093,I,I,144,1571,"EXENTERAÇÃO PÉLVICA POSTERIOR EM ONCOLOGIA"
0416050107,I,I,0,1571,"EXENTERAÇÃO PÉLVICA TOTAL EM ONCOLOGIA"
0416050115,I,I,144,1571,"PROCTOCOLECTOMIA TOTAL EM ONCOLOGIA"
0416050123,I,I,144,1571,"COLECTOMIA VIDEOLAPAROSCÓPICA EM ONCOLOGIA"
0416060013,I,I,144,1571,"AMPUTACAO CONICA DO COLO DO UTERO EM ONCOLOGIA"
0416060021,I,I,0,1571,"ANEXECTOMIA UNI / BILATERAL EM ONCOLOGIA"
0416060030,I,I,144,1571,"COLPECTOMIA EM ONCOLOGIA"
0416060056,I,I,0,1571,"HISTERECTOMIA COM RESSECÇÃO DE ÓRGÃOS CONTÍGUOS EM ONCOLOGIA"
0416060064,I,I,144,1571,"HISTERECTOMIA TOTAL AMPLIADA EM ONCOLOGIA"
0416060080,I,I,144,1571,"TRAQUELECTOMIA RADICAL EM ONCOLOGIA"
0416060099,I,I,144,1571,"VULVECTOMIA TOTAL AMPLIADA C/ LINFADENECTOMIA EM ONCOLOGIA"
0416060102,I,I,144,1571,"VULVECTOMIA PARCIAL EM ONCOLOGIA"
0416060110,I,I,0,1571,"HISTERECTOMIA COM OU SEM ANEXECTOMIA (UNI / BILATERAL) EM ONCOLOGIA"
0416060129,I,I,0,1571,"LAPAROTOMIA PARA AVALIAÇÃO DE TUMOR DE OVÁRIO EM ONCOLOGIA"
0416060137,I,I,144,1571,"HISTERECTOMIA VIDEOLAPAROSCÓPICA CO OU SEM ANEXECTOMIA (UNI/BILATERAL) EM ONCOLOGIA"
0416080014,I,I,0,1571,"EXCISÂO E ENXERTO DE PELE EM ONCOLOGIA"
0416080030,I,I,0,1571,"EXCISÃO E SUTURA DE LESÃO NA PELE COM PLASTICA EM Z OU ROTAÇÃO DE RETALHO EM ONCOLOGIA"
0416080081,I,I,0,1571,"RECONSTRUÇÃO COM RETALHO MIOCUTÂNEO (QUALQUER PARTE) EM ONCOLOGIA"
0416080090,I,I,0,1571,"RECONSTRUÇÃO POR MICROCIRURGIA (QUALQUER PARTE) EM ONCOLOGIA"
0416080111,I,I,0,1571,"RECONSTRUÇÃO COM RETALHO OSTEOMIOCUTÂNEO EM ONCOLOGIA"
0416080120,I,I,0,1571,"EXTIRPAÇÃO MÚLTIPLA DE LESÃO DA PELE OU TECIDO CELULAR SUBCUTÂNEO EM ONCOLOGIA"
0416090010,I,I,0,1571,"AMPUTAÇÃO / DESARTICULAÇÃO DE MEMBROS INFERIORES EM ONCOLOGIA"
0416090028,I,I,0,1571,"AMPUTAÇÃO / DESARTICULAÇÃO DE MEMBROS SUPERIORES EM ONCOLOGIA"
0416090036,I,I,0,1571,"HEMIPELVECTOMIA EM ONCOLOGIA"
0416090079,I,I,0,1571,"SACRALECTOMIA (ENDOPELVECTOMIA) EM ONCOLOGIA"
0416090109,I,I,0,1571,"RESSECÇÃO DE TUMOR ÓSSEO COM SUBSTITUIÇÃO (ENDOPRÓTESE) OU COM RECONSTRUÇÃO E FIXAÇÃO EM ONCOLOGIA"
0416090117,I,I,0,1571,"DESARTICULAÇÃO INTERESCAPULO-TORÁCICA EM ONCOLOGIA"
0416090125,I,I,0,1571,"DESARTICULAÇÃO ESCAPULO-TORÁCICA INTERNA EM ONCOLOGIA"
0416090133,I,I,0,1571,"RESSECÇÃO DE TUMOR DE PARTES MOLES EM ONCOLOGIA"
0416110010,I,I,0,1571,"LOBECTOMIA PULMONAR EM ONCOLOGIA"
0416110029,I,I,0,1571,"PNEUMOMECTOMIA RADICAL EM ONCOLOGIA"
0416110037,I,I,0,1571,"TORATECTOMIA EM ONCOLOGIA"
0416110045,I,I,0,1571,"TORACECTOMIA SIMPLES EM ONCOLOGIA"
0416110053,I,I,0,1571,"TORACOTOMIA/MEDIASTINOSTOMIA EXPLORADORA COM RESSECÇÃO COMPLETA OU INCOMPLETA DO TUMOR INTRATORÁCICO EM ONCOLOGIA"
0416110061,I,I,0,1571,"SEGMENTECTOMIA PULMONAR EM ONCOLOGIA"
0416110070,I,I,0,1571,"RESSECÇAO PULMONAR EM CUNHA EM ONCOLOGIA"
0416110088,I,I,0,1571,"TIMECTOMIA EM ONCOLOGIA"
0416120024,I,I,144,1571,"MASTECTOMIA RADICAL COM LINFADENECTOMIA AXILAR EM ONCOLOGIA"
0416120032,I,I,144,1571,"MASTECTOMIA SIMPLES EM ONCOLOGIA"
0416120040,I,I,144,1571,"RESSECÇÃO DE LESÃO NÃO PALPÁVEL DE MAMA COM MARCAÇÃO EM ONCOLOGIA (POR MAMA)"
0416120059,I,I,144,1571,"SEGMENTECTOMIA/QUADRANTECTOMIA/SETORECTOMIA DE MAMA EM ONCOLOGIA"
0417010010,I,I,108,731,"ANESTESIA OBSTETRICA P/ CESARIANA"
0417010028,I,I,108,731,"ANALGESIA OBSTETRICA P/ PARTO NORMAL"
0417010036,I,I,108,731,"ANESTESIA OBSTETRICA P/CESARIANA EM GESTACAO DE ALTO RISCO"
0417010044,I,I,0,1571,"ANESTESIA GERAL"
0417010052,I,I,0,1571,"ANESTESIA REGIONAL"
0417010060,I,I,0,1571,SEDACAO
0418010013,I,I,0,1571,"CONFECCAO DE FISTULA ARTERIO-VENOSA C/ ENXERTIA DE POLITETRAFLUORETILENO (PTFE)"
0418010021,I,I,0,1571,"CONFECCAO DE FISTULA ARTERIO-VENOSA C/ ENXERTO AUTOLOGO"
0418010030,I,I,0,1571,"CONFECCAO DE FISTULA ARTERIO-VENOSA P/ HEMODIALISE"
0418010048,I,I,0,1571,"IMPLANTE DE CATETER DE LONGA PERMANÊNCIA P/ HEMODIALISE"
0418010056,I,I,0,1571,"IMPLANTE DE CATETER DUPLO LUMEN NA IRA (INCLUI CATETER)"
0418010064,I,I,0,1571,"IMPLANTE DE CATETER DUPLO LUMEN P/HEMODIALISE"
0418010072,I,I,0,1571,"IMPLANTE DE CATETER TENCKHOFF OU SIMILAR DE LONGA PERMANÊNCIA NA IRA (INCLUI CATETER)"
0418010080,I,I,0,1571,"IMPLANTE DE CATETER TIPO TENCKHOFF OU SIMILAR P/ DPA/DPAC"
0418010099,I,I,0,1571,"IMPLANTE DE CATETER TIPO TENCKOFF OU SIMILAR P/DPI"
0418020019,I,I,0,1571,"INTERVENCAO EM FÍSTULA ARTERIO-VENOSA"
0418020027,I,I,0,1571,"LIGADURA DE FISTULA ARTERIO-VENOSA"
0418020035,I,I,0,1571,"RETIRADA DE CATETER TIPO TENCKHOFF / SIMILAR DE LONGA PERMANÊNCIA"
0501010017,I,I,0,431,"COLETA DE SANGUE EM HEMOCENTRO P/ EXAMES DE HISTOCOMPATIBILIDADE (CADASTRO DE DOADOR NO REDOME)"
0501010025,I,I,0,1331,"IDENTIFICACAO DE DOADOR APARENTADO DE CELULAS-TRONCO HEMATOPOETICAS 1A FASE (POR DOADOR TIPADO)"
0501010050,I,I,216,431,"IDENTIFICACAO DE DOADOR VOLUNTÁRIO DE CÉLULAS TRONCO HEMATOPOÉTICAS PARA CADASTRO NO REDOME (POR DOADOR TIPADO)"
0501010068,I,I,216,731,"IDENTIFICAÇÃO DE DOADOR NÃO APARENTADO DE CÉLULAS-TRÔNCO HEMATOPOÉTICAS (POR DOADOR TIPADO)"
0501010076,I,I,216,731,"CONFIRMAÇÃO DE IDENTIFICAÇÃO DE DOADOR NÃO APARENTADO DE CÉLULAS TRONCO HEMATOPOÉTICAS (POR DOADOR TIPADO)"
0501010092,I,I,216,731,"CONFIRMACAO DE TIPIFICACAO DE DOADOR NÃO APARENTADO DE CÉLULAS TRONCO HEMATOPOÉTICAS (POR DOADOR TIPADO)"
0501010106,I,I,0,1331,"IDENTIFICAÇÃO DE DOADOR APARENTADO DE CÉLULAS TRONCO HEMATOPOETICAS 2ª FASE (POR DOADOR TIPADO)"
0501020039,I,I,0,911,"CONFIRMAÇAO DE IDENTIFICAÇÃO DE RECEPTOR DE CÉLULAS TRONCO HEMATOPOÉTICAS"
0501020047,I,I,0,911,"IDENTIFICAÇÃO/CONFIRMAÇÃO DE RECEPTOR DE CÉLULAS TRONCO HEMATOPOÉTICAS"
0501030018,I,I,,,"COLETA, ACONDICIONAMENTO E TRANSPORTE INTERNACIONAL DE CELULAS-TRONCO HEMATOPOIETICAS DE MEDULA OSSEA P/ TRANSPLANTE"
0501030026,I,I,,,"FORNECIMENTO, ACONDICIONAMENTO E TRANSPORTE INTERNACIONAL DE CELULAS-TRONCO HEMATOPOETICAS DE CORDAO UMBILICAL P/ TRANSPLANTE"
0501030034,I,I,,,"FORNECIMENTO, ACONDICIONAMENTO E TRANSPORTE INTERNACIONAL DE LINFOCITOS DE DOADOR NAO APARENTADO P/ TRANSPLANTE"
0501030042,I,I,,,"IDENTIFICACAO INTERNACIONAL DE DOADOR NAO APARENTADO DE CELULAS-TRONCO HEMATOPOETICAS 1A FASE (POR DOADOR TIPADO)"
0501030050,I,I,,,"IDENTIFICACAO INTERNACIONAL DE DOADOR NAO APARENTADO DE CELULAS-TRONCO HEMATOPOETICAS 2A FASE (POR DOADOR TIPADO)"
0501030069,I,I,0,911,"COLETA E ACONDICIONAMENTO DE MEDULA OSSEA NO BRASIL PARA TRANSPLANTE AUTOGENICO OU DE DOADOR APARENTADO OU NAO APARENTADO"
0501030077,I,I,0,911,"MOBILIZAÇÃO, COLETA E ACONDICIONAMENTO DE CELULAS TRONCO HEMATOPOETICAS DE SANGUE PERIFERICO NO BRASIL PARA TRANSPLANTE AUTOGENICO OU DE DOADOR APARENTADO OU NAO APARENTADO"
0501030085,I,I,0,851,"TRANSPORTE DE MEDULA OSSEA OU DE CELULAS TRONCO HEMATOPOETICAS DE SANGUE PERIFERICO NO BRASIL DE DOADOR NAO APARENTADO"
0501030093,I,I,0,911,"PROCESSAMENTO DE CRIOPRESERVAÇÃO DE MEDULA OSSEA OU DE CELULAS TRONCO HEMATOPOETICAS DE SANGUE PERIFERICO NO BRASIL PARA TRANSPLANTE AUTOGENICO"
0501030107,I,I,0,851,"FORNECIMENTO E ACONDICIONAMENTO E TRANSPORTE NO BRASIL DE LINFOCITOS DE DOADOR NAO APARENTADO"
0501030115,N,N,,,"COLETA, IDENTIFICAÇÃO, TESTES DE SEGURANÇA, PROCESSAMENTO, ARMAZENAGEM E FORNECIMENTO DE CELULAS TRONCO HEMATOPOETICAS DE CORDAO UMBILICAL E PLACENTARIO"
0501030123,I,I,0,851,"TRANPORTE DE UNIDADE DE CELULAS TRONCO HEMATOPOETICAS DE SANGUE DE CORDAO UMBILICAL E PLACENTARIO NO BRASIL"
0501040013,I,I,0,1091,"AUTO-PROVA CRUZADA EM RECEPTOR DE RIM (AUTO CROSS-MATCH)"
0501040064,I,I,0,1571,"PROVAS CRUZADAS EM RECEPTORES DE DOADORES FALECIDOS (CROSS MATCH)"
0501040080,I,I,0,1571,"IDENTIFICAÇÃO DE DOADOR FALECIDO DE ÓRGÃOS"
0501040099,I,I,216,1091,"IDENTIFICAÇÃO DE DOADOR VIVO DE RIM- (POR DOADOR TIPADO)"
0501040110,I,I,0,1331,"PROVAS CRUZADAS EM DOADORES DE MEDULA ÓSSEA (APARENTADO NÃO IDÊNTICO)"
0501040129,I,I,216,1091,"PROVAS CRUZADAS EM DOADORES VIVOS DE ÓRGÃOS"
0501050019,I,I,0,1571,"AVALIAÇÃO DE REATIVIDADE DO RECEPTOR CONTRA PAINEL EM RECEPTORES HIPERSENSIBILIZADOS DE ÓRGÃOS"
0501050043,I,I,0,1571,"EXAMES DE PACIENTES EM LISTA DE ESPERA PARA TRANSPLANTES"
0501050051,I,I,0,1091,"IDENTIFICAÇÃO DE RECEPTOR DE ÓRGÃOS"
0501060014,I,I,0,1091,"ANGIOGRAFIA CEREBRAL P/ DIAGNOSTICO DE MORTE ENCEFALICA (4 VASOS)"
0501060022,I,I,0,1091,"CINTILOGRAFIA RADIOISOTOPICA CEREBRAL P/ DIAGNOSTICO DE MORTE ENCEFALICA"
0501060030,I,I,0,1091,"ECO DOPPLER COLORIDO CEREBRAL P/ DIAGNOSTICO DE MORTE ENCEFALICA"
0501060049,I,I,0,1091,"ELETROENCEFALOGRAMA P/ DIAGNOSTICO DE MORTE ENCEFALICA"
0501060057,I,I,0,1091,"EXAME COMPLEMENTAR PARA DIAGNÓSTICO DE MORTE ENCEFÁLICA"
0501070010,I,I,0,1571,"SOROLOGIA DE POSSIVEL DOADOR DE CÓRNEA E ESCLERA"
0501070028,I,I,0,1091,"SOROLOGIA DE POSSIVEL DOADOR DE ORGAO OU TECIDO EXCETO CORNEA"
0501070036,I,I,0,1091,"TIPAGEM SANGUINEA ABO E OUTROS EXAMES HEMATOLOGICOS EM POSSIVEL DOADOR DE ORGAOS"
0501070044,I,I,0,1571,"EXAMES PARA A INCLUSAO EM LISTA DE CANDIDATOS A TRANSPLANTE DE CORACAO"
0501070052,I,I,0,1571,"EXAMES PARA INCLUSÃO EM LISTA DE CANDIDATOS A TRANSPLANTE DE FIGADO"
0501070087,I,I,0,1571,"EXAMES PARA INVESTIGAÇÃO CLÍNICA NO DOADOR VIVO DE RIM, FIGADO OU PULMÃO - 1ª FASE."
0501070095,I,I,0,1571,"EXAMES PARA INVESTIGAÇÃO CLÍNICA NO DOADOR VIVO DE FIGADO-COMPLEMENTAÇÃO DA 1ª FASE."
0501070109,I,I,0,1571,"EXAMES PARA INVESTIGAÇÃO CLÍNICA NO DOADOR VIVO DE RIM- COMPLEMENTAÇÃO DA 1ª FASE."
0501070117,I,I,0,1571,"EXAMES PARA INVESTIGAÇÃO CLÍNICA NO DOADOR VIVO DE PULMÃO-COMPLEMENTAÇÃO DA 1ª FASE."
0501070125,I,I,0,1571,"EXAMES PARA INCLUSÃO EM LISTA DE CANDIDATOS A TRANSPLANTE DE PÂNCREAS"
0501070133,I,I,0,1571,"EXAMES PARA INCLUSÃO EM LISTA DE CANDIDATOS A TRANSPLANTE DE RIM"
0501070141,I,I,0,1571,"EXAMES PARA INCLUSÃO EM LISTA DE CANDIDATOS A TRANSPLANTE DE PULMÃO"
0501070150,I,I,0,851,"ECOCARDIOGRAMA PARA DOADOR DE CORAÇÃO"
0501070168,I,I,0,1571,"TESTE DE QUIMERISMO PRÉ-TRANSPLANTE ALOGÊNICO DE MEDULA ÓSSEA"
0501070176,I,I,0,1571,"TESTE DE QUIMERISMO PÓS-TRANSPLANTE ALOGÊNICO DE MEDULA ÓSSEA"
0501080015,I,I,0,1571,"BIOPSIA E EXAME ANATOMO-CITOPATOLOGICO EM PACIENTE TRANSPLANTADO"
0501080023,I,I,0,1571,"CONTAGEM DE CD4/CD3 EM PACIENTE TRANSPLANTADO"
0501080031,I,I,0,1571,"DOSAGEM DE CICLOSPORINA (EM PACIENTE TRANSPLANTADO)"
0501080040,I,I,0,1571,"DOSAGEM DE SIROLIMO (EM PACIENTE TRANSPLANTADO)"
0501080058,I,I,0,1571,"DOSAGEM DE TACROLIMO (EM PACIENTE TRANSPLANTADO)"
0501080066,I,I,0,1571,"EXAMES DE RADIOLOGIA EM PACIENTE TRANSPLANTADO"
0501080074,I,I,0,1571,"EXAMES MICROBIOLOGICOS EM PACIENTE TRANSPLANTADO"
0501080082,I,I,0,1571,"SOROLOGIA EM PACIENTE TRANSPLANTADO"
0501080090,I,I,0,1571,"ULTRASSONOGRAFIA DE ORGAO TRANSPLANTADO"
0501080104,I,I,0,1571,"DOSAGEM DE EVEROLIMO (EM PACIENTE TRANSPLANTADO)"
0502010010,I,I,24,1091,"AVALIACAO CLINICA DE MORTE ENCEFALICA EM MAIOR DE 2 ANOS"
0502010029,I,I,0,35,"AVALIAÇÃO CLINICA DE MORTE ENCEFÁLICA EM MENOR DE 2 ANOS"
0503010014,I,I,0,1091,"AÇÕES RELACIONADAS A DOAÇÃO DE ÓRGÃOS E TECIDOS PARA TRANSPLANTE"
0503010022,I,I,0,1091,"AÇÕES RELACIONADAS A DOAÇÃO DE ÓRGÃOS E TECIDOS REALIZADAS POR EQUIPE DE OUTRO ESTABELECIMENTO DE SAUDE"
0503020010,I,I,216,1571,"HEPATECTOMIA PARCIAL P/ TRANSPLANTE (DOADOR VIVO)"
0503020028,I,I,216,1571,"NEFROURETERECTOMIA UNILATERAL P/ TRANSPLANTE"
0503030015,I,I,0,1091,"MANUTENCAO HEMODINAMICA DE POSSIVEL DOADOR E TAXA DE SALA P/ RETIRADA DE ORGAOS"
0503030023,I,I,0,1091,"RETIRADA DE CORAÇÃO (PARA TRANSPLANTE)"
0503030031,I,I,0,1091,"RETIRADA DE CORACAO P/ PROCESSAMENTO DE VALVULA / TUBO VALVADO P/ TRANSPLANTE"
0503030040,I,I,0,1091,"RETIRADA DE FÍGADO (PARA TRANSPLANTE)"
0503030058,I,I,24,971,"RETIRADA DE GLOBO OCULAR UNI / BILATERAL (P/ TRANSPLANTE)"
0503030066,I,I,0,1091,"RETIRADA DE PÂNCREAS (PARA TRANSPLANTE)"
0503030074,I,I,0,1091,"RETIRADA DE PULMÕES (PARA TRANSPLANTE)"
0503030082,I,I,0,1091,"RETIRADA UNI / BILATERAL DE RIM (PARA TRANSPLANTE) - DOADOR FALECIDO"
0503030090,I,I,120,851,"RETIRADA DE TECIDO ÓSTEO -FASCIO-CONDRO- LIGAMENTOSO"
0503030104,I,I,120,911,"RETIRADA DE PELE PARA TRANSPLANTE"
0503030112,I,I,,,"CAPTAÇÃO DE MEMBRANA AMNIÓTICA"
0503040010,I,I,0,1091,"COORDENACAO DE SALA CIRURGICA P/ RETIRADA DE ORGAOS E TECIDOS P/ TRANSPLANTE"
0503040029,I,I,0,1091,"DESLOCAMENTO INTERESTADUAL DE EQUIPE PROFISSIONAL P/ RETIRADA DE ORGAOS"
0503040037,I,I,0,1091,"DESLOCAMENTO DE EQUIPE PROFISSIONAL P/ RETIRADA DE ORGAOS - INTERMUNICIPAL"
0503040045,I,I,0,1091,"DIARIA DE UNIDADE DE TERAPIA INTENSIVA DE PROVÁVEL DOADOR DE ÓRGÃOS"
0503040053,I,I,0,1091,"ENTREVISTA FAMILIAR P/ DOAÇÃO DE ORGAOS DE DOADORES EM MORTE ENCEFÁLICA"
0503040061,I,I,24,971,"ENTREVISTA FAMILIAR PARA DOAÇÃO DE TECIDOS DE DOADORES COM CORAÇÃO PARADO"
0503040088,I,I,0,1091,"CAPTAÇÃO DE ÓRGÃO EFETIVAMENTE TRANSPLANTADO"
0504010018,I,I,,,"CONTAGEM DE CELULAS ENDOTELIAIS DA CORNEA"
0504010026,I,I,0,1571,"PROCESSAMENTO DE CORNEA / ESCLERA"
0504010034,I,I,,,"SEPARACAO E AVALIACAO BIOMICROSCOPICA DA CORNEA"
0504020013,I,I,,,"PROCESSAMENTO DE TECIDO MUSCULOESQUELETICO (05-25 GR)"
0504020021,I,I,,,"PROCESSAMENTO DE TECIDO MUSCULOESQUELETICO (101-200 GR)"
0504020030,I,I,,,"PROCESSAMENTO DE TECIDO MUSCULOESQUELETICO (201-300 GR)"
0504020048,I,I,,,"PROCESSAMENTO DE TECIDO MUSCULOESQUELETICO (26-50 GR)"
0504020056,I,I,,,"PROCESSAMENTO DE TECIDO MUSCULOESQUELETICO (51-100 GR)"
0504030027,I,I,,,"PROCESSAMENTO DE VALVULA CARDIACA HUMANA"
0504040014,I,I,,,"PROCESSAMENTO DE PELE EM GLICEROL (ATÉ 1000 CM²) PARA ADULTO"
0504040022,I,I,,,"PROCESSAMENTO DE PELE EM GLICEROL ( ATÉ 500 CM²) INFANTIL"
0504050010,I,I,,,"PROCESSAMENTO DE MEMBRANA AMNIÓTICA"
0505010011,I,I,0,911,"TRANSPLANTE ALOGÊNICO DE CÉLULAS-TRONCO HEMATOPOÉTICAS DE MEDULA ÓSSEA - APARENTADO"
0505010020,I,I,0,911,"TRANSPLANTE ALOGÊNICO DE CÉLULAS-TRONCO HEMATOPOÉTICAS DE MEDULA ÓSSEA - NÃO APARENTADO"
0505010038,I,I,0,911,"TRANSPLANTE ALOGÊNICO DE CÉLULAS-TRONCO HEMATOPOÉTICAS DE SANGUE DE CORDÃO UMBILICAL DE APARENTADO"
0505010046,I,I,0,911,"TRANSPLANTE ALOGÊNICO DE CÉLULAS-TRONCO HEMATOPOÉTICAS DE SANGUE DE CORDÃO UMBILICAL DE NÃO APARENTADO"
0505010054,I,I,0,911,"TRANSPLANTE ALOGÊNICO DE CÉLULAS-TRONCO HEMATOPOÉTICAS DE SANGUE PERIFÉRICO - APARENTADO"
0505010062,I,I,0,911,"TRANSPLANTE ALOGÊNICO DE CÉLULAS-TRONCO HEMATOPOÉTICAS DE SANGUE PERIFÉRICO - NÃO APARENTADO"
0505010070,I,I,0,911,"TRANSPLANTE AUTOGENICO DE CELULAS-TRONCO HEMATOPOETICAS DE MEDULA OSSEA -"
0505010089,I,I,0,911,"TRANSPLANTE AUTOGENICO DE CELULAS-TRONCO HEMATOPOETICAS DE SANGUE PERIFERICO -"
0505010097,I,I,0,1571,"TRANSPLANTE DE CORNEA OU LAMELA"
0505010127,I,I,0,1571,"TRANSPLANTE DE ESCLERA"
0505010135,I,I,0,1571,"TRANSPLANTE DE CÓRNEA (EM CIRURGIAS COMBINADAS OU EM REOPERAÇÕES)"
0505010143,I,I,0,1571,"TRANSPLANTE DE MEMBRANA AMNIÓTICA (CURATIVO BIOLÓGICO"
0505020017,I,I,0,1571,"PARTICIPACAO DE EQUIPE NEFROLOGICA EM TRANSPLANTE RENAL DE DOADOR FALECIDO"
0505020025,I,I,0,1571,"PARTICIPACAO DE EQUIPE NEFROLOGICA EM TRANSPLANTE RENAL DE DOADOR VIVO"
0505020041,I,I,0,1571,"TRANSPLANTE DE CORACAO"
0505020050,I,I,0,1571,"TRANSPLANTE DE FIGADO (ORGAO DE DOADOR FALECIDO)"
0505020068,I,I,0,1571,"TRANSPLANTE DE FIGADO (ORGAO DE DOADOR VIVO)"
0505020076,I,I,0,1091,"TRANSPLANTE DE PANCREAS"
0505020084,I,I,0,1571,"TRANSPLANTE DE PULMAO UNILATERAL"
0505020092,I,I,0,1091,"TRANSPLANTE DE RIM (ORGAO DE DOADOR FALECIDO)"
0505020106,I,I,0,1091,"TRANSPLANTE DE RIM (ORGAO DE DOADOR VIVO)"
0505020122,I,I,0,1571,"TRANSPLANTE DE PULMÃO BILATERAL"
0505020149,I,I,0,851,"TRANSPLANTE DE INTESTINO DELGADO OU DE ÓRGÃOS MULTIVISCERAIS EM BLOCO"
0506010015,I,I,0,1571,"ACOMPANHAMENTO DE PACIENTE POS-TRANSPLANTE DE CORNEA"
0506010058,I,I,0,1091,"AVALIAÇÃO DO POSSÍVEL DOADOR FALECIDO DE ORGÃOS OU TECIDOS PARA TRANSPLANTES"
0506010066,I,I,0,1571,"ACOMPANHAMENTO DE PACIENTE POS-TRANSPLANTE DE MEDULA ÓSSEA - AUTOGÊNICO"
0506010074,I,I,0,1571,"ACOMPANHAMENTO DE PACIENTE POS-TRANSPLANTE DE MEDULA ÓSSEA - ALOGÊNICO APARENTADO"
0506010082,I,I,0,1571,"ACOMPANHAMENTO DE PACIENTE POS-TRANSPLANTE DE MEDULA ÓSSEA - ALOGÊNICO NÃO APARENTADO"
0506010090,I,I,0,1571,"ACOMPANHAMENTO DE PACIENTE POS-TRANSPLANTE DE PÂNCREAS"
0506010104,I,I,0,1571,"ACOMPANHAMENTO DE PACIENTE POS-TRANSPLANTE DE RIM"
0506010112,I,I,0,1571,"ACOMPANHAMENTO DE PACIENTE POS-TRANSPLANTE DE FÍGADO"
0506010120,I,I,0,1571,"ACOMPANHAMENTO DE PACIENTE POS-TRANSPLANTE DE PULMÃO"
0506010139,I,I,0,1571,"ACOMPANHAMENTO DE PACIENTE POS-TRANSPLANTE DE CORAÇÃO"
0506010147,I,I,216,1571,"ACOMPANHAMENTO DE DOADOR VIVO POS-DOAÇAO DE RIM"
0506010155,I,I,216,1571,"ACOMPANHAMENTO DE DOADOR VIVO POS-DOAÇAO DE FÍGADO"
0506010163,I,I,216,1571,"ACOMPANHAMENTO DE DOADOR VIVO POS-DOAÇAO DE PULMÃO"
0506010171,I,I,0,1211,"ACOMPANHAMENTO DE PACIENTES NO PRÉ TRANSPLANTE DE PÂNCREAS"
0506010180,I,I,0,1211,"ACOMPANHAMENTO DE PACIENTES NO PRÉ TRANSPLANTE DE RIM"
0506010198,I,I,0,1211,"ACOMPANHAMENTO DE PACIENTES NO PRÉ TRANSPLANTE DE FÍGADO"
0506010201,I,I,0,1211,"ACOMPANHAMENTO DE PACIENTES NO PRÉ TRANSPLANTE DE PULMÃO"
0506010210,I,I,0,1211,"ACOMPANHAMENTO DE PACIENTES NO PRÉ TRANSPLANTE DE CORAÇÃO"
0506010228,I,I,0,1331,"ACOMPANHAMENTO DE PACIENTE NO PRÉ-TRANSPLANTE DE INTESTINO DELGADO OU DE ÓRGÃOS MULTIVISCERAIS EM BLOCO"
0506010236,I,I,0,1331,"ACOMPANHAMENTO DE PACIENTE NO PÓS-TRANSPLANTE DE INTESTINO DELGADO OU DE ÓRGÃOS MULTIVISCERAIS EM BLOCO"
0506020010,I,I,0,1571,"INTERCORRENCIA POS TRANSPLANTE ALOGÊNICO DE CELULAS-TRONCO HEMATOPOÉTICAS - NAO APARENTADO (HOSPITAL DIA)"
0506020029,I,I,0,1571,"INTERCORRENCIA POS-TRANSPLANTE AUTOGENICO DE CELULAS-TRONCO HEMATOPOETICAS (HOSPITAL DIA)"
0506020037,I,I,0,1571,"TRATAMENTO DE INTERCORRENCIA POS-TRANSPLANTE ALOGENICO DE CELULAS-TRONCO HEMATOPOETICAS DE APARENTADO (HOSPITAL DIA)"
0506020045,I,I,0,1571,"TRATAMENTO DE INTERCORRÊNCIA PÓS-TRANSPLANTE DE ÓRGÃOS / CÉLULAS-TRONCO HEMATOPOÉTICAS"
0506020053,I,I,0,1571,"TRATAMENTO DE INTERCORRÊNCIA PÓS-TRANSPLANTE DE RIM - PÓS TRANSPLANTE CRÍTICO"
0506020061,I,I,0,1571,"TRATAMENTO DE INTERCORRENCIA PÓS TRANSPLANTE DE CORAÇÃO- PÓS TRANSPLANTE CRÍTICO"
0506020070,I,I,0,1571,"TRATAMENTO DE INTERCORRÊNCIA PÓS TRANSPLANTE DE PULMÃO UNI/BILATERAL - PÓS TRANSPLANTE CRÍTICO"
0506020096,I,I,0,1571,"TRATAMENTO DE INTERCORRENCIA PÓS TRANSPLANTE DE FIGADO- PÓS TRANSPLANTE CRÍTICO"
0506020100,I,I,0,1571,"TRATAMENTO DE INTERCORRENCIA PÓS TRANSPLANTE ALOGÊNICO DE CÉLULAS-TRONCO HEMATOPOÉTICAS- PÓS TRANSPLANTE CRÍTICO"
0506020118,I,I,0,1571,"TRATAMENTO DE INTERCORRENCIA PÓS TRANSPLANTE AUTOLÓGO DE CÉLULAS-TRONCO HEMATOPOÉTICAS- PÓS TRANSPLANTE CRÍTICO"
0506020134,I,I,0,1571,"TRATAMENTO DE INTERCORRENCIA PÓS TRANSPLANTE DE PÂNCREAS - PÓS TRANSPLANTE CRÍTICO"
0603010016,I,I,0,1571,"METILPREDNISOLONA 500 MG INJENTAVEL (POR AMPOLA)"
0603020011,I,I,0,1571,"CICLOSPORINA 50MG (POR CAPSULA)"
0603020020,I,I,0,1571,"CICLOSPORINA 100MG (POR CAPSULA)"
0603020038,I,I,0,1571,"CICLOSPORINA 100MG/ML SOLUCAO ORAL"
0603020046,I,I,0,1571,"CICLOSPORINA 25MG (POR CAPSULA)"
0603020054,I,I,0,1571,"CICLOSPORINA 50 MG INJETAVEL (POR FRASCO-AMPOLA)"
0603020097,I,I,0,1571,"IMUNOGLOBULINA OBTIDA/COELHO ANTITIMÓCITOS HUMANOS 25 MG INJETÁVEL (POR FRASCO-AMPOLA)"
0603030017,I,I,0,1571,"IMUNOGLOBULINA ANTI-RHO (D) (FRASCO AMPOLA DE 2 ML E 1.250 UI)"
0603030033,I,I,0,1571,"IMUNOGLOBULINA HUMANA 1,0 G INJETAVEL (POR FRASCO)"
0603040012,I,I,0,1571,"CABERGOLINA 0,5 MG (POR COMPRIMIDO)"
0603050018,I,I,0,1571,ABCIXIMABE
0603050026,I,I,0,1571,"CLORIDRATO DE TIROFIBANA"
0603050034,I,I,0,1571,"ESTREPTOQUINASE 250000 UI"
0603050042,I,I,0,1571,"ALTEPLASE 10MG INJETÁVEL ( POR FRASCO AMPOLA)"
0603050050,I,I,0,1571,"ALTEPLASE 20MG INJETÁVEL (POR FRASCO AMPOLA)"
0603050069,I,I,0,1571,"ALTEPLASE 50MG INJETÁVEL (POR FRASCO AMPOLA)"
0603050085,I,I,0,1571,"TENECTEPLASE - TNK 40 MG INJETÁVEL (POR FRASCO AMPOLA)"
0603050093,I,I,0,1571,"TENECTEPLASE-TNK 50 MG INJETÁVEL ( POR FRASCO AMPOLA)"
0603050107,I,I,0,1571,"CLOPIDOGREL 75MG (COMPRIMIDO)"
0603050115,I,I,0,1571,"TENECTEPLASE 40 MG INJETÁVEL (POR FRASCO AMPOLA) DE USO NAS URGÊNCIAS PRÉ-HOSPITALARES"
0603050123,I,I,0,1571,"TENECTEPLASE 50 MG INJETÁVEL (POR FRASCO AMPOLA) DE USO NAS URGÊNCIAS PRÉ-HOSPITALARES"
0603060013,I,I,0,1571,"SURFACTANTE FRASCO-AMPOLA"
0603070019,I,I,0,1571,"ALBUMINA HUMANA 20 POR CENTO (FRASCO-AMPOLA DE 50 ML)"
0603080014,I,I,0,1571,"BASILIXIMABE 20 MG INJETAVEL (POR FRASCO-AMPOLA) P/ TRANSPLANTE"
0603080022,I,I,0,1571,"CICLOSPORINA 10 MG P/ TRANSPLANTE (POR CAPSULA)"
0603080030,I,I,0,1571,"CICLOSPORINA 100 MG P/ TRANSPLANTE (POR CAPSULA)"
0603080049,I,I,0,1571,"CICLOSPORINA 25 MG P/ TRANSPLANTE (POR CAPSULA)"
0603080057,I,I,0,1571,"CICLOSPORINA 50 MG P/ TRANSPLANTE (POR CAPSULA)"
0603080081,I,I,0,1571,"IMUNOGLOBULINA HUMANA ANTI-HEPATITE B (POR DOSE DE 500 UI)"
0603080103,I,I,0,1571,"IMUNOGLOBULINA OBTIDA/COELHO ANTITIMÓCITOS HUMANOS 25 MG INJETÁVEL P/TRANSPLANTE (POR FRASCO-AMPOLA)"
0603080120,I,I,0,1571,"METILPREDNISOLONA 500MG INJETAVEL P/TRANSPLANTE(POR FRASCO AMPOLA)"
0603080138,I,I,0,1571,"MICOFENOLATO DE MOFETILA 500MG P/ TRANSPLANTE (POR COMPRIMIDO)"
0603080146,I,I,0,1571,"MICOFENOLATO DE SODIO 360MG P/ TRANSPLANTE (POR COMPRIMIDO)"
0603080162,I,I,0,1571,"SIROLIMO 1MG P/ TRANSPLANTE (POR DRAGEA)"
0603080170,I,I,0,1571,"SIROLIMO 1MG/ML SOLUCAO ORAL P/ TRANSPLANTE (POR FRASCO DE 60ML)"
0603080189,I,I,0,1571,"SIROLIMO 2 MG P/ TRANSPLANTE (POR DRAGEA)"
0603080197,I,I,0,1571,"TACROLIMO 0,5 MG P/TRANSPLANTE (FRASCO-AMPOLA)"
0603080200,I,I,0,1571,"TACROLIMO 1 MG P/ TRANSPLANTE (POR CAPSULA)"
0603080219,I,I,0,1571,"TACROLIMO 5 MG P/ TRANSPLANTE (POR CAPSULA)"
0603080227,I,I,0,1571,"MICOFENOLATO DE SODIO 180MG P/TRANSPLANTE (POR COMPRIMIDO)"
0603080278,I,I,0,1571,"EVEROLIMO 0,5 MG PARA TRANSPLANTE (POR COMPRIMIDO)"
0603080286,I,I,0,1571,"EVEROLIMO 0,75 MG PARA TRANSPLANTE (POR COMPRIMIDO)"
0603080294,I,I,0,1571,"EVEROLIMO 1 MG PARA TRANSPLANTE (POR COMPRIMIDO)"
0603090010,I,I,0,6,"ONASEMNOGENO ABEPARVOVEQUE SOLUÇÃO INJETÁVEL 2,0 × 10¹³ VG/ML. (POR FRASCO DE 5,5 ML)"
0603090028,I,I,0,6,"ONASEMNOGENO ABEPARVOVEQUE SOLUÇÃO INJETÁVEL 2,0 × 10¹³ VG/ML, (POR FRASCO DE 8,3 ML)"
0604010010,I,I,0,1571,"MESALAZINA 400 MG (POR COMPRIMIDO)"
0604010028,I,I,0,1571,"MESALAZINA 500 MG (POR COMPRIMIDO)"
0604010036,I,I,0,1571,"MESALAZINA 800 MG - POR COMPRIMIDO "
0604010044,I,I,0,1571,"MESALAZINA 250 MG (POR SUPOSITORIO)"
0604010052,I,I,0,1571,"MESALAZINA 500 MG (POR SUPOSITORIO)"
0604010060,I,I,0,1571,"MESALAZINA 1000 MG (POR SUPOSITORIO)"
0604010079,I,I,0,1571,"MESALAZINA 1 G + DILUENTE 100 ML (ENEMA) - POR DOSE"
0604010087,I,I,0,1571,"MESALAZINA 3 G + DILUENTE 100 ML (ENEMA) - POR DOSE"
0604010095,I,I,0,1571,"SULFASSALAZINA 500 MG (POR COMPRIMIDO)"
0604010109,I,I,216,1571,"MESALAZINA 2 G GRÂNULOS DE LIBERAÇÃO PROLONGADA (POR SACHÊ)"
0604020015,I,I,0,1571,"DEFERASIROX 125 MG (POR COMPRIMIDO) "
0604020023,I,I,0,1571,"DEFERASIROX 250 MG (POR COMPRIMIDO) "
0604020031,I,I,0,1571,"DEFERASIROX 500 MG (POR COMPRIMIDO) "
0604020040,I,I,72,1571,"DEFERIPRONA 500 MG (POR COMPRIMIDO)"
0604020058,I,I,0,1571,"DESFERROXAMINA 500 MG INJETAVEL (POR FRASCO-AMPOLA)"
0604020066,I,I,72,1571,"DEFERIPRONA 1000 MG LIBERAÇÃO MODIFICADA (POR COMPRIMIDO)"
0604030010,I,I,0,1571,"BROMOCRIPTINA 2,5 MG (POR COMPRIMIDO)"
0604030037,I,I,0,1571,"CABERGOLINA 0,5 MG (POR COMPRIMIDO)"
0604030045,I,I,0,1571,"PRAMIPEXOL 0,125 MG (POR COMPRIMIDO)"
0604030053,I,I,0,1571,"PRAMIPEXOL 0,25 MG (POR COMPRIMIDO)"
0604030061,I,I,0,1571,"PRAMIPEXOL 1 MG (POR COMPRIMIDO)"
0604040016,I,I,0,1571,"FENOTEROL 100 MCG AEROSSOL (POR FRASCO DE 200 DOSES)"
0604040024,I,I,0,1571,"FORMOTEROL 12 MCG (POR CAPSULA INALANTE)"
0604040032,I,I,0,1571,"FORMOTEROL 12 MCG PO INALANTE (POR FRASCO DE 60 DOSES)"
0604040040,I,I,0,1571,"FORMOTEROL 12 MCG + BUDESONIDA 400 MCG  (POR CAPSULA INALANTE)"
0604040059,I,I,0,1571,"FORMOTEROL 12 MCG + BUDESONIDA 400 MCG PO INALANTE (POR FRASCO DE 60 DOSES)"
0604040067,I,I,0,1571,"FORMOTEROL 6 MCG + BUDESONIDA 200 MCG PO INALANTE (POR FRASCO DE 60 DOSES)"
0604040075,I,I,0,1571,"FORMOTEROL 6MCG + BUDESONIDA 200 MCG (POR CAPSULA INALANTE)"
0604040091,I,I,0,1571,"SALMETEROL 50 MCG PO INALANTE OU AEROSSOL BUCAL (POR FRASCO DE 60 DOSES)"
0604050011,I,I,0,1571,"CODEINA 3 MG/ML SOLUCAO ORAL (POR FRASCO DE 120 ML)"
0604050020,I,I,0,1571,"CODEINA 30 MG/ML (POR AMPOLA DE 2 ML)"
0604050038,I,I,0,1571,"CODEINA 30 MG (POR COMPRIMIDO)"
0604050046,I,I,0,1571,"CODEINA 60 MG (POR COMPRIMIDO)"
0604050054,I,I,0,1571,"MORFINA 10 MG/ML (POR AMPOLA DE 1 ML)"
0604050062,I,I,0,1571,"MORFINA 10 MG/ML SOLUCAO ORAL (POR FRASCO DE 60 ML)"
0604050070,I,I,0,1571,"MORFINA 10 MG (POR COMPRIMIDO)"
0604050089,I,I,0,1571,"MORFINA 30 MG (POR COMPRIMIDO)"
0604050097,I,I,0,1571,"MORFINA DE LIBERACAO CONTROLADA 30 MG (POR CAPSULA)"
0604050100,I,I,0,1571,"MORFINA  DE LIBERACAO CONTROLADA 60 MG (POR CAPSULA)"
0604050119,I,I,0,1571,"MORFINA  DE LIBERACAO CONTROLADA 100 MG (POR CAPSULA)"
0604060017,I,I,0,23,"COMPLEMENTO ALIMENTAR P/ PACIENTE FENILCETONURICO MENOR DE 1 ANO - FORMULA DE AMINOÁCIDOS ISENTA DE FENILALANINA (POR GRAMA)"
0604060025,I,I,12,1571,"COMPLEMENTO ALIMENTAR P/ PACIENTE FENILCETONURICO MAIOR DE 1 ANO - FORMULA DE AMINOÁCIDOS ISENTA DE FENILALANINA  (POR GRAMA)"
0604070012,I,I,0,1571,"TRIEXIFENIDIL 5 MG (POR COMPRIMIDO)"
0604080018,I,I,0,1571,"CLOROQUINA 150 MG (POR COMPRIMIDO)"
0604080026,I,I,0,1571,"HIDROXICLOROQUINA 400 MG (POR COMPRIMIDO)"
0604080034,I,I,0,1571,"HIDROXICLOROQUINA 200 MG (POR COMPRIMIDO)"
0604090013,I,I,0,1571,"CICLOFOSFAMIDA 50 MG (POR DRAGEA) "
0604100019,I,I,0,1571,"DESMOPRESSINA 0,1 MG/ML APLICACAO NASAL (POR FRASCO DE 2,5 ML"
0604100027,I,I,0,1571,"DESMOPRESSINA 0,1 MG (POR COMPRIMIDO)"
0604100035,I,I,0,1571,"DESMOPRESSINA 0,2 MG (POR COMPRIMIDO)"
0604110014,I,I,0,1571,"GOSSERRELINA 3,60 MG INJETAVEL (POR SERINGA PREENCHIDA)"
0604110022,I,I,0,1571,"GOSSERRELINA 10,80 MG INJETAVEL (POR SERINGA PREENCHIDA)"
0604110030,I,I,0,1571,"LEUPRORRELINA 3,75 MG INJETAVEL (POR FRASCO-AMPOLA)"
0604110049,I,I,0,1571,"LEUPRORRELINA 11,25 MG INJETAVEL (POR FRASCO-AMPOLA)"
0604110057,I,I,0,1571,"TRIPTORRELINA 3,75 MG INJETAVEL (POR FRASCO-AMPOLA)"
0604110065,I,I,0,1571,"TRIPTORRELINA 11,25 MG INJETAVEL (POR FRASCO-AMPOLA)"
0604110073,I,I,24,1571,"TRIPTORRELINA 22,5 MG INJETÁVEL (POR FRASCO-AMPOLA)"
0604110081,I,I,24,1571,"LEUPRORRELINA 45 MG INJETÁVEL (SERINGA PREENCHIDA)"
0604120010,I,I,0,1571,"CIPROTERONA 50 MG (POR COMPRIMIDO)"
0604130015,I,I,216,1571,"CLORIDRATO DE DONEPEZILA 5 MG (POR COMPRIMIDO)"
0604130023,I,I,216,1571,"CLORIDRATO DE DONEPEZILA 10 MG (POR COMPRIMIDO)"
0604130031,I,I,480,1571,"GALANTAMINA 8 MG (POR CAPSULA DE LIBERAÇÃO PROLONGADA)"
0604130040,I,I,480,1571,"GALANTAMINA 16 MG (POR CAPSULA DE LIBERAÇÃO PROLONGADA)"
0604130058,I,I,480,1571,"GALANTAMINA 24 MG (POR CAPSULA DE LIBERAÇÃO PROLONGADA)"
0604130066,I,I,216,1571,"RIVASTIGMINA 1,5 MG (POR CAPSULA)"
0604130074,I,I,216,1571,"RIVASTIGMINA 2,0 MG/ML SOLUÇÃO ORAL (POR FRASCO DE 120 ML)"
0604130082,I,I,216,1571,"RIVASTIGMINA 3 MG (POR CAPSULA)"
0604130090,I,I,216,1571,"RIVASTIGMINA 4,5 MG (POR CAPSULA)"
0604130104,I,I,216,1571,"RIVASTIGMINA 6 MG (POR CAPSULA)"
0604130112,I,I,0,1571,"PIRIDOSTIGMINA 60 MG (POR COMPRIMIDO)"
0604130120,I,I,216,1571,"RIVASTIGMINA 9 MG ADESIVO TRANSDÉRMICO"
0604130139,I,I,216,1571,"RIVASTIGMINA 18 MG ADESIVO TRANSDÉRMICO"
0604140029,I,I,0,1571,"DANAZOL 100 MG (POR CAPSULA)"
0604140037,I,I,0,1571,"DANAZOL 200 MG (POR CAPSULA)"
0604150016,I,I,0,1571,"PRIMIDONA 100 MG (POR COMPRIMIDO)"
0604150024,I,I,0,1571,"PRIMIDONA 250 MG (POR COMPRIMIDO)"
0604160011,I,I,0,1571,"PAMIDRONATO 30 MG INJETAVEL (POR FRASCO-AMPOLA)"
0604160020,I,I,0,1571,"PAMIDRONATO 60 MG INJETAVEL (POR FRASCO-AMPOLA)"
0604160046,I,I,0,1571,"RISEDRONATO 5 MG (POR COMPRIMIDO)"
0604160054,I,I,0,1571,"RISEDRONATO 35 MG (POR COMPRIMIDO)"
0604160062,I,I,216,1571,"ÁCIDO ZOLEDRÔNICO 0,05 MG/ML(EMBALAGEM 100 ML)"
0604170017,I,I,0,1571,"HIDRÓXIDO DE ALUMÍNIO 230 MG (POR COMPRIMIDO)"
0604170025,I,I,0,1571,"HIDRÓXIDO DE ALUMÍNIO 300 MG (POR COMPRIMIDO)"
0604170033,I,I,0,1571,"HIDRÓXIDO DE ALUMÍNIO 61,5 MG/ML (SUSPENSÃO POR FRASCO DE 100 ML)"
0604170041,I,I,0,1571,"HIDRÓXIDO DE ALUMÍNIO 61,5 MG/ML (SUSPENSÃO POR FRASCO DE 150 ML)"
0604170050,I,I,0,1571,"HIDRÓXIDO DE ALUMÍNIO 61,5 MG/ML (SUSPENSÃO POR FRASCO DE 240"
0604180012,I,I,0,1571,"CLOBAZAM 10 MG (POR COMPRIMIDO)"
0604180020,I,I,0,1571,"CLOBAZAM 20 MG (POR COMPRIMIDO)"
0604190018,I,I,0,1571,"VIGABATRINA 500 MG (POR COMPRIMIDO)"
0604200013,I,I,0,1571,"AMANTADINA 100 MG (POR COMPRIMIDO)"
0604210019,I,I,0,1571,"ZIPRASIDONA 40 MG (POR CAPSULA)"
0604210027,I,I,0,1571,"ZIPRASIDONA 80 MG (POR CAPSULA)"
0604220014,I,I,0,1571,"ETOSSUXIMIDA 50 MG/ML (FRASCO DE 120 ML)"
0604230010,I,I,0,1571,"OLANZAPINA 5 MG (POR COMPRIMIDO)"
0604230028,I,I,0,1571,"OLANZAPINA 10 MG (POR COMPRIMIDO)"
0604230036,I,I,0,1571,"QUETIAPINA 25 MG (POR COMPRIMIDO)"
0604230044,I,I,0,1571,"QUETIAPINA 100 MG (POR COMPRIMIDO)"
0604230052,I,I,0,1571,"QUETIAPINA 200 MG (POR COMPRIMIDO)"
0604230060,I,I,0,1571,"QUETIAPINA 300 MG (POR COMPRIMIDO)"
0604230079,I,I,0,1571,"CLOZAPINA 25 MG (POR COMPRIMIDO)"
0604230087,I,I,0,1571,"CLOZAPINA 100 MG (POR COMPRIMIDO)"
0604240023,I,I,48,1571,"ALFATALIGLICERASE 200 U INJETÁVEL (POR FRASCO AMPOLA)"
0604240031,I,I,0,1571,"IMIGLUCERASE 400 U INJETÁVEL (POR FRASCO-AMPOLA)"
0604240058,I,I,0,1571,"ALFAVELAGLICERASE 400 U INJETAVEL (POR FRASCO AMPOLA)"
0604240066,I,I,0,1571,"LARONIDASE 0,58 MG/ML SOLUÇÃO INJETÁVEL (FRASCO DE 5 ML)"
0604240074,I,I,0,1571,"IDURSULFASE ALFA 2 MG/ML SOLUÇÃO INJETÁVEL (FRASCO DE 3 ML)"
0604240082,I,I,0,1571,"GALSULFASE 1 MG/ML SOLUÇÃO INJETÁVEL (POR FRASCO AMPOLA DE 5 ML)"
0604240090,I,I,0,1571,"ALFAELOSULFASE 1 MG/ML SOLUÇÃO INJETÁVEL (POR FRASCO AMPOLA DE 5 ML)"
0604240104,I,I,0,1571,"ALFA-ALGLICOSIDASE 50 MG PÓ LIOFILIZADO PARA SOLUÇÃO INJETÁVEL"
0604240112,I,I,0,1571,"ALFAVESTRONIDASE 10 MG SOLUÇÃO INJETÁVEL (FRASCOCOM 5ML)"
0604240120,I,I,84,1571,"ALFAGALSIDASE 1MG/ML (FRASCO AMPOLA DE 3,5 ML)"
0604250010,I,I,0,1571,"FILGRASTIM 300 MCG INJETAVEL (POR FRASCO AMPOLA OU SERINGA PREENCHIDA)"
0604250037,I,I,72,1571,"ELTROMBOPAGUE OLAMINA 25 MG (POR COMPRIMIDO)"
0604250045,I,I,72,1571,"ELTROMBOPAGUE OLAMINA 50 MG (POR COMPRIMIDO)"
0604260016,I,I,0,1571,"SACARATO DE HIDROXIDO FERRICO 100 MG INJETAVEL (POR FRASCO DE 5 ML)"
0604270011,I,I,0,1571,"BEZAFIBRATO 200 MG (POR DRÁGEA OU COMPRIMIDO)"
0604270020,I,I,0,1571,"BEZAFIBRATO 400 MG (POR COMPRIMIDO DE DESINTEGRAÇÃO LENTA)"
0604270038,I,I,0,1571,"CIPROFIBRATO 100 MG (POR COMPRIMIDO)"
0604270046,I,I,0,1571,"ETOFIBRATO 500 MG (POR CAPSULA)"
0604270054,I,I,0,1571,"FENOFIBRATO 200 MG (POR CAPSULA)"
0604270062,I,I,0,1571,"FENOFIBRATO 250 MG (POR CAPSULA DE LIBERACAO RETARDADA)"
0604270070,I,I,0,1571,"GENFIBROZILA 600 MG (COMPRIMIDO)"
0604270089,I,I,0,1571,"GENFIBROZILA 900 MG (POR COMPRIMIDO)"
0604270097,I,I,0,1571,"ÁCIDO NICOTÍNICO 250MG (POR COMPRIMIDO DE LIBERAÇÃO PROLONGADA)"
0604270100,I,I,0,1571,"ÁCIDO NICOTÍNICO 500MG (POR COMPRIMIDO DE LIBERAÇÃO PROLONGADA)"
0604270119,I,I,0,1571,"ÁCIDO NICOTÍNICO 750 MG (POR COMPRIMIDO DE LIBERAÇÃO PROLONGADA)"
0604280068,I,I,0,1571,"BUDESONIDA 200 MCG (POR CAPSULA INALANTE)"
0604280076,I,I,0,1571,"BUDESONIDA 400 MCG (POR CAPSULA INALANTE)"
0604280084,I,I,0,1571,"BUDESONIDA 200 MCG PO INALANTE OU AEROSSOL BUCAL (POR FRASCO C/ 100 DOSES)"
0604280092,I,I,0,1571,"BUDESONIDA 200 MCG PO INALANTE OU AEROSSOL BUCAL (POR FRASCO C/ 200 DOSES)"
0604280106,I,I,0,1571,"METILPREDNISOLONA 500 MG INJETAVEL (POR AMPOLA)"
0604290012,I,I,0,1571,"OCTREOTIDA  LAR 10 MG INJETAVEL (POR FRASCO-AMPOLA)"
0604290020,I,I,0,1571,"OCTREOTIDA LAR 20 MG INJETAVEL (POR FRASCO-AMPOLA)"
0604290039,I,I,0,1571,"OCTREOTIDA  LAR 30 MG INJETAVEL (POR FRASCO-AMPOLA)"
0604290047,I,I,0,1571,"OCTREOTIDA 0,1 MG/ML INJETAVEL (POR AMPOLA)"
0604290063,I,I,0,1571,"LANREOTIDA 60 MG INJETÁVEL (POR SERINGA PREENCHIDA)"
0604290071,I,I,0,1571,"LANREOTIDA 90 MG INJETÁVEL (POR SERINGA PREENCHIDA)"
0604290080,I,I,0,1571,"LANREOTIDA 120 MG INJETÁVEL (POR SERINGA PREENCHIDA)"
0604310013,I,I,0,1571,"IMUNOGLOBULINA HUMANA 0,5 G INJETAVEL (POR FRASCO)"
0604310021,I,I,0,1571,"IMUNOGLOBULINA HUMANA 1,0 G INJETAVEL (POR FRASCO)"
0604310030,I,I,0,1571,"IMUNOGLOBULINA HUMANA 2,5 G INJETAVEL (POR FRASCO)"
0604310048,I,I,0,1571,"IMUNOGLOBULINA HUMANA 3,0 G INJETAVEL (POR FRASCO)"
0604310056,I,I,0,1571,"IMUNOGLOBULINA HUMANA 5,0 G INJETAVEL (POR FRASCO)"
0604310064,I,I,0,1571,"IMUNOGLOBULINA HUMANA 6,0 G INJETAVEL (POR FRASCO)"
0604320019,I,I,0,1571,"EVEROLIMO 0,5 MG (POR COMPRIMIDO) "
0604320027,I,I,0,1571,"EVEROLIMO 0,75 MG (POR COMPRIMIDO) "
0604320035,I,I,0,1571,"EVEROLIMO 1 MG (POR COMPRIMIDO) "
0604320043,I,I,0,1571,"LEFLUNOMIDA 20 MG (POR COMPRIMIDO)"
0604320051,I,I,0,1571,"MICOFENOLATO DE MOFETILA 500 MG (POR COMPRIMIDO)"
0604320060,I,I,0,1571,"MICOFENOLATO DE SODIO 180 MG (POR COMPRIMIDO)"
0604320078,I,I,0,1571,"MICOFENOLATO DE SODIO 360 MG (POR COMPRIMIDO)"
0604320086,I,I,0,1571,"SIROLIMO 1 MG (POR DRAGEA)"
0604320094,I,I,0,1571,"SIROLIMO 2 MG (POR DRAGEA)"
0604320116,I,I,216,1571,"NATALIZUMABE 300MG (POR FRASCO-AMPOLA)"
0604320124,I,I,72,1571,"ABATACEPTE 250 MG INJETÁVEL (POR FRASCO AMPOLA)."
0604320132,I,I,120,1571,"FINGOLIMODE 0,5 MG (POR CÁPSULA)"
0604320140,I,I,216,1571,"ABATACEPTE 125 MG INJETÁVEL (POR SERINGA PREENCHIDA)"
0604320159,I,I,216,1571,"TOFACITINIBE 5 MG (POR COMPRIMIDO)"
0604320167,I,I,216,1571,"VEDOLIZUMABE 300 MG PÓ LIOFILIZADO PARA SOLUÇÃO INJETÁVEL"
0604320175,I,I,216,1571,"BARICITINIBE 2MG (POR COMPRIMIDO)"
0604320183,I,I,216,1571,"BARICITINIBE 4MG (POR COMPRIMIDO)"
0604320191,I,I,216,1571,"UPADACITINIBE 15 MG (POR COMPRIMIDO REVESTIDO DE LIBERAÇÃO PROLONGADA)"
0604320205,I,I,216,1571,"ALENTUZUMABE 10 MG/ML SOLUÇÃO INJETÁVEL (FRASCO-AMPOLA CONTENDO 1,2 ML)"
0604320213,I,I,168,1571,"ECULIZUMABE 10 MG/ML SOLUÇÃO INJETÁVEL (FRASCO COM 30 ML)"
0604320221,I,I,216,1571,"CLADRIBINA 10 MG (COMPRIMIDO)"
0604330014,I,I,0,1571,"ILOPROSTA 10 MCG/ML SOLUÇÃO PARA NEBULIZAÇÃO (AMPOLA DE 1 ML)"
0604330022,I,I,0,1571,"CLOPIDOGREL 75 MG (POR COMPRIMIDO)"
0604330030,I,I,216,1571,"SELEXIPAGUE 200 MCG (POR COMPRIMIDO)"
0604330049,I,I,216,1571,"SELEXIPAGUE 400 MCG (POR COMPRIMIDO)"
0604330057,I,I,216,1571,"SELEXIPAGUE 600 MCG (POR COMPRIMIDO)"
0604330065,I,I,216,1571,"SELEXIPAGUE 800 MCG (POR COMPRIMIDO)"
0604330073,I,I,216,1571,"SELEXIPAGUE 1000 MCG (POR COMPRIMIDO)"
0604330081,I,I,216,1571,"SELEXIPAGUE 1200 MCG (POR COMPRIMIDO)"
0604330090,I,I,216,1571,"SELEXIPAGUE 1400 MCG (POR COMPRIMIDO)"
0604330103,I,I,216,1571,"SELEXIPAGUE 1600 MCG (POR COMPRIMIDO)"
0604330111,I,I,216,1571,"SELEXIPAGUE 200 MCG(TITULAÇÃO DE DOSE) (POR COMPRIMIDO)"
0604330120,I,I,216,1571,"SELEXIPAGUE 800 MCG (TITULAÇÃO DE DOSE) ( POR COMPRIMIDO)"
0604340010,I,I,0,1571,"CICLOSPORINA 10 MG (POR CAPSULA)"
0604340028,I,I,0,1571,"CICLOSPORINA 25 MG (POR CAPSULA)"
0604340036,I,I,0,1571,"CICLOSPORINA 50 MG (POR CAPSULA)"
0604340044,I,I,0,1571,"CICLOSPORINA 100 MG (POR CAPSULA)"
0604340052,I,I,0,1571,"CICLOSPORINA 100 MG/ML SOLUCAO ORAL (POR FRASCO DE 50 ML)"
0604340060,I,I,0,1571,"TACROLIMO 1 MG (POR CAPSULA)"
0604340079,I,I,0,1571,"TACROLIMO 5 MG (POR CAPSULA)"
0604340087,I,I,24,1571,"TACROLIMO 0,3 MG/G POMADA DERMATOLÓGICA (10 G)"
0604340095,I,I,24,1571,"TACROLIMO 0,3 MG/G POMADA DERMATOLÓGICA (30 G)"
0604340109,I,I,192,1571,"TACROLIMO 1 MG/G POMADA DERMATOLÓGICA (10 G)"
0604340117,I,I,192,1571,"TACROLIMO 1 MG/G POMADA DERMATOLÓGICA (30 G)"
0604350015,I,I,0,1571,"SILDENAFILA 20 MG (POR COMPRIMIDO)"
0604350023,I,I,0,1571,"SILDENAFILA 25 MG (POR COMPRIMIDO)"
0604350031,I,I,0,1571,"SILDENAFILA 50 MG (POR COMPRIMIDO)"
0604360010,I,I,0,1571,"ATORVASTATINA 10 MG (POR COMPRIMIDO)"
0604360029,I,I,0,1571,"ATORVASTATINA 20 MG (POR COMPRIMIDO)"
0604360037,I,I,0,1571,"ATORVASTATINA 40 MG (POR COMPRIMIDO)"
0604360045,I,I,0,1571,"ATORVASTATINA 80 MG (POR COMPRIMIDO)"
0604360053,I,I,0,1571,"FLUVASTATINA 20 MG (POR CAPSULA)"
0604360061,I,I,0,1571,"FLUVASTATINA 40 MG  (POR CAPSULA)"
0604360070,I,I,0,1571,"LOVASTATINA 10 MG (POR COMPRIMIDO)"
0604360088,I,I,0,1571,"LOVASTATINA 20 MG (POR COMPRIMIDO)"
0604360096,I,I,0,1571,"LOVASTATINA 40 MG (POR COMPRIMIDO)"
0604360100,I,I,0,1571,"PRAVASTATINA 10 MG (POR COMPRIMIDO)"
0604360118,I,I,0,1571,"PRAVASTATINA 20MG (POR COMPRIMIDO)"
0604360126,I,I,0,1571,"PRAVASTATINA 40 MG (POR COMPRIMIDO)"
0604370016,I,I,0,1571,"SELEGILINA 5 MG (POR COMPRIMIDO)"
0604370024,I,I,0,1571,"SELEGILINA 10 MG (POR DRAGEA OU COMPRIMIDO)"
0604370032,I,I,0,1571,"RASAGILINA 1 MG (POR COMPRIMIDO)"
0604380011,I,I,0,1571,"ADALIMUMABE 40 MG INJETAVEL (POR SERINGA PREENCHIDA)"
0604380020,I,I,0,227,"ETANERCEPTE 25 MG INJETÁVEL (POR FRASCO-AMPOLA OU SERINGA PREENCHIDA)"
0604380038,I,I,0,1571,"ETANERCEPTE 50MG INJETAVEL (POR FRASCO-AMPOLA OU SERINGA PREENCHIDA)(ORIGINADOR)"
0604380046,I,I,0,1571,"INFLIXIMABE 10 MG/ML INJETAVEL (POR FRASCO-AMPOLA COM 10 ML)"
0604380054,I,I,0,1571,"INFLIXIMABE 10 MG/ML INJETAVEL (POR FRASCO-AMPOLA COM 10 ML)"
0604380062,I,I,72,1571,"ADALIMUMABE 40 MG INJETÁVEL (POR SERINGA PREENCHIDA)"
0604380070,I,I,216,1571,"CERTOLIZUMABE PEGOL 200 MG/ML INJETÁVEL (POR SERINGA PREENCHIDA)"
0604380089,I,I,216,1571,"GOLIMUMABE 50 MG INJETÁVEL (POR SERINGA PREENCHIDA"
0604380097,I,I,24,227,"ADALIMUMABE 40 MG INJETÁVEL (FRASCO AMPOLA)"
0604380100,I,I,216,1571,"ETANERCEPTE 50 MG INJETÁVEL (POR FRASCO-AMPOLA OU SERINGA PREENCHIDA)(BIOSSIMILAR A)"
0604380119,I,I,0,1571,"INFLIXIMABE 10 MG /ML INJETÁVEL (POR FRASCO-AMPOLA COM 10 ML) (BIOSSIMILAR A)"
0604380127,I,I,0,1571,"ADALIMUMABE 40 MG INJETÁVEL ( POR SERINGA PREENCHIDA)( BIOSSIMILAR A)"
0604380135,I,I,0,1571,"ADALIMUMABE 40 MG INJETÁVEL (POR SERINGA PREENCHIDA) (BIOSSIMILAR B)"
0604380143,I,I,0,1571,"ADALIMUMABE 40 MG INJETÁVEL (POR SERINGA PREENCHIDA) (BIOSSIMILAR C)"
0604390017,I,I,0,1571,"ALFAINTERFERONA 2B 3.000.000 UI INJETAVEL (POR FRASCO-AMPOLA)"
0604390025,I,I,0,1571,"ALFAINTERFERONA 2B 5.000.000 UI INJETAVEL (POR FRASCO-AMPOLA)"
0604390033,I,I,0,1571,"ALFAINTERFERONA 2B 10.000.000 UI INJETAVEL (POR FRASCO-AMPOLA)"
0604390084,I,I,0,1571,"BETAINTERFERONA 1A 6.000.000 UI (22 MCG) INJETAVEL (POR SERINGA PREENCHIDA)"
0604390092,I,I,0,1571,"BETAINTERFERONA 1A 6.000.000 UI (30 MCG) INJETAVEL (POR FRASCO-AMPOLA, SERINGA PREENCHIDA OU CANETA PREENCHIDA)"
0604390106,I,I,0,1571,"BETAINTERFERONA 1A 12.000.000 UI (44 MCG) INJETAVEL (POR SERINGA PREENCHIDA)"
0604390114,I,I,0,1571,"BETAINTERFERONA 1B 9.600.000 UI (300MCG) INJETAVEL (POR FRASCO-AMPOLA)"
0604400012,I,I,12,1571,"SEVELAMER 800 MG (POR COMPRIMIDO)"
0604410018,I,I,0,1571,"METADONA 5 MG (POR COMPRIMIDO)"
0604410026,I,I,0,1571,"METADONA 10 MG (POR COMPRIMIDO)"
0604410034,I,I,0,1571,"METADONA 10 MG/ML INJETAVEL (POR AMPOLA DE 1 ML)"
0604420013,I,I,0,1571,"FLUDROCORTISONA 0,1 MG (POR COMPRIMIDO)"
0604430019,I,I,0,1571,"RALOXIFENO 60 MG (POR COMPRIMIDO)"
0604440014,I,I,0,1571,"ALFADORNASE 2,5 MG (POR AMPOLA)"
0604470010,I,I,0,1571,"ALFAEPOETINA 1.000 UI INJETAVEL (POR FRASCO-AMPOLA)"
0604470029,I,I,0,1571,"ALFAEPOETINA 2.000 UI INJETAVEL (POR FRASCO-AMPOLA)"
0604470037,I,I,0,1571,"ALFAEPOETINA 3.000 UI INJETAVEL (POR FRASCO-AMPOLA)"
0604470045,I,I,0,1571,"ALFAEPOETINA 4.000 UI INJETAVEL (POR FRASCO-AMPOLA)"
0604470053,I,I,0,1571,"ALFAEPOETINA 10.000 UI INJETAVEL (POR FRASCO-AMPOLA)"
0604480016,I,I,0,1571,"HIDROXIUREIA 500 MG (POR CAPSULA)"
0604480024,I,I,0,1571,"HIDROXIUREIA 100 MG (POR COMPRIMIDO REVESTIDO)"
0604490011,I,I,0,1571,"ENTACAPONA 200 MG (POR COMPRIMIDO)"
0604490020,I,I,0,1571,"TOLCAPONA 100 MG (POR COMPRIMIDO)"
0604500017,I,I,36,1571,"GABAPENTINA 300 MG (POR CAPSULA)"
0604500025,I,I,36,1571,"GABAPENTINA 400 MG (POR CAPSULA)"
0604500033,I,I,24,1571,"LAMOTRIGINA 25 MG (POR COMPRIMIDO)"
0604500041,I,I,24,1571,"LAMOTRIGINA 50 MG (POR COMPRIMIDO)"
0604500050,I,I,24,1571,"LAMOTRIGINA 100 MG (POR COMPRIMIDO)"
0604500068,I,I,0,1571,"TOPIRAMATO 25 MG (POR COMPRIMIDO)"
0604500076,I,I,0,1571,"TOPIRAMATO 50 MG (POR COMPRIMIDO)"
0604500084,I,I,0,1571,"TOPIRAMATO 100 MG (POR COMPRIMIDO)"
0604500092,I,I,0,1571,"LEVETIRACETAM 100 MG /ML SOLUÇÃO ORAL (POR FRASCO DE 150 ML)"
0604500106,I,I,0,1571,"LEVETIRACETAM 250 MG (POR COMPRIMIDO)"
0604500114,I,I,0,1571,"LEVETIRACETAM 750 MG (POR COMPRIMIDO)"
0604500122,I,I,0,1571,"LEVETIRACETAM 100 MG/ML SOLUÇÃO ORAL (POR FRASCO DE 100 ML)"
0604500130,I,I,0,1571,"LEVETIRACETAM 500 MG (POR COMPRIMIDO)"
0604500149,I,I,0,1571,"LEVETIRACETAM 1000 MG (POR COMPRIMIDO)"
0604510012,I,I,0,1571,"RISPERIDONA 1 MG (POR COMPRIMIDO)"
0604510020,I,I,0,1571,"RISPERIDONA 2 MG (POR COMPRIMIDO)"
0604510039,I,I,0,1571,"RISPERIDONA 3 MG (POR COMPRIMIDO)"
0604510047,I,I,60,1571,"RISPERIDONA 1,0 MG/ML SOLUÇÃO ORAL (POR FRASCO DE 30 ML)"
0604520018,I,I,0,1571,"GLATIRAMER 20 MG INJETAVEL (POR SERINGA PREENCHIDA )"
0604520026,I,I,0,1571,"GLATIRÂMER 40 MG INJETÁVEL (POR SERINGA PREENCHIDA)"
0604530013,I,I,0,1571,"AZATIOPRINA 50 MG (POR COMPRIMIDO)"
0604530021,I,I,0,1571,"METOTREXATO 2,5 MG (POR COMPRIMIDO)"
0604530030,I,I,0,1571,"METOTREXATO 25 MG/ML INJETAVEL (POR AMPOLA DE 2 ML)"
0604540019,I,I,0,1571,"RILUZOL 50 MG (POR COMPRIMIDO)"
0604540027,I,I,216,1571,"FUMARATO DE DIMETILA 120 MG (POR CÁPSULA)"
0604540035,I,I,216,1571,"FUMARATO DE DIMETILA 240 MG (POR CÁPSULA)"
0604540043,I,I,216,1571,"TERIFLUNOMIDA 14 MG (POR COMPRIMIDO)"
0604540060,I,I,216,1571,"TAFAMIDIS 20 MG CÁPSULA"
0604540078,I,I,480,1571,"MEMANTINA 10 MG (POR COMPRIMIDO)"
0604540086,I,I,720,1571,"TAFAMIDIS 61 MG (POR CÁPSULA)"
0604550014,I,I,0,1571,"TOXINA BOTULINICA TIPO A 100 U INJETAVEL (POR FRASCO-AMPOLA)"
0604550022,I,I,0,1571,"TOXINA BOTULINICA TIPO A 500 U INJETAVEL (POR FRASCO-AMPOLA)"
0604560010,I,I,0,1571,"PENICILAMINA 250 MG (POR CAPSULA)"
0604570015,I,I,0,1571,"CALCITONINA 50 UI INJETAVEL (POR AMPOLA)"
0604570023,I,I,0,1571,"CALCITONINA 100 UI INJETAVEL (POR AMPOLA)"
0604570031,I,I,0,1571,"CALCITONINA 200 UI/DOSE SPRAY NASAL (POR FRASCO)"
0604580010,I,I,0,1571,"PANCREATINA 10.000 UI (POR CAPSULA)"
0604580029,I,I,0,1571,"PANCREATINA 25000 UI (POR CAPSULA)"
0604590016,I,I,0,1571,"ISOTRETINOINA 10 MG (POR CAPSULA)"
0604590024,I,I,0,1571,"ISOTRETINOINA 20 MG (POR CAPSULA)"
0604600011,I,I,0,1571,"ACITRETINA 10 MG (POR CAPSULA)"
0604600020,I,I,0,1571,"ACITRETINA 25 MG (POR CAPSULA)"
0604610017,I,I,0,1571,"SOMATROPINA 4 UI INJETÁVEL (POR FRASCO-AMPOLA)"
0604610025,I,I,0,1571,"SOMATROPINA 12 UI INJETAVEL (POR FRASCO-AMPOLA)"
0604610033,I,I,0,1571,"SOMATROPINA 16UI INJETÀVEL (POR FRASCO AMPOLA)"
0604620012,I,I,0,1571,"ALFACALCIDOL 0,25 MCG (POR CAPSULA)"
0604620020,I,I,0,1571,"ALFACALCIDOL 1,0 MCG (POR CAPSULA)"
0604620039,I,I,0,1571,"CALCITRIOL 0,25 MCG (POR CAPSULA)"
0604620047,I,I,0,1571,"CALCITRIOL 1,0 MCG INJETAVEL (POR AMPOLA)"
0604630018,I,I,216,1571,"MIGLUSTATE 100 MG (POR CAPSULA)"
0604630026,I,I,0,1571,"BIOTINA 2,5 MG CÁPSULA"
0604630034,I,I,0,1571,"ÁCIDO URSODESOXICÓLICO 50 MG (POR COMPRIMIDO)"
0604630042,I,I,0,1571,"ÁCIDO URSODESOXICÓLICO 150 MG (POR COMPRIMIDO)"
0604630050,I,I,0,1571,"ÁCIDO URSODESOXICÓLICO 300 MG (POR COMPRIMIDO)"
0604630069,I,I,120,851,"SAPROPTERINA 100 MG (POR COMPRIMIDO)"
0604630077,I,I,0,1571,"TRIENTINA 250 MG (POR CÁPSULA)"
0604650019,I,I,0,1571,"BIMATOPROSTA 0,3 MG/ML SOLUÇÃO OFTÁLMICA (POR FRASCO DE 3 ML)"
0604650027,I,I,0,1571,"LATANOPROSTA 0,05 MG/ML SOLUÇÃO OFTÁLMICA (POR FRASCO DE 2,5 ML)"
0604650035,I,I,0,1571,"TRAVOPROSTA 0,04 MG/ML SOLUÇÃO OFTÁLMICA (POR FRASCO DE 2,5 ML)"
0604660014,I,I,0,1571,"BRINZOLAMIDA 10 MG/ML SUSPENSÃO OFTÁLMICA (POR FRASCO DE 5 ML)"
0604660022,I,I,0,1571,"DORZOLAMIDA 20 MG/ML SOLUÇÃO OFTÁLMICA (POR FRASCO DE 5 ML)"
0604660030,I,I,0,1571,"ACETAZOLAMIDA 250 MG (POR COMPRIMIDO)"
0604670010,I,I,0,1571,"BRIMONIDINA 2,0 MG/ML SOLUÇÃO OFTÁLMICA (POR FRASCO DE 5 ML)"
0604680023,I,I,216,1571,"RITUXIMABE 500 MG INJETÁVEL (POR FRASCO-AMPOLA DE 50 ML) (ORIGINADOR)"
0604680031,I,I,216,1571,"RITUXIMABE 500 MG INJETÁVEL (POR FRASCO- AMPOLA DE 5O ML ) (BIOSSIMILAR A)"
0604680040,I,I,216,1571,"RITUXIMABE 500 MG INJETÁVEL (POR FRASCO AMPOLA DE 50 ML(BIOSSIMILAR B)"
0604680058,I,I,216,1571,"RITUXIMABE 100 MG INJETÁVEL (POR FRASCO-AMPOLA DE 10 ML (ORIGINADOR)"
0604680066,I,I,216,1571,"RITUXIMABE 100 MG INJETÁVEL (POR FRASCO-AMPOLA DE 10 ML (BIOSIMILAR A)"
0604680074,I,I,216,1571,"RITUXIMABE 100 MG INJETÁVEL (POR FRASCO-AMPOLA DE 10 ML) (BIOSSIMILAR B)"
0604690010,I,I,0,1571,"TOCILIZUMABE 20 MG/ML INJETAVEL (POR FRASCO-AMPOLA DE 4 ML)"
0604690029,I,I,216,1571,"SECUQUINUMABE 150 MG/ML SOLUÇÃO INJETÁVEL (POR SERINGA PREENCHIDA)"
0604690037,I,I,216,1571,"USTEQUINUMABE 45 MG/0,5ML SOLUÇÂO INJETÀVEL (POR SERINGA PREENCHIDA)"
0604690053,I,I,216,1571,"RISANQUIZUMABE 150 MG/ML CANETA APLICADORA COM 1 ML"
0604700016,I,I,0,1571,"CALCIPOTRIOL 50 MCG/G POMADA (POR BISNAGA DE 30 G)"
0604710011,I,I,0,1571,"CLOBETASOL 0,5 MG/G CREME (POR BISNAGA DE 30 G)"
0604710020,I,I,0,1571,"CLOBETASOL 0,5 MG/G SOLUÇÃO CAPILAR (POR FRASCO DE 50 G)"
0604710038,I,I,24,1571,"FUROATO DE MOMETASONA CREME OU POMADA DERMATOLÓGICA DE 1 MG/G"
0604720017,I,I,0,1571,"NAPROXENO 250 MG (POR COMPRIMIDO)"
0604720025,I,I,0,1571,"NAPROXENO 500 MG (POR COMPRIMIDO)"
0604730012,I,I,0,1571,"PILOCARPINA 20 MG/ML SOLUÇÃO OFTÁLMICA (POR FRASCO DE 10 ML)"
0604740018,I,I,0,1571,"TIMOLOL 5,0 MG/ML SOLUÇÃO OFTÁLMICA (POR FRASCO DE 5 ML)"
0604750013,I,I,216,1571,"AMBRISENTANA 5MG (POR COMPRIMIDO REVESTIDO)"
0604750021,I,I,216,1571,"AMBRISENTANA 10MG (POR COMPRIMIDO REVESTIDO)"
0604750030,I,I,0,1571,"BOSENTANA 62,5MG (POR COMPRIMIDO REVESTIDO)"
0604750048,I,I,0,1571,"BOSENTANA 125MG (POR COMRIMIDO REVESTIDO)"
0604770014,I,I,216,1571,"CINACALCETE 30 MG (POR COMPRIMIDO)"
0604770022,I,I,216,1571,"CINACALCETE 60 MG (POR COMPRIMIDO)"
0604770030,I,I,216,1571,"PARICALCITOL 5,0 MCG/ML SOLUÇÃO INJETÁVEL (AMPOLA COM 1 ML)"
0604780010,I,I,36,1571,"INSULINA ANÁLOGA DE AÇÃO RÁPIDA 100 UI/ML (TUBETES COM SISTEMAS DE APLICAÇÃO REUTILIZÁVEL)"
0604780036,I,I,12,47,"INSULINA ANÁLOGA DE AÇÃO RÁPIDA 100 UI/ML (1B)"
0604780044,I,I,12,1571,"INSULINA ANÁLOGA DE AÇÃO RÁPIDA 100 UI/ML (SISTEMA DE APLICAÇÃO DESCARTAVÉL)"
0604780052,I,I,24,1571,"INSULINA ANÁLOGA DE AÇÃO PROLONGADA DE 100 UI/ML"
0604780060,I,I,12,35,"INSULINA ANÁLOGA DE AÇÃO PROLONGADA 100 UI/ML (1B)"
0604790015,I,I,0,1571,"NUSINERSENA 2,4MG/ML SOLUÇÃO INJETÁVEL (POR FRASCO AMPOLA DE 5 ML)"
0604790023,I,I,0,1571,"RISDIPLAM 0,75 MG/ML PÓ PARA SOLUÇÂO ORAL (FRASCO 80 ML)"
0604800010,F,F,108,731,"ENOXAPARINA SÓDICA 40 MG/0,4 ML SOLUÇÃO INJETÁVEL (POR SERINGA PREENCHIDA)"
0604800029,I,I,108,731,"ENOXAPARINA SÓDICA 60 MG/0,6 ML SOLUÇÃO INJETÁVEL (POR SERINGA PREENCHIDA)"
0604810016,I,I,0,1571,"TOBRAMICINA 300MG/5 ML SOLUÇÃO INALATÓRIA (POR AMPOLA)"
0604820011,I,I,216,1571,"DAPAGLIFLOZINA 10 MG (POR COMPRIMIDO)"
0604830017,I,I,216,1571,"SACUBITRIL VALSARTANA SÓDICA HIDRATADA 50 MG (POR COMPRIMIDO)"
0604830025,I,I,216,1571,"SACUBITRIL VALSARTANA SÓDICA HIDRATADA 100 MG (POR COMPRIMIDO)"
0604830033,I,I,216,1571,"SACUBITRIL VALSARTANA SÓDICA HIDRATADA 200 MG (POR COMPRIMIDO)"
0604840012,I,I,72,1571,"OMALIZUMABE 150MG SOLUÇÃO INJETÁVEL"
0604840020,I,I,216,1571,"MEPOLIZUMABE 100 MG/ML SOLUÇÃO INJETÁVEL"
0604850018,I,I,216,1571,"BROMETO DE UMECLIDÍNIO 62,5 MCG + TRIFENATATO DE VILANTEROL 25 MCG (PÓ INALANTE)"
0604850026,I,I,216,1571,"BROMETO DE TIOTRÓPIO MONOIDRATADO 2,5 MCG + CLORIDRATO DE OLODATEROL 2,5 MCG (SOLUÇÃO PARA INALAÇÃO ORAL))"
0604850034,I,I,216,1571,"DIPROPIONATO DE BECLOMETASONA + FUMARATO DE FORMOTEROL DI-HIDRATADO + BROMETO DE GLICOPIRRÔNIO (SOLUÇÃO AEROSSOL CONTENDO 120 DOSES PARA INALAÇÃO ORAL DE 100 MCG+6MCG+12,5MCG)"
0604850042,I,I,216,1571,"FUROATO DE FLUTICASONA + BROMETO DE UMECLIDÍNIO + TRIFENATATO DE VILANTEROL (PÓ PARA INALAÇÃO ORAL CONTENDO 30 DOSES PARA INALAÇÃO ORAL DE 100 MCG + 62,5 MCG + 25 MCG)"
0604860013,I,I,72,1571,"IVACAFTOR 150 MG (POR COMPRIMIDO REVESTIDO)"
0604860021,I,I,72,1571,"ELEXACAFTOR 100 MG/TEZACAFTOR 50 MG/IVACAFTOR 75 MG + IVACAFTOR 150 MG (POR COMPRIMIDO REVESTIDO)"
0604860030,I,I,72,143,"ELEXACAFTOR 50 MG/TEZACAFTOR 25MG/IVACAFTOR 37,5 MG+IVACAFTOR 75 MG (POR COMPRIMIDO REVESTIDO)"
0604870019,I,I,12,1571,"BUROSUMABE 10 MG/MLSOLUÇÃO INJETÁVEL (FRASCO-AMPOLA)"
0604870027,I,I,12,1571,"BUROSUMABE 20 MG /ML SOLUÇÃO INJETÁVEL (FRASCO- AMPOLA)"
0604870035,I,I,12,1571,"BUROSUMABE 30 MG /ML SOLUÇÃO INJETÁVEL (FRASCO- AMPOLA)"
0604870043,F,F,216,1571,"ROMOSOZUMABE 90 MG/ML SOLUÇÃO INJETÁVEL (POR SERINGA PREENCHIDA DE 1,17 ML)"
0604880014,I,I,12,1571,"ROMIPLOSTIM 250 MCG PÓ PARA SOLUÇÃO INJETÁVEL (POR FRASCO)"
0701010010,I,I,24,1571,"ANDADOR FIXO / ARTICULADO EM ALUMÍNIO COM QUATRO PONTEIRAS."
0701010029,N,N,,,"CADEIRA DE RODAS ADULTO / INFANTIL (TIPO PADRÃO)"
0701010037,N,N,,,"CADEIRA DE RODAS PARA BANHO COM ASSENTO SANITÁRIO"
0701010045,N,N,,,"CADEIRA DE RODAS PARA TETRAPLÉGICO - TIPO PADRÃO"
0701010053,I,I,0,1571,"CALÇADOS ANATÔMICOS COM PALMILHAS PARA PÉS NEUROPÁTICOS (PAR)"
0701010061,N,N,,,"CALÇADOS ORTOPÉDICOS CONFECCIONADOS SOB MEDIDA ATÉ NÚMERO 45 (PAR)"
0701010070,N,N,,,"CALÇADOS ORTOPÉDICOS PRÉ-FABRICADOS COM PALMILHAS ATÉ NÚMERO 45 (PAR)"
0701010088,I,I,24,1571,"CALÇADOS SOB MEDIDA P/ COMPENSAÇÃO DE DISCREPÂNCIA DE MEMBROS INFERIORES A PARTIR DO NÚMERO 34"
0701010096,I,I,24,1571,"CALÇADOS SOB MEDIDA PARA COMPENSAÇÃO DE ENCURTAMENTO ATÉ NÚMERO 33 (PAR)"
0701010100,I,I,0,371,"CARRINHO DOBRÁVEL PARA TRANSPORTE DE CRIANÇA COM DEFICIÊNCIA"
0701010118,I,I,24,1571,"BENGALA CANADENSE REGULÁVEL EM ALTURA (PAR)"
0701010126,I,I,24,1571,"MULETA AXILAR REGULÁVEL DE MADEIRA (PAR)"
0701010134,I,I,24,1571,"MULETA AXILAR TUBULAR EM ALUMÍNIO REGULÁVEL NA ALTURA (PAR)"
0701010142,N,N,,,"PALMILHAS CONFECCIONADAS SOB MEDIDA (PAR)"
0701010150,N,N,,,"PALMILHAS PARA PÉS NEUROPÁTICOS CONFECCIONADAS SOB MEDIDA PARA ADULTOS OU CRIANÇAS (PAR)"
0701010169,N,N,,,"PALMILHAS PARA SUSTENTAÇÃO DOS ARCOS PLANTARES ATÉ O NÚMERO 33 (PAR)"
0701010177,N,N,,,"PALMILHAS PARA SUSTENTAÇÃO DOS ARCOS PLANTARES NÚMEROS ACIMA DE 34 (PAR)"
0701010185,I,I,0,1571,"ADAPTAÇÃO DE OPM AUXILIARES DE LOCOMOÇÃO"
0701010193,I,I,0,1571,"MANUTENÇÃO DE OPM AUXILIARES DE LOCOMOÇÃO"
0701010207,I,I,132,1571,"CADEIRA DE RODAS MONOBLOCO"
0701010215,I,I,132,1571,"CADEIRA DE RODAS (ACIMA 90KG)"
0701010223,I,I,144,1571,"CADEIRA DE RODAS MOTORIZADA ADULTO OU INFANTIL"
0701010231,I,I,0,131,"CADEIRA DE RODAS PARA BANHO EM CONCHA INFANTIL"
0701010240,N,N,,,"CADEIRA DE RODAS PARA BANHO COM ENCOSTO RECLINÁVEL"
0701010258,I,I,60,1571,"CADEIRA DE RODAS PARA BANHO COM ARO DE PROPULSÃO"
0701010266,N,N,,,"ADAPTAÇÃO DE ASSENTO PARA DEFORMIDADES DE QUADRIL"
0701010274,N,N,,,"ADAPTAÇÃO DE ENCOSTO PARA DEFORMIDADES DE TRONCO"
0701010282,N,N,,,"ADAPTAÇÃO DO APOIO DE PÉS DA CADEIRA DE RODAS"
0701010290,N,N,,,"APOIOS LATERAIS DO TRONCO EM 3 OU 4 PONTOS"
0701010304,N,N,,,"APOIOS LATERAIS DE QUADRIL PARA CADEIRA DE RODAS"
0701010312,N,N,,,"APOIO PARA ESTABILIZAÇÃO DA CABEÇA NA CADEIRA DE RODAS"
0701010320,N,N,,,"ADAPTAÇÃO DO APOIO DE BRAÇOS DA CADEIRA DE RODAS"
0701010339,N,N,,,"ADAPTAÇÃO ABDUTOR TIPO CAVALO PARA CADEIRA DE RODAS"
0701020016,N,N,,,"ÓRTESE / CINTA LSO TIPO PUTTI (BAIXA)"
0701020024,N,N,,,"ÓRTESE / CINTA TLSO TIPO PUTTI (ALTO)"
0701020032,N,N,,,"ÓRTESE / COLETE CTLSO TIPO MILWAUKEE"
0701020040,N,N,,,"ORTESE / COLETE TIPO WILLIAMS"
0701020059,N,N,,,"ÓRTESE / COLETE TLSO TIPO KNIGHT"
0701020067,N,N,,,"ÓRTESE CRUROMALEOLAR INFANTIL EM POLIPROPILENO PARA IMOBILIZAÇÃO DE JOELHO EM EXTENSÃO ARTICULADA"
0701020075,N,N,,,"ÓRTESE CRUROMALEOLAR PARA LIMITAÇÃO DOS MOVIMENTOS DO JOELHO"
0701020083,I,I,0,239,"ÓRTESE CRUROPODÁLICA COM DISTRATOR PARA GENUVALGO / GENUVARO (INFANTIL E ADOLESCENTE)"
0701020091,N,N,,,"ÓRTESE DINÂMICA PELVICO-CRURAL TIPO ATLANTA / TORONTO"
0701020105,N,N,,,"ÓRTESE DINÂMICA SUROPODÁLICA TIPO MOLA DE CODEVILLE (UNILATERAL)"
0701020113,N,N,,,"ÓRTESE ESTÁTICA IMOBILIZADORA AXILO-PALMAR TIPO AEROPLANO"
0701020121,N,N,,,"ÓRTESE GENUPODÁLICO EM POLIPROPILENO TIPO SARMIENTO"
0701020130,N,N,,,"ÓRTESE HCTO TIPO MINERVA IMOBILIZADORA CERVICAL COM APOIO TORÁCICO (COLAR)."
0701020148,I,I,144,1571,"ÓRTESE METÁLICA CRUROPODÁLICA ADULTO"
0701020156,I,I,0,155,"ÓRTESE METÁLICA CRUROPODÁLICA (INFANTIL E ADOLESCENTE)"
0701020164,N,N,,,"ÓRTESE METALICA SUROPODÁLICA (INFANTIL)"
0701020172,N,N,,,"ÓRTESE PÉLVICO-PODÁLICA DE DESCARGA ISQUIÁTICA"
0701020180,I,I,0,239,"ÓRTESE PÉLVICO-PODÁLICA METÁLICA COM OU SEM APOIO ISQUIÁTICO (INFANTIL E ADOLESCENTE)"
0701020199,I,I,228,1571,"ÓRTESE PÉLVICO-PODÁLICA METÁLICA PARA ADULTO COM OU SEM APOIO ISQUIÁTICO"
0701020202,N,N,,,"ÓRTESE RÍGIDA PARA LUXAÇÃO CONGÊNITA DO QUADRIL"
0701020210,I,I,0,155,"ÓRTESE SUROPODÁLICA ARTICULADA EM POLIPROPILENO INFANTIL"
0701020229,I,I,228,1571,"ÓRTESE SUROPODÁLICA SEM ARTICULAÇÃO EM POLIPROPILENO (ADULTO)"
0701020237,I,I,0,239,"ÓRTESE SUROPODÁLICA SEM ARTICULAÇÃO EM POLIPROPILENO (INFANTIL)"
0701020245,I,I,144,1571,"ÓRTESE SUROPODÁLICA METÁLICA (ADULTO)"
0701020253,I,I,144,1571,"ÓRTESE SUROPODÁLICA UNILATERAL ARTICULADA EM POLIPROPILENO (ADULTO)"
0701020261,N,N,,,"ÓRTESE SUSPENSÓRIO DE PAVLIK"
0701020270,N,N,,,"ÓRTESE TIPO SARMIENTO PARA ÚMERO"
0701020288,N,N,,,"ÓRTESE TLSO / COLETE TIPO BOSTON"
0701020296,N,N,,,"ÓRTESE TLSO / TIPO COLETE EM METAL TIPO JEWETT"
0701020300,N,N,,,"ÓRTESE TLSO CORRETIVA TORACO-LOMBAR EM POLIPROPILENO"
0701020318,N,N,,,"ÓRTESE TLSO TIPO COLETE / JAQUETA DE RISSER"
0701020326,N,N,,,"ÓRTESE TORÁCICA COLETE DINÂMICA DE COMPRESSÃO TORÁCICA"
0701020334,N,N,,,"PRÓTESE CANADENSE ENDOESQUELÉTICA EM ALUMÍNIO OU AÇO (DESARTICULAÇÃO DO QUADRIL)"
0701020342,N,N,,,"PRÓTESE CANADENSE EXOESQUELETICA.(DESARTICULAÇÃO DO QUADRIL)"
0701020350,N,N,,,"PRÓTESE ENDOESQUELÉTICA PARA DESARTICULAÇÃO DE JOELHO EM ALUMÍNIO OU AÇO"
0701020369,N,N,,,"PRÓTESE ENDOESQUELÉTICA TRANSFEMURAL EM ALUMÍNIO OU AÇO"
0701020377,N,N,,,"PRÓTESE ENDOESQUELÉTICA TRANSTIBIAL TIPO PTB-PTS-KBM EM ALUMÍNIO OU AÇO"
0701020385,N,N,,,"PRÓTESE EXOESQUELÉTICA PARA DESARTICULAÇÃO DO JOELHO"
0701020393,N,N,,,"PRÓTESE EXOESQUELÉTICA PASSIVA PARA DESARTICULAÇÃO DO PUNHO OU AMPUTAÇÃO TRANSRADIAL"
0701020407,N,N,,,"PRÓTESE EXOESQUELÉTICA TRANSFEMURAL"
0701020415,N,N,,,"PRÓTESE EXOESQUELÉTICA TRANSTIBIAL COM COXAL OU MANGUITO DE COXA"
0701020423,N,N,,,"PRÓTESE EXOESQUELÉTICA TRANSTIBIAL TIPO PTB-PTS-KBM"
0701020431,N,N,,,"PRÓTESE FUNCIONAL ENDOESQUELÉTICA PARA AMPUTAÇÃO TRANSUMERAL"
0701020440,N,N,,,"PRÓTESE FUNCIONAL EXOESQUELÉTICA PARA DESARTICULAÇÃO DE COTOVELO (PUNHO DE ROSCA)"
0701020458,N,N,,,"PRÓTESE FUNCIONAL EXOESQUELÉTICA PARA DESARTICULAÇÃO DE COTOVELO (PUNHO UNIVERSO)."
0701020466,N,N,,,"PRÓTESE FUNCIONAL EXOESQUELÉTICA PARA AMPUTAÇÃO TRANSRADIAL."
0701020474,N,N,,,"PRÓTESE FUNCIONAL EXOESQUELÉTICA TRANSRADIAL COM GANCHO DE DUPLA FORCA."
0701020482,N,N,,,"PRÓTESE FUNCIONAL EXOESQUELÉTICA TRANSRADIAL COTO CURTO."
0701020490,N,N,,,"PRÓTESE FUNCIONAL EXOESQUELÉTICA TRANSRADIAL P/ PUNHO DE TROCA RÁPIDA COM GANCHO DE DUPLA FORCA"
0701020504,N,N,,,"PRÓTESE FUNCIONAL EXOESQUELÉTICA TRANSUMERAL"
0701020512,I,I,192,1571,"PRÓTESE MAMÁRIA"
0701020520,N,N,,,"PRÓTESE PARA AMPUTAÇÃO TIPO CHOPART"
0701020539,N,N,,,"PRÓTESE PASSIVA ENDOESQUELÉTICA PARA DESARTICULAÇÃO DE OMBRO E ESCAPULECTOMIA PARCIAL OU TOTAL"
0701020547,N,N,,,"PRÓTESE PASSIVA ENDOESQUELETICA TRANSUMERAL"
0701020555,N,N,,,"PRÓTESE PASSIVA PARA AMPUTAÇÃO PARCIAL DA MÃO"
0701020563,I,I,24,1571,"PRÓTESE TIPO PALMILHA PARA AMPUTAÇÃO EM NÍVEL DO ANTE PÉ"
0701020571,I,I,0,1571,"ADAPTAÇÃO DE OPM ORTOPÉDICA"
0701020580,I,I,0,1571,"MANUTENÇÃO DE OPM ORTOPÉDICA"
0701020598,N,N,,,"MATERIAIS ELÁSTICOS PARA MODELAGEM DE COTOS, CONTROLE CICATRICIAL OU CONTROLE DE EDEMA DE MEMBROS SUPERIORES E INFERIORES  FAIXA ELÁSTICA COMPRESSIVA."
0701020601,I,I,144,1571,"TÁBUA (PRANCHA) PARA TRANSFERÊNCIA"
0701020610,I,I,144,1571,"CINTA PARA TRANSFERÊNCIAS"
0701020628,I,I,144,1571,"ALMOFADA DE ASSENTO PARA PREVENÇÃO DE ÚLCERAS DE PRESSÃO EM CÉLULAS DE AR"
0701020636,I,I,144,1571,"ALMOFADA DE ASSENTO PARA CADEIRA DE RODAS PARA PREVENÇÃO DE ÚLCERAS DE PRESSÃO - SIMPLES"
0701020644,N,N,,,"MESA DE ATIVIDADES PARA CADEIRA DE RODAS (TÁBUA MESA)"
0701020652,I,I,144,1571,"BENGALA DE 4 PONTAS"
0701030011,N,N,,,"APARELHO DE AMPLIFICAÇÃO SONORA INDIVIDUAL (AASI) EXTERNO DE CONDUÇÃO ÓSSEA CONVENCIONAL TIPO A"
0701030020,N,N,,,"APARELHO DE AMPLIFICAÇÃO SONORA INDIVIDUAL (AASI) EXTERNO DE CONDUÇÃO ÓSSEA RETROAURICULAR TIPO A"
0701030038,N,N,,,"APARELHO DE AMPLIFICAÇÃO SONORA INDIVIDUAL (AASI) EXTERNO INTRA-AURICULAR TIPO A"
0701030046,N,N,,,"APARELHO DE AMPLIFICAÇÃO SONORA INDIVIDUAL (AASI) EXTERNO INTRA-AURICULAR TIPO B"
0701030054,N,N,,,"APARELHO DE AMPLIFICAÇÃO SONORA INDIVIDUAL (AASI) EXTERNO INTRA-AURICULAR TIPO C"
0701030062,N,N,,,"APARELHO DE AMPLIFICAÇÃO SONORA INDIVIDUAL (AASI) EXTERNO INTRACANAL TIPO A"
0701030070,N,N,,,"APARELHO DE AMPLIFICAÇÃO SONORA INDIVIDUAL (AASI) EXTERNO INTRACANAL TIPO B"
0701030089,N,N,,,"APARELHO DE AMPLIFICAÇÃO SONORA INDIVIDUAL (AASI) EXTERNO INTRACANAL TIPO C"
0701030097,N,N,,,"APARELHO DE AMPLIFICAÇÃO SONORA INDIVIDUAL (AASI) EXTERNO MICROCANAL TIPO A"
0701030100,N,N,,,"APARELHO DE AMPLIFICAÇÃO SONORA INDIVIDUAL (AASI) EXTERNO MICROCANAL TIPO B"
0701030119,N,N,,,"APARELHO DE AMPLIFICAÇÃO SONORA INDIVIDUAL (AASI) EXTERNO MICROCANAL TIPO C"
0701030127,N,N,,,"APARELHO DE AMPLIFICAÇÃO SONORA INDIVIDUAL (AASI) EXTERNO RETRO-AURICULAR TIPO A"
0701030135,N,N,,,"APARELHO DE AMPLIFICAÇÃO SONORA INDIVIDUAL (AASI) EXTERNO RETRO-AURICULAR TIPO B"
0701030143,I,I,0,1571,"APARELHO DE AMPLIFICAÇÃO SONORA INDIVIDUAL (AASI) EXTERNO RETRO-AURICULAR TIPO C"
0701030151,N,N,,,"MOLDE AURICULAR (REPOSIÇÃO)"
0701030160,N,N,,,"REPOSIÇÃO DE AASI EXTERNO DE CONDUÇÃO ÓSSEA CONVENCIONAL TIPO A"
0701030178,N,N,,,"REPOSIÇÃO DE AASI EXTERNO DE CONDUÇÃO ÓSSEA RETROAURICULAR TIPO A"
0701030186,N,N,,,"REPOSIÇÃO DE AASI EXTERNO INTRA-AURICULAR TIPO A"
0701030194,N,N,,,"REPOSIÇÃO DE AASI EXTERNO INTRA-AURICULAR TIPO B"
0701030208,N,N,,,"REPOSIÇÃO DE AASI EXTERNO INTRA-AURICULAR TIPO C"
0701030216,N,N,,,"REPOSIÇÃO DE AASI EXTERNO INTRA-CANAL TIPO A"
0701030224,N,N,,,"REPOSIÇÃO DE AASI EXTERNO INTRA-CANAL TIPO B"
0701030232,N,N,,,"REPOSIÇÃO DE AASI EXTERNO INTRA-CANAL TIPO C"
0701030240,N,N,,,"REPOSIÇÃO DE AASI EXTERNO MICRO-CANAL TIPO A"
0701030259,N,N,,,"REPOSIÇÃO DE AASI EXTERNO MICRO-CANAL TIPO B"
0701030267,N,N,,,"REPOSIÇÃO DE AASI EXTERNO MICRO-CANAL TIPO C"
0701030275,N,N,,,"REPOSIÇÃO DE AASI EXTERNO RETROAURICULAR TIPO A"
0701030283,N,N,,,"REPOSIÇÃO DE AASI EXTERNO RETROAURICULAR TIPO B"
0701030291,N,N,,,"REPOSIÇÃO DE AASI EXTERNO RETROAURICULAR TIPO C"
0701030305,I,I,0,1571,"MANUTENÇÃO/ ADAPTAÇÃO DE OPM AUDITIVA"
0701030321,I,I,0,1571,"SISTEMA DE FREQUENCIA MODULADA PESSOAL"
0701030330,I,I,,,"ÁUDIO PROCESSADOR DA PRÓTESE AUDITIVA ANCORADA NO OSSO"
0701030348,I,I,,,"TROCA DO PROCESSADOR DE FALA P/ IMPLANTE COCLEAR MULTICANAL"
0701030356,I,I,228,1571,"LARINGE ELETRÔNICA PARA REABILITAÇÃO VOCAL"
0701040017,I,I,36,1571,"BENGALA ARTICULADA"
0701040025,N,N,,,"LENTE ESCLERAL PINTADA"
0701040033,I,I,36,1571,"LUPA DE APOIO COM OU SEM ILUMINAÇÃO"
0701040041,I,I,36,1571,"LUPA MANUAL COM OU SEM ILUMINAÇÃO"
0701040050,N,N,,,"ÓCULOS COM LENTES CORRETIVAS IGUAIS / MAIORES QUE 0,5 DIOPTRIAS"
0701040068,N,N,,,"PRÓTESE OCULAR"
0701040092,I,I,0,1571,"ÓCULOS COM LENTE FILTRANTE PARA ALBINOS"
0701040106,I,I,48,1571,"SISTEMAS TELESCÓPICOS BINOCULARES MONTADOS EM ARMAÇÃO COM FOCO AJUSTÁVEL"
0701040114,I,I,48,1571,"SISTEMAS TELESCÓPICOS MANUAL MONOCULAR COM FOCO AJUSTÁVEL"
0701040122,I,I,0,1571,"ÓCULOS COM LENTES ASFÉRICAS POSITIVAS"
0701040130,I,I,0,1571,"ÓCULOS COM LENTES ESFERO PRISMÁTICAS"
0701040149,I,I,0,1571,"ADAPTAÇÃO DE OPM OFTALMOLÓGICA"
0701040157,I,I,0,1571,"MANUTENÇÃO DE OPM OFTALMOLÓGICA"
0701050012,N,N,,,"BOLSA DE COLOSTOMIA FECHADA COM ADESIVO MICROPOROSO"
0701050020,N,N,,,"BOLSA DE COLOSTOMIA COM ADESIVO MICROPORO DRENAVEL"
0701050047,N,N,,,"CONJUNTO DE PLACA E BOLSA PARA OSTOMA INTESTINAL"
0701060018,N,N,,,"BARREIRAS PROTETORAS DE PELE SINTÉTICA E/OU MISTA EM FORMA DE PÓ / PASTA E/OU PLACA"
0701060026,N,N,,,"BOLSA COLETORA P/ UROSTOMIZADOS"
0701060034,N,N,,,"COLETOR URINÁRIO DE PERNA OU DE CAMA"
0701060042,I,I,0,1571,"CONJUNTO DE PLACA E BOLSA PARA UROSTOMIZADOS"
0701070013,I,I,96,1571,"APARELHO FIXO BILATERAL PARA FECHAMENTO DE DIASTEMA"
0701070021,I,I,60,1571,"APARELHO ORTOPÉDICO E ORTODÔNTICO REMOVÍVEL"
0701070030,I,I,72,1571,"APARELHO P/ BLOQUEIO MAXILO-MANDIBULAR"
0701070048,N,N,,,"COROA DE ACO E POLICARBOXILATO"
0701070056,N,N,,,"COROA PROVISORIA"
0701070064,I,I,24,1571,"MANTENEDOR DE ESPAÇO"
0701070072,I,I,144,1571,"PLACA OCLUSAL"
0701070080,I,I,48,1571,"PLANO INCLINADO"
0701070099,I,I,180,1571,"PROTESE PARCIAL MANDIBULAR REMOVIVEL"
0701070102,I,I,180,1571,"PROTESE PARCIAL MAXILAR REMOVIVEL"
0701070110,I,I,144,1571,"PROTESE TEMPORARIA"
0701070129,I,I,180,1571,"PROTESE TOTAL MANDIBULAR"
0701070137,I,I,180,1571,"PROTESE TOTAL MAXILAR"
0701070145,N,N,,,"PROTESES CORONARIAS / INTRA-RADICULARES FIXAS / ADESIVAS (POR ELEMENTO)"
0701070153,I,I,120,1571,"PRÓTESE DENTÁRIA SOBRE IMPLANTE"
0701070161,N,N,,,"APARELHO ORTOPÉDICO FIXO"
0701070170,N,N,,,"APARELHO ORTODÔNTICO FIXO"
0701070188,I,I,180,1571,"PRÓTESE TOTAL MAXILAR EM FLUXO DIGITAL"
0701070196,I,I,180,1571,"PRÓTESE TOTAL MANDIBULAR EM FLUXO DIGITAL"
0701070200,I,I,180,1571,"PRÓTESE PARCIAL MAXILAR REMOVÍVEL EM FLUXO DIGITAL"
0701070218,I,I,180,1571,"PRÓTESE PARCIAL MANDIBULAR REMOVÍVEL EM FLUXO DIGITAL"
0701070226,I,I,180,1571,"PRÓTESE PARCIAL REMOVÍVEL TEMPORÁRIA EM FLUXO DIGITAL"
0701070234,I,I,180,1571,"PRÓTESES CORONÁRIAS/INTRARRADICULARES FIXAS/ADESIVAS/SOBRE IMPLANTE (POR ELEMENTO) EM FLUXO DIGITAL"
0701070242,I,I,180,1571,"PRÓTESE PARCIAL FIXA, PROTOCOLO E OVERDENTURE SOBRE IMPLANTE EM FLUXO DIGITAL (POR ARCADA"
0701070250,I,I,180,1571,"PLACA OCLUSAL EM FLUXO DIGITAL"
0701080027,N,N,,,"PRÓTESE AURICULAR"
0701080043,I,I,180,1571,"PRÓTESE FIXA EM PACIENTE COM ANOMALIA CRÂNIO E BUCOMAXILOFACIAL"
0701080051,N,N,,,"PRÓTESE PARA GRANDE PERDA MAXILAR"
0701080060,N,N,,,"PRÓTESE LABIAL"
0701080078,N,N,,,"PRÓTESE NASAL"
0701080086,N,N,,,"PRÓTESE ÓCULO-PALPEBRAL"
0701080094,I,I,180,1571,"PRÓTESE REMOVÍVEL EM PACIENTES COM ANOMALIAS CRÂNIO E BUCOMAXILOFACIAL"
0701080116,I,I,12,1571,"PRÓTESE MANDIBULAR"
0701080124,I,I,12,1571,"PRÓTESE PARA GRANDES PERDAS MAXILARES"
0701080132,I,I,72,1571,"PRÓTESE AURICULAR IMPLANTO SUPORTADA"
0701080140,N,N,,,"PRÓTESE EXTENSA DA FACE (2/3 DA FACE)"
0701080159,N,N,,,"PRÓTESE PARA GRANDE PERDA MAXILAR IMPLANTO SUPORTADA"
0701080167,N,N,,,"PRÓTESE LABIAL IMPLANTO SUPORTADA"
0701080175,N,N,,,"PRÓTESE NASAL IMPLANTO SUPORTADA"
0701080183,N,N,,,"PRÓTESE ÓCULO-PALPEBRAL IMPLANTO SUPORTADA"
0701080191,N,N,,,"PRÓTESE OBTURADORA PALATOFARINGEANA IMPLANTO SUPORTADA"
0701090014,N,N,,,"ÓRTESE HCO TIPO PHILADELPHIA PARA IMOBILIZAÇÃO DA REGIÃO CERVICAL"
0701090022,N,N,,,"SUBSTITUICAO DE ESPUMA E MEIA COSMETICA EM PROTESE ENDOESQUELETICA TRANSFEMURAL"
0701090030,N,N,,,"SUBSTITUICAO DE ESPUMA E MEIA COSMETICA EM PROTESE TRANSTIBIAL ENDOESQUELETICA."
0701090049,N,N,,,"SUBSTITUICAO DE ESPUMA E MEIA EM PROTESE ENDOESQUELETICA TRANSUMERAL"
0701090057,N,N,,,"SUBSTITUICAO DE LUVA COSMETICA P/ MAOS PROTETICAS"
0701090065,N,N,,,"SUBSTITUIÇÃO DE PÉ DE ADAPTAÇÃO DINÂMICA."
0701090073,N,N,,,"SUBSTITUIÇÃO DE PÉ SACH / ARTICULADO."
0701090081,N,N,,,"SUBSTITUIÇÃO DO ENCAIXE INTERNO FLEXÍVEL PARA PRÓTESE TRANSTIBIAL EXOESQUELETICA / ENDOESQUELETICA."
0701090090,N,N,,,"SUBSTITUIÇÃO/TROCA DO ENCAIXE PARA PRÓTESE TRANSFEMURAL ENDOESQUELETICA / EXOESQUELETICA."
0701090103,N,N,,,"SUBSTITUIÇÃO/TROCA DO CABO DE CONEXÃO DA PRÓTESE DE IMPLANTE COCLEAR"
0701090111,N,N,,,"SUBSTITUIÇÃO/TROCA DO COMPARTIMENTO/GAVETA DE BATERIAS DA PRÓTESE DE IMPLANTE COCLEAR"
0701090120,N,N,,,"CONSERTO DO COMPARTIMENTO/GAVETA DE BATERIAS DA PRÓTESE DE IMPLANTE COCLEAR"
0701090138,N,N,,,"SUBSTITUIÇÃO/TROCA DA ANTENA DA PRÓTESE DE IMPLANTE COCLEAR"
0701090146,N,N,,,"CONSERTO DA ANTENA DA PRÓTESE DE IMPLANTE COCLEAR"
0701090154,N,N,,,"SUBSTITUIÇÃO/TROCA DAS BATERIAS RECARREGÁVEIS DA PRÓTESE DE IMPLANTE COCLEAR"
0701090162,I,I,0,1571,"SUBSTITUIÇÃO/TROCA DO CONTROLE REMOTO DA PRÓTESE DE IMPLANTE COCLEAR"
0701090170,N,N,,,"CONSERTO DO CONTROLE REMOTO DA PRÓTESE DE IMPLANTE COCLEAR"
0701090189,N,N,,,"SUBSTITUIÇÃO/TROCA DO IMÃ DA ANTENA DA PRÓTESE DE IMPLANTE COCLEAR"
0701090197,N,N,,,"SUBSTITUIÇÃO/TROCA DO CARREGADOR DE BATERIA RECARREGÁVEL DA PRÓTESE DE IMPLANTE COCLEAR"
0701090200,N,N,,,"SUBSTITUIÇÃO/TROCA DO GANCHO DA PRÓTESE DE IMPLANTE COCLEAR"
0701090219,N,N,,,"SUBSTITUIÇÃO/TROCA DO GANCHO COM MICROFONE DA PRÓTESE DE IMPLANTE COCLEAR"
0701090227,I,I,0,1571,"SUBSTITUIÇÃO/TROCA DO DESUMIDIFICADOR DA PRÓTESE DE IMPLANTE COCLEAR"
0701090235,N,N,,,"CONSERTO DO PROCESSADOR DE FALA DA PRÓTESE DE IMPLANTE COCLEAR"
0701100010,N,N,,,"MALHA COMPRESSIVA P/ TRATAMENTO SEQUENCIAL DE QUEIMADOS - LUVA C/ E S/ DEDOS ATE O PULSO"
0701100028,N,N,,,"MALHA COMPRESSIVA P/ TRATAMENTO SEQUENCIAL DE QUEIMADOS (MEIA ATE VIRILHA OU JOELHO)"
0701100036,N,N,,,"MALHA COMPRESSIVA P/ TRATAMENTO SEQUENCIAL DE QUEIMADOS (MEIO CANO OU CANO P E B) -(PECA)"
0701100044,N,N,,,"MALHA COMPRESSIVA P/ TRATAMENTO SEQUENCIAL DE QUEIMADOS - LUVA C/ E S/ DEDOS ATE O OMBRO"
0701100052,N,N,,,"MALHA COMPRESSIVA P/ TRATAMENTO SEQUENCIAL DE QUEIMADOS - MEIA (3/4) - PECA"
0701100060,N,N,,,"MALHA COMPRESSIVA P/ TRATAMENTO SEQUENCIAL DE QUEIMADOS - MEIA- PERNA INTEIRA (PECA)"
0701100079,N,N,,,"MALHA COMPRESSIVA P/ TRATAMENTO SEQUENCIAL DE QUEIMADOS - MEIA-CALCA COMPLETA (PECA)"
0701100087,N,N,,,"MALHA COMPRESSIVA P/ TRATAMENTO SEQUENCIAL DE QUEIMADOS - TORAX C/ MANGAS (PECA)"
0701100095,N,N,,,"MALHA COMPRESSIVA P/ TRATAMENTO SEQUENCIAL DE QUEIMADOS - TORAX S/ MANGAS (PECA)"
0701100109,N,N,,,"MALHA COMPRESSIVA P/ TRATAMENTO SEQUENCIAL DE QUEIMADOS PARA CABECA E PESCOCO"
0702010014,I,I,,,"BALAO DESTACAVEL"
0702010022,I,I,,,"BOMBA IMPLANTAVEL DE INFUSAO DE FARMACOS NO SISTEMA NERVOSO CENTRAL"
0702010030,I,I,,,"CATETER ATRIAL / PERITONEAL"
0702010049,I,I,,,"CATETER GUIA CALIBRE 6F A 8F"
0702010057,I,I,,,"CATETER VENTRICULAR C/ RESERVATORIO"
0702010065,I,I,,,"CATETER VENTRICULAR ISOLADO"
0702010081,I,I,,,"CONECTOR EM Y / RETO"
0702010090,I,I,,,"CONJUNTO DE CATETER DE DRENAGEM EXTERNA E/OU MPIC"
0702010103,I,I,,,"CONJUNTO DE ELETRODO E EXTENSAO P/ ESTIMULACAO CEREBRAL"
0702010111,I,I,,,"CONJUNTO P/ HIDROCEFALIA DE BAIXO PERFIL"
0702010120,I,I,,,"CONJUNTO PADRAO P/ HIDROCEFALIA"
0702010138,I,I,,,"ESPIRAIS DE PLATINA"
0702010154,I,I,,,"GERADOR P/ ESTIMULACAO CEREBRAL"
0702010162,I,I,,,"INTRODUTOR 6FA 8F"
0702010170,I,I,,,"MICRO CATETER FLUXO DEPENDENTE"
0702010189,I,I,,,"MICRO CATETER P/ BALAO"
0702010197,I,I,,,"MICROBALAO DE REMODELAGEM"
0702010200,I,I,,,"SHUNT LOMBO-PERITONAL"
0702010219,I,I,,,"VALVULA PARA HIDROCEFALIA"
0702010227,I,I,,,"CLIP TEMPORÁRIO"
0702010235,I,I,,,"CLIP DE TITÂNIO PARA NEUROCIRURGIA"
0702010251,I,I,,,"RESERVATÓRIO COM CATETER PARA INFUSÃO DE FÁRMACOS"
0702020028,I,I,12,1571,"GOTEIRAS DENTAIS"
0702020036,I,I,24,1571,"GUIA SAGITAL"
0702020044,I,I,12,1571,"PLACA DE CONTENÇÃO"
0702020214,N,N,,,"FIXADOR DINÂMICO PARA MANDÍBULA"
0702020222,I,I,,,"SISTEMA PARA DISTRAÇÃO OSTEOGÊNICA MANDIBULAR"
0702030023,I,I,,,ANCORA
0702030031,I,I,,,"ARRUELA DENTEADA"
0702030040,I,I,,,"ARRUELA LISA"
0702030058,I,I,,,"ARRUELAS DE TITANIO PARA CIRURGIA DA COLUNA"
0702030066,I,I,,,"BARRA SACRAL"
0702030074,I,I,,,"CENTRALIZADOR PARA COMPONENTE FEMORAL CIMENTADO MODULAR"
0702030082,I,I,,,"CIMENTO C/ ANTIBIOTICO"
0702030090,I,I,,,"COMPONENTE ACETABULAR DE POLIETILENO CIMENTADO PRIMARIO / REVISAO"
0702030104,I,I,,,"COMPONENTE ACETABULAR METÁLICO DE FIXAÇÃO BIOLÓGICA PRIMÁRIA / REVISÃO"
0702030112,I,I,,,"COMPONENTE CEFALICO"
0702030120,I,I,,,"COMPONENTE CEFALICO / POLIETILENO / METAL P/ HEMIARTROPLASTIA BIPOLAR / METALICO P/ HEMIARTROPLASIA MONOPOLAR"
0702030139,I,I,,,"COMPONENTE CEFÁLICO PARA ARTROPLASTIA TOTAL DO QUADRIL (INCLUI PRÓTESE)"
0702030147,I,I,,,"COMPONENTE DE AUMENTO TIBIAL P/ REVISÃO DE PRÓTESE TOTAL DE JOELHO"
0702030155,I,I,,,"COMPONENTE DE AUMENTO FEMURAL P/ REVISÃO DE PRÓTESE TOTAL DE JOELHO"
0702030163,I,I,,,"COMPONENTE FEMORAL CIMENTADO MODULAR PRIMARIO"
0702030171,I,I,,,"COMPONENTE FEMORAL CIMENTADO MONOBLOCO TIPO CHARNLEY"
0702030180,I,I,,,"COMPONENTE FEMORAL DE REVISAO CIMENTADO / FIXACAO BIOLOGICA"
0702030198,I,I,,,"COMPONENTE FEMORAL MODULAR DE REVISAO CIMENTADA P/ ENXERTO IMPACTADO"
0702030201,I,I,,,"COMPONENTE FEMORAL MODULAR DE REVISAO NAO CIMENTADA P/ REVESTIMENTO TOTAL"
0702030210,I,I,,,"COMPONENTE FEMORAL NAO CIMENTADO MODULAR PRIMARIO"
0702030228,I,I,,,"COMPONENTE FEMORAL PRIMARIO CIMENTADO / FIXACAO BIOLOGICA"
0702030236,I,I,,,"COMPONENTE GLENOIDAL"
0702030244,I,I,,,"COMPONENTE PATELAR CIMENTADO / FIXACAO BIOLOGICA"
0702030252,I,I,,,"COMPONENTE TIBIAL DE REVISAO DE POLIETILENO"
0702030260,I,I,,,"COMPONENTE TIBIAL DE REVISAO METALICO CIMENTADO / FIXACAO BIOLOGICA EM CUNHA"
0702030279,I,I,,,"COMPONENTE TIBIAL PRIMARIO DE POLIETILENO"
0702030287,I,I,,,"COMPONENTE TIBIAL PRIMARIO METALICO CIMENTADO / FIXACAO BIOLOGICA"
0702030295,I,I,,,"COMPONENTE UMERAL CIMENTADO / FIXACAO BIOLOGICA"
0702030309,I,I,,,"COMPONENTE UMERAL CIMENTADO / FIXACAO BIOLOGICA DE REVISAO"
0702030317,I,I,,,"DISPOSITIVO ANTI-PROTRUSAO C/ ORIFICIOS P/ PARAFUSOS"
0702030325,I,I,,,"FIO OLIVADO P/ FIXADOR EXTERNO"
0702030333,I,I,,,"FIO TIPO STEINMAN ROSQUEADO"
0702030341,I,I,,,"FITA PARA RECONSTRUCAO LIGAMENTAR"
0702030350,I,I,,,"FIXADOR EXTERNO C/ SISTEMA DE ALONGAMENTO MONOFOCAL"
0702030368,I,I,,,"FIXADOR EXTERNO C/ SISTEMA DE CORRECAO ANGULAR E/OU ROTACIONAL"
0702030376,I,I,,,"FIXADOR EXTERNO C/ SISTEMA DE PEQUENOS FRAGMENTOS C/ SISTEMA DE CORRECAO ANGULAR"
0702030384,I,I,,,"FIXADOR EXTERNO CIRCULAR / SEMI-CIRCULAR"
0702030392,I,I,,,"FIXADOR EXTERNO HIBRIDO"
0702030406,I,I,,,"FIXADOR EXTERNO LINEAR"
0702030414,I,I,,,"FIXADOR EXTERNO P/ PUNHO"
0702030422,I,I,,,"FIXADOR EXTERNO TIPO PLATAFORMA - SISTEMA DE ALONGAMENTO / TRANSPLANTE OSSEO"
0702030430,I,I,,,"FIXADOR PELVICO"
0702030449,I,I,,,GRAMPO
0702030457,I,I,,,"HALO CRANIANO"
0702030465,I,I,,,"HASTE DE ENDER"
0702030473,I,I,,,"HASTE DE RUSH"
0702030481,I,I,,,"HASTE FEMORAL CURTA C/ BLOQUEIO CEFALICO (INCLUI PARAFUSOS)"
0702030490,I,I,,,"HASTE FEMORAL LONGA C/ BLOQUEIO CEFALICO (INCLUI PARAFUSOS)"
0702030503,I,I,,,"HASTE FEMORAL P/ REVISAO DE PROTESE TOTAL DO JOELHO"
0702030511,I,I,,,"HASTE INTRAMEDULAR BLOQUEADA DE FEMUR (INCLUI PARAFUSOS)"
0702030520,I,I,,,"HASTE INTRAMEDULAR BLOQUEADA DE TIBIA (INCLUI PARAFUSOS)"
0702030538,I,I,,,"HASTE INTRAMEDULAR BLOQUEADA DE UMERO (INCLUI PARAFUSOS)"
0702030546,I,I,,,"HASTE INTRAMEDULAR FLEXIVEL P/ USO INFANTIL"
0702030554,I,I,,,"HASTE INTRAMEDULAR NAO BLOQUEADA"
0702030562,I,I,,,"HASTE INTRAMEDULAR RETROGRADA (INCLUI PARAFUSOS)"
0702030570,I,I,,,"HASTE INTRAMEDULAR TIBIO-TARSICA"
0702030589,I,I,,,"HASTE TIBIAL P/ REVISAO DE PROTESE TOTAL DO JOELHO"
0702030597,I,I,,,"COMPONENTE ACETABULAR DE POLIETILENO P/ COMPONENTE METALICO PRIMARIO / DE REVISAO DE FIXACAO BIOLOGICA"
0702030600,I,I,,,"MINI-FIXADOR EXTERNO"
0702030619,I,I,,,"MINI-PARAFUSO DE AUTO-COMPRESSAO"
0702030627,I,I,,,"PARAFUSO CANULADO 3,5 MM"
0702030635,I,I,,,"PARAFUSO CANULADO 4,5 MM"
0702030643,I,I,,,"PARAFUSO CANULADO 7,0 MM"
0702030651,I,I,,,"PARAFUSO CANULADO MINI"
0702030660,I,I,,,"PARAFUSO CORTICAL 1,5 MM"
0702030678,I,I,,,"PARAFUSO CORTICAL 2,0 MM"
0702030686,N,N,,,"PARAFUSO CORTICAL 2,7 MM"
0702030694,I,I,,,"PARAFUSO CORTICAL 3,5 MM"
0702030708,I,I,,,"PARAFUSO CORTICAL 4,5 MM"
0702030716,I,I,,,"PARAFUSO DE INTERFERÊNCIA DE TITÂNIO"
0702030724,I,I,,,"PARAFUSO ESPONJOSO 4,0 MM"
0702030732,I,I,,,"PARAFUSO ESPONJOSO 6,5 MM"
0702030740,I,I,,,"PARAFUSO MALEOLAR"
0702030759,I,I,,,"PARAFUSO METALICO DE INTERFERENCIA"
0702030767,I,I,,,"PARAFUSO P/ COMPONENTE ACETABULAR"
0702030783,I,I,,,"PARAFUSO CANULADO DE TITANIO AUTO-ROSCANTE PARA FIXACAO DE ODONTOIDE"
0702030791,I,I,,,"PINO DE KNOWLES"
0702030805,I,I,,,"PINO DE SHANTZ"
0702030813,I,I,,,"PLACA C/ PARAFUSO DESLIZANTE DE 135 OU 150 GRAUS"
0702030821,I,I,,,"PLACA C/ PARAFUSO DESLIZANTE DE 95 GRAUS"
0702030830,I,I,,,"PLACA 1/3 TUBULAR 3,5 MM (INCLUI PARAFUSOS)"
0702030848,I,I,,,"PLACA 1/3 TUBULAR 4,5 MM (INCLUI PARAFUSOS)"
0702030856,I,I,,,"PLACA ANGULADA 4,5 MM (INCLUI PARAFUSOS)"
0702030864,I,I,,,"PLACA CALCO (INCLUI PARAFUSOS)"
0702030872,I,I,,,"PLACA COBRA 4,5 MM (INCLUI PARAFUSOS)"
0702030880,I,I,,,"PLACA CONDILEA 4,5 MM (INCLUI PARAFUSOS)"
0702030899,I,I,,,"PLACA DE COMPRESSAO DINAMICA 3,5 MM (INCLUI PARAFUSOS)"
0702030902,I,I,,,"PLACA DE COMPRESSAO DINAMICA 4,5 MM ESTREITA (INCLUI PARAFUSOS)"
0702030910,I,I,,,"PLACA DE COMPRESSAO DINAMICA 4,5 MM LARGA (INCLUI PARAFUSOS)"
0702030929,I,I,,,"PLACA DE RECONSTRUÇÃO 3,5 MM (INCLUI PARAFUSOS)"
0702030937,I,I,,,"PLACA DE RECONSTRUÇÃO DE 4,5 MM (INCLUÍ PARAFUSOS)"
0702030945,I,I,,,"PLACA DE SUPORTE DE PLATEAU TIBIAL 4,5 MM (INCLUI PARAFUSOS)"
0702030953,I,I,,,"PLACA EM L 2,7MM (INCLUI PARAFUSOS)"
0702030961,I,I,,,"PLACA EM L 3,5 MM (INCLUI PARAFUSOS)"
0702030970,I,I,,,"PLACA EM L 4,5 MM (INCLUI PARAFUSOS)"
0702030988,I,I,,,"PLACA EM T 2,7MM (INCLUI PARAFUSOS)"
0702030996,I,I,,,"PLACA EM T 3,5 MM (INCLUI PARAFUSOS)"
0702031003,I,I,,,"PLACA EM T 4,5 MM (INCLUI PARAFUSOS)"
0702031011,I,I,,,"PLACA EM TREVO 3,5 MM (INCLUI PARAFUSOS)"
0702031020,N,N,,,"PLACA EM TREVO 4,5 MM (INCLUI PARAFUSOS)"
0702031038,I,I,,,"PLACA OCCIPITO-CERVICAL"
0702031046,I,I,,,"PLACA P/ CALCANEO (INCLUI PARAFUSO)"
0702031054,I,I,,,"PLACA PONTE 3,5 MM (INCLUI PARAFUSOS)"
0702031062,I,I,,,"PLACA PONTE 4,5 MM (INCLUI PARAFUSO)"
0702031070,I,I,,,"PLACA SEMITUBULAR 2,7 MM (INCLUI PARAFUSOS)"
0702031089,I,I,,,"PLACA SEMITUBULAR 3,5 MM (INCLUI PARAFUSOS)"
0702031097,I,I,,,"PLACA SEMITUBULAR 4,5 MM (INCLUI PARAFUSOS)"
0702031100,I,I,,,"PLACAS TÓRACO-LOMBO-SACRAL ASSOCIADA A PARAFUSOS INTRA-SOMÁTICOS DE TITÂNIO"
0702031127,I,I,,,"PROTESE DE CABECA DE RADIO"
0702031135,I,I,,,"PROTESE INTERFALANGEANA"
0702031143,I,I,,,"PROTESE METACARPO-FALANGEANA"
0702031151,I,I,,,"PROTESE NAO CONVENCIONAL ARTICULADA DISTAL DE MEMBRO INFERIOR"
0702031160,I,I,,,"PROTESE NAO CONVENCIONAL ARTICULADA DISTAL DE MEMBRO SUPERIOR"
0702031178,I,I,,,"PROTESE NAO CONVENCIONAL ARTICULADA PROXIMAL DE MEMBRO INFERIOR"
0702031186,I,I,,,"PROTESE NAO CONVENCIONAL ARTICULADA PROXIMAL DE MEMBRO SUPERIOR"
0702031194,I,I,,,"PROTESE NAO CONVENCIONAL BI-ARTICULADA TOTAL"
0702031208,I,I,,,"PROTESE NAO CONVENCIONAL DIAFISARIA"
0702031216,I,I,,,"PROTESE NAO CONVENCIONAL EXTENSIVEL"
0702031224,I,I,,,"PROTESE PARCIAL DE QUADRIL CIMENTADA MONOBLOCO (TIPO THOMPSON)"
0702031232,I,I,,,"PROTESE TENDINOSA DE SILICONE"
0702031240,I,I,,,"PRÓTESE TOTAL DE COTOVELO (COMPONENTE UMERAL CIMENTADO + COMPONENTE ULNAR)"
0702031259,I,I,,,"RESTRITOR DE CIMENTO FEMORAL/UMERAL"
0702031267,I,I,,,"SISTEMA DE FIXACAO OCCIPITO-CERVICAL ASSOCIADO A PARAFUSO GANCHO E FIO"
0702031275,I,I,,,"SISTEMA DE GUIAS E INJECAO DE MATERIAL PROPRIO A VERTEBROPLASTIA"
0702031283,I,I,,,"TELA DE RECONSTRUCAO ACETABULAR"
0702031291,I,I,,,"TELA DE RECONSTRUCAO FEMORAL"
0702031305,I,I,,,"PLACA 1/3 TUBULAR 2,7MM (INCLUI PARAFUSOS)"
0702031313,I,I,,,"PLACA EM L 1,5MM (INCLUI PARAFUSOS)"
0702031321,I,I,,,"PARAFUSO BLOQUEADO"
0702031330,I,I,,,"PLACA EM T 2,0MM (INCLUI PARAFUSOS)"
0702031348,I,I,,,"FIO DE KIRSCHNER"
0702031356,I,I,,,"PLACA RETA DE 2,0MM (INCLUI PARAFUSOS)"
0702031364,I,I,,,"MINI PLACA EM T OU L (INCLUI PARAFUSO)"
0702031380,I,I,,,"CIMENTO S/ ANTIBIOTICO"
0702031399,I,I,,,"PLACA BLOQUEADA DE RÁDIO DISTAL (INCLUI PARAFUSO)"
0702040010,I,I,,,"AGULHA P/ PUNCAO TRANSEPTAL"
0702040029,I,I,,,"ANEL P/ ANELOPLASTIA VALVULAR"
0702040037,I,I,,,"BAINHA P/ PUNCAO TRANSEPTAL"
0702040045,I,I,,,"CARDIOVERSOR DESFIBRILADOR C/ MARCAPASSO MULTI-SITIO"
0702040053,I,I,,,"GERADOR- PARA CARDIOVERSOR DESFIBRILADOR IMPLANTÁVEL (CDI)"
0702040061,I,I,,,"CARDIOVERSOR DESFIBRILADOR IMPLANTAVEL"
0702040070,I,I,,,"CATETER BALAO P/ ANGIOPLASTIA PERIFERICA"
0702040088,I,I,,,"CATETER BALAO P/ ANGIOPLASTIA TRANSLUMINAL PERCUTANEA"
0702040096,I,I,,,"CATETER BALAO P/ SEPTOSTOMIA"
0702040100,I,I,,,"CATETER BALAO P/ VALVOPLASTIA"
0702040118,I,I,0,1571,"CATETER DE ACESSO VENOSO CENTRAL POR INSERÇÃO PERIFÉRICA (PICC)"
0702040126,I,I,,,"CATETER DE TROMBECTOMIA MECANICA PERCUTANEA"
0702040134,I,I,,,"CATETER GUIA P/ ANGIOPLASTIA TRANSLUMINAL PERCUTANEA"
0702040142,I,I,,,"CATETER MULTIPOLAR TERAPEUTICO (QUADRI, DECA, DUODECAPOLAR, ETC)"
0702040150,I,I,,,"CATETER VENOSO CENTRAL DUPLO LUMEN"
0702040169,I,I,,,"COILS EMBOLIZANTE"
0702040177,I,I,,,"CONJUNTO DE ACESSO HEPATICO TRANSJUGULAR"
0702040185,I,I,,,"CONJUNTO DO SEIO CORONARIO"
0702040193,I,I,144,1571,"CONJUNTO P/ CIRCULACAO EXTRACORPOREA (ADULTO)"
0702040207,I,I,0,1,"CONJUNTO P/ CIRCULACAO EXTRACORPOREA (NEONATAL)"
0702040215,I,I,1,155,"CONJUNTO P/ CIRCULACAO EXTRACORPOREA (PEDIATRICO)"
0702040223,I,I,,,"CONJUNTO P/ VALVOPLASTIA MITRAL PERCUTANEA"
0702040231,I,I,,,"ELETRODO DE CARDIOVERSOR DESFIBRILADOR"
0702040240,I,I,,,"ELETRODO ENDOCARDICO DEFINITIVO"
0702040258,I,I,,,"ELETRODO EPICARDICO DEFINITIVO"
0702040266,I,I,,,"ELETRODO P/ MARCAPASSO TEMPORARIO ENDOCARDICO"
0702040274,I,I,,,"ELETRODO P/ MARCAPASSO TEMPORARIO EPICARDICO"
0702040282,I,I,,,"ENDOPROTESE AORTICA BIFURCADA"
0702040290,I,I,,,"ENDOPROTESE AORTICA TUBULAR / CONICA"
0702040304,I,I,,,"ENDOPROTESE TORACICA RETA"
0702040312,I,I,,,"ENXERTO ARTERIAL INORGANICO VALVADO (CONDUTO VALVADO)"
0702040320,I,I,,,"ENXERTO ARTERIAL TUBULAR BIFURCADO INORGANICO C/ COLAGENO"
0702040339,I,I,,,"ENXERTO ARTERIAL TUBULAR INORGANICO C/ COLAGENO"
0702040347,I,I,,,"ENXERTO ARTERIAL TUBULAR ORGANICO"
0702040355,I,I,,,"ENXERTO ARTERIAL TUBULAR VALVADO ORGANICO"
0702040363,I,I,,,"ENXERTO TUBULAR DE POLITETRAFLUORETILENO DE ÁTÉ 20CM (PTFE)"
0702040371,I,I,,,"ENXERTO TUBULAR DE POLITETRAFLUORETILENO DE ATÉ 70CM (PTFE)"
0702040380,I,I,,,"FIO GUIA DIRIGIVEL PARA ANGIOPLASTIA"
0702040398,I,I,,,"GUIA E FILTRO P/ VEIA CAVA"
0702040401,I,I,,,"INTRODUTOR DE PUNCAO P/ IMPLANTACAO DE ELETRODO ENDOCARDICO"
0702040410,I,I,,,"MARCAPASSO CARDIACO MULTIPROGRAMAVEL DE CAMARA DUPLA"
0702040428,I,I,,,"MARCAPASSO CARDIACO MULTIPROGRAMAVEL DE CAMARA UNICA"
0702040436,I,I,,,"MARCAPASSO MULTI-SITIO"
0702040444,I,I,,,"PATCH INORGANICO (20 CM2)"
0702040452,I,I,,,"PATCH INORGANICO (50 CM2)"
0702040460,I,I,,,"PATCH ORGANICO (20 CM2)"
0702040479,I,I,,,"PATCH ORGANICO (50 CM2)"
0702040487,N,N,,,"STENT FARMACOLÓGICO PARA ARTÉRIA PERIFÉRICA"
0702040517,I,I,,,"STENT PARA ARTÉRIA PERIFÉRICA"
0702040533,I,I,,,"STENT PARA ARTÉRIA CORONARIA"
0702040541,I,I,,,"PROTESE VALVULAR BIOLOGICA"
0702040550,I,I,,,"PROTESE VALVULAR BIOLOGICA S/ SUPORTE / ANEL"
0702040568,I,I,,,"PROTESE VALVULAR MECANICA DE BAIXO PERFIL (DISCO)"
0702040576,I,I,,,"PROTESE VALVULAR MECANICA DE DUPLO FOLHETO"
0702040584,I,I,,,"SISTEMA DE COLOCACAO DE COILS"
0702040592,I,I,,,"SISTEMA DE ELETRODOS P/ ESTIMULACAO MULTI-SITIO"
0702040606,I,I,,,"SISTEMA DE PROTECAO DISTAL PARA CAROTIDA E/OU CORONARIA"
0702040614,I,I,,,"STENT FARMACOLÓGICO PARA ARTERIA CORONARIA"
0702050016,I,I,,,"BOMBA CENTRIFUGA DESCARTAVEL PARA USO EM CIRCULACAO EXTRACORPOREA E/OU CIRCULACAO ASSISTIDA"
0702050024,I,I,,,"CANULA P/ TRAQUEOSTOMIA S/ BALAO"
0702050032,I,I,,,"CARGA P/ GRAMPEADOR LINEAR"
0702050040,I,I,,,"CARGA P/ GRAMPEADOR LINEAR CORTANTE"
0702050059,N,N,,,"CATETER BALAO P/ EMBOLECTOMIA ARTERIAL / VENOSA"
0702050067,I,I,,,"CATETER DE TERMODILUICAO"
0702050075,I,I,,,"CATETER DE TERMODILUICAO CONTINUA"
0702050083,I,I,,,"CATETER MULTIPERFURADO P/ INFUSAO DE DROGAS"
0702050091,I,I,,,"CATETER P/ ACESSO VENOSO CENTRAL SEMI / TOTALMENTE IMPLANTAVEL DE LONGA PERMANÊNCIA"
0702050105,N,N,,,"CIANOACRILATO (FRASCO)"
0702050121,I,I,,,"CONJUNTO DESCARTAVEL DE BALAO INTRA-AORTICO"
0702050130,I,I,,,"CONJUNTO PARA AUTOTRANSFUSÃO"
0702050148,I,I,,,"DISPOSITIVO DE BLOQUEIO"
0702050156,I,I,,,"DISPOSITIVO INTERSOMÁTICO DE MANUTENÇÃO DE ESPAÇO INTERVERTEBRAL CARREADOR DE ENXERTO (TIPO CESTA FIXA, CUNHA E OUTROS) DE TITÂNIO"
0702050164,I,I,,,"ESPACADOR DE TENDAO"
0702050172,I,I,,,"FIO MONONYLON 8.0"
0702050180,I,I,,,"FIO MONONYLON 9.0"
0702050199,I,I,,,"FIO MALEAVEL DE CERCLAGEM, DE TITANIO, P/ COLUNA, METAFISE E DIAFISE"
0702050229,I,I,,,"GANCHO LAMINAR INFERIOR DE DISTRACAO-SISTEMA HARRINGTON (TODOS)"
0702050237,I,I,,,"GANCHO LAMINAR SUPERIOR DE DISTRACAO-SISTEMA HARRINGTON (TODOS)"
0702050245,I,I,,,"GANCHO LAMINAR DE COMPRESSAO-SISTEMA HARRINGTON (TODOS)"
0702050261,I,I,,,"GRAMPEADOR CIRCULAR INTRALUMINAL"
0702050270,I,I,,,"GRAMPEADOR LINEAR"
0702050288,I,I,,,"GRAMPEADOR LINEAR CORTANTE"
0702050296,I,I,,,"HALO CRANIANO ASSOCIADO A DISPOSITIVO TIPO VESTE"
0702050300,I,I,,,"HASTE DE COMPRESSÃO - (SISTEMA HARRINGTON)"
0702050318,I,I,,,"HASTE DE DISTRACAO"
0702050326,I,I,,,"HASTE LISA TIPO LUQUE"
0702050334,I,I,,,"HASTE PARA ASSOCIACAO COM PARAFUSOS DE TITANIO"
0702050342,I,I,,,"INTRODUTOR VALVULADO"
0702050350,I,I,,,"MICRO CATETER"
0702050369,I,I,,,"MICRO GUIA"
0702050377,N,N,,,"PARAFUSO ASSOCIÁVEL A PLACA TÓRACO-LOMBO-SACRA TIPO PEDICULAR MONO-AXIAL."
0702050407,I,I,,,"PARAFUSO DE TITÂNIO ASSOCIÁVEL A PLACA CERVICAL"
0702050415,I,I,,,"PARAFUSOS ASSOCIÁVEIS A PLACAS TÓRACO-LOMBO-SACRAIS DE TITÂNIO"
0702050423,I,I,,,"PARTICULAS EMBOLIZANTES (FRASCO)"
0702050431,N,N,,,"PATCH INORGANICO (ATE 260 CM2)"
0702050440,I,I,,,"PATCH ORGANICO (ATE 260 CM2)"
0702050458,I,I,,,"PLACA CERVICAL ASSOCIADA A PARAFUSOS INTRA-SOMATICOS DE TITANIO"
0702050466,I,I,,,"PLACA CERVICAL ASSOCIADA A PARAFUSOS DE TITANIO P/ FIXACAO EM ESTRUTURAS POSTERIORES"
0702050474,I,I,,,"PLACA DE RECONSTRUCAO EM TITANIO P/ FRATURA DE MANDIBULA (INCLUI PARAFUSOS)"
0702050482,I,I,,,"PLACA DE TITÂNIO SISTEMA MINI/MICROFRAGMENTOS (INCLUI PARAFUSOS)"
0702050490,I,I,,,"PLACAS TORACO-LOMBO-SACRAL ASSOCIADAS A PARAFUSOS PEDICULARES DE TITANIO"
0702050504,I,I,,,"PROTESE P/ ESOFAGO"
0702050512,I,I,,,"RETANGULO TIPO HARTSHILL / SIMILAR"
0702050520,I,I,,,"SISTEMA PARA FIXAÇÃO TRANSVERSAL DE TITÂNIO"
0702050539,I,I,,,"SUBSTITUTO TEMPORARIO DE PELE BIOLOGICO / SINTETICO (POR CM2)"
0702050547,I,I,,,"TELA INORGANICA DE POLIPROPILENO C/ SISTEMA DUPLO"
0702050555,I,I,,,"TELA INORGANICA DE POLIPROPILENO GRANDE (ACIMA DE 401 CM2)"
0702050563,I,I,,,"TELA INORGANICA DE POLIPROPILENO MEDIA (101 A 400 CM2)"
0702050571,I,I,,,"TELA INORGANICA DE POLIPROPILENO PEQUENA (ATE 100 CM2)"
0702050580,I,I,,,"VALVULA P/ TRATAMENTO DE ASCITE"
0702050784,N,N,,,"CONECTOR BARRA JUNCAO CERVICO TORACICA"
0702050792,N,N,,,"FIO TIPO STEINMAN LISO"
0702050806,I,I,,,"FIO GUIA HIDROFILICO 0,035"
0702050814,I,I,,,"CATETER VENOSO CENTRAL MONO LUMEN"
0702050822,I,I,,,"DISPOSITIVO PEDICULAR PARA FIXAÇÃO DE HASTE (INCLUI BLOQUEADOR)"
0702050830,I,I,,,"STENT ESOFÁGICO"
0702050849,I,I,216,1571,"MATERIAL PARA ABLAÇÃO TÉRMICA POR RADIOFREQUÊNCIA PARA O TRATAMENTO DO CÂNCER DE CÓLON E RETO COM METÁSTASE HEPÁTICA"
0702060011,I,I,,,"CATETER DUPLO J"
0702060020,I,I,,,"PROTESE PENIANA MALEAVEL (PAR DE CORPOS CAVERNOSOS)"
0702060038,I,I,,,"PROTESE TESTICULAR EM GEL DE SILICONE"
0702070041,I,I,,,"ESFERA DE MÜLLER"
0702070050,I,I,,,"TUBO DE DRENAGEM PARA GLAUCOMA"
0702080012,I,I,,,"EXPANSOR TECIDUAL"
0702080020,I,I,,,"PROTESE GLUTEA DE SILICONE (PAR)"
0702080039,I,I,,,"PROTESE MAMARIA DE SILICONE"
0702090018,I,I,,,"PROTESE DE ACO-TEFLON"
0702090034,I,I,,,"PRÓTESE P/ IMPLANTE COCLEAR MULTICANAL"
0702090042,I,I,,,"PRÓTESE TRAQUEOESOFÁGICA PARA REABILITAÇÃO DA FONAÇÃO DO PACIENTE LARINGECTOMIZADO..INCLUI MATERIAL."
0702090050,I,I,,,"IMPLANTE DE TITÂNIO DA PRÓTESE AUDITIVA ANCORADA NO OSSO"
0702090069,I,I,,,"PILAR DA PRÓTESE AUDITIVA ANCORADA NO OSSO"
0702090085,I,I,,,"PRÓTESE AUDITIVA ANCORADA NO OSSO"
0702090093,N,N,,,"PRÓTESE PARA IMPLANTE COCLEAR MULTICANAL"
0702100013,N,N,,,"CATETER DE LONGA PERMANÊNCIA P/ HEMODIALISE"
0702100021,N,N,,,"CATETER P/ SUBCLAVIA DUPLO LUMEN P/ HEMODIALISE"
0702100030,N,N,,,"CATETER TIPO TENCKHOFF / SIMILAR DE LONGA PERMANÊNCIA P/ DPI/DPAC/DPA"
0702100048,I,I,,,"CONJ.TROCA P/DPA (PACIENTE-MES C/ INSTALACAO DOMICILIAR E MANUTENCAO DA MAQUINA CICLADORA)"
0702100056,N,N,,,"CONJUNTO DE TROCA PARA PACIENTE SUBMETIDO A DPA (PACIENTE-15 DIAS COM INSTALAÇÃO DOMICILIAR E MANUTENÇÃO DE MAQUINA CICLADORA)"
0702100064,N,N,,,"CONJUNTO DE TROCA PARA PACIENTE SUBMETIDO A DPAC (PACIENTE-MÊS) CORRESPONDENTE A 120 UNIDADES"
0702100072,N,N,,,"CONJUNTO DE TROCA P/ TREINAMENTO DE PACIENTE SUBMETIDO A DPA / DPAC (9 DIAS)CORRESPONDENTE A 36 UNIDADES"
0702100080,I,I,,,"CONJUNTOS DE TROCA PARA PACIENTE SUBMETIDO A DPAC (PACIENTE 15 DIAS)"
0702100099,N,N,,,"DILATADOR P/ IMPLANTE DE CATETER DUPLO LUMEN"
0702100102,N,N,,,"GUIA METALICO P/ INTRODUCAO DE CATETER DUPLO LUMEN"
0702110019,I,I,,,"PLACA TERMOMOLDAVEL CERVICAL"
0702110027,I,I,,,"PLACA TERMOMOLDAVEL DE MEMBRO INFERIOR"
0702110035,I,I,,,"PLACA TERMOMOLDAVEL DE MEMBRO SUPERIOR"
0702110043,N,N,,,"SUBSTITUTO BIOLÓGICO DE PELE - MATRIZES DE REGENERAÇÃO DÉRMICA (POR CM2)"
0702120014,N,N,,,"LÍQUIDO DE PRESERVAÇÃO DE CORAÇÃO P/ TRANSPLANTE (LITRO)"
0702120022,N,N,,,"LÍQUIDO DE PRESERVAÇÃO DE FÍGADO P/ TRANSPLANTE (LITRO)"
0702120030,N,N,0,1571,"LÍQUIDO DE PRESERVAÇÃO DE PANCREAS P/ TRANSPLANTE (LITRO)"
0702120049,N,N,,,"LÍQUIDO DE PRESERVAÇÃO DE PULMÃO P/ TRANSPLANTE (LITRO)"
0702120057,N,N,0,1571,"LÍQUIDO DE PRESERVAÇÃO DE RIM P/ TRANSPLANTE (LITRO)"
0702120065,N,N,,,"LÍQUIDO DE PRESERVAÇÃO PARA TRANSPLANTE DA CÓRNEA (20 ML)"
0801010012,I,I,120,599,"ADESÃO A ASSISTÊNCIA PRE-NATAL - INCENTIVO PHPN (COMPONENTE I)"
0801010020,I,I,120,599,"CONCLUSÃO DA ASSISTÊNCIA PRE-NATAL (INCENTIVO)"
0801010039,I,I,108,731,"INCENTIVO AO PARTO - PHPN (COMPONENTE I)"
0801010047,I,I,,,"INCENTIVO AO REGISTRO CIVIL DE NASCIMENTO"
0802010016,I,I,216,719,"DIARIA DE ACOMPANHANTE ADULTO (COM PERNOITE)"
0802010024,I,I,0,227,"DIARIA DE ACOMPANHANTE CRIANCA/ADOLESCENTE C/PERNOITE"
0802010032,I,I,108,731,"DIARIA DE ACOMPANHANTE DE GESTANTE C/ PERNOITE"
0802010040,I,I,720,1571,"DIARIA DE ACOMPANHANTE DE IDOSOS C/ PERNOITE"
0802010059,I,I,720,1571,"DIARIA DE ACOMPANHANTE DE IDOSOS S/ PERNOITE"
0802010067,I,I,0,11,"DIARIA DE UNIDADE DE CUIDADOS INTERMEDIARIOS EM NEONATOLOGIA"
0802010075,I,I,0,239,"DIARIA DE UNIDADE DE TERAPIA INTENSIVA EM PEDIATRIA (UTI III)"
0802010083,I,I,144,1571,"DIARIA DE UNIDADE DE TERAPIA INTENSIVA ADULTO (UTI II)"
0802010091,I,I,144,1571,"DIARIA DE UNIDADE DE TERAPIA INTENSIVA ADULTO (UTI III)"
0802010113,I,I,0,1571,"DIARIA DE UNIDADE DE TERAPIA INTENSIVA DE QUEIMADOS"
0802010121,I,I,0,6,"DIÁRIA DE UNIDADE DE TERAPIA INTENSIVA NEONATAL - UTIN (TIPO II)"
0802010130,I,I,0,6,"DIARIA DE UNIDADE DE TERAPIA INTENSIVA NEONATAL - UTIN (TIPO III)"
0802010156,I,I,0,239,"DIARIA DE UNIDADE DE TERAPIA INTENSIVA EM PEDIATRIA (UTI II)"
0802010164,I,I,0,11,"DIARIA DE UNIDADE DE TERAPIA INTENSIVA NEONATAL (UTI I)"
0802010199,N,N,,,"DIÁRIA DE PERMANÊNCIA A MAIOR"
0802010210,I,I,216,1571,"DIÁRIA DE UNIDADE DE TERAPIA INTENSIVA CORONARIANA-UCO TIPO II"
0802010229,I,I,216,1571,"DIÁRIA DE UNIDADE DE TERAPIA INTENSIVA CORONARIANA- UCO TIPO III"
0802010237,I,I,0,6,"DIÁRIA DE UNIDADE DE CUIDADOS INTERMEDIÁRIOS NEONATAL CONVENCIONAL (UCINCO)"
0802010245,I,I,0,6,"DIÁRIA DE UNIDADE DE CUIDADOS INTERMEDIÁRIOS NEONATAL CANGURU (UCINCA)"
0802010253,I,I,48,1571,"DIARIA DE SAÚDE MENTAL COM PERMANENCIA DE ATÉ SETE DIAS"
0802010261,I,I,48,1571,"DIÁRIA DE SAUDE MENTAL COM PERMANENCIA ENTRE 08 A 15 DIAS"
0802010270,I,I,48,1571,"DIÁRIA DE SAUDE MENTAL COM PERMENENCIA SUPERIOR A 15 DIAS"
0802010288,I,I,1,227,"DIÁRIA DE UNIDADE DE CUIDADOS INTERMEDIÁRIO PEDIÁTRICO"
0802010326,I,I,0,239,"DIÁRIA DE LEITO DE SUPORTE VENTILATÓRIO PULMONAR PEDIÁTRICO"
0802010334,I,I,0,1571,"ALOJAMENTO PARA PACIENTES EM TRATAMENTO DE RADIOTERAPIA"
0802010342,N,N,,,"ACOMPANHAMENTO DE INTERCORRENCIA POS-CIRÚRGICA"
0802010350,N,N,,,"DIÁRIA DE UTI EM SITUAÇÃO DE INTERCORRÊNCIA POS-CIRÚRGICA"
0802010369,I,I,144,1571,"DIÁRIA DE UNIDADE DE CUIDADOS INTERMEDIÁRIO ADULTO"
0802020011,N,N,,,"MONITORAMENTO DE CIRCULAÇÃO EXTRACORPÓREA"
0802020020,N,N,,,"NOTIFICAÇÃO DE CAUSAS EXTERNAS E AGRAVOS RELACIONADOS AO TRABALHO"
0803010010,I,I,0,1571,"AJUDA DE CUSTO P/ ALIMENTAÇÃO/PERNOITE DE PACIENTE"
0803010028,I,I,0,1571,"AJUDA DE CUSTO PARA ALIMENTAÇÃO DE PACIENTE SEM PERNOITE"
0803010036,I,I,0,1571,"AJUDA DE CUSTO PARA ALIMENTAÇÃO PERNOITE DE PACIENTE - (PARA TRATAMENTO CNRAC)"
0803010044,I,I,216,971,"AJUDA DE CUSTO PARA ALIMENTAÇÃO/PERNOITE DE ACOMPANHANTE"
0803010052,I,I,216,971,"AJUDA DE CUSTO PARA ALIMENTAÇÃO DE ACOMPANHANTE S/PERNOITE"
0803010060,N,N,216,971,"AJUDA DE CUSTO P / ALIMENTAÇÃO/PERNOITE DE ACOMPANHANTE - (P/TRATAMENTO CNRAC)"
0803010079,I,I,216,971,"UNIDADE DE REMUNERAÇÃO PARA DESLOCAMENTO DE ACOMPANHANTE POR TRANSPORTE AÉREO (CADA 200 MILHAS)"
0803010087,I,I,0,1571,"UNIDADE DE REMUNERAÇÃO PARA DESLOCAMENTO DE PACIENTE POR TRANSPORTE AÉREO (CADA 200 MILHAS)"
0803010095,I,I,216,971,"UNIDADE DE REMUNERAÇÃO PARA DESLOCAMENTO DE ACOMPANHANTE POR TRANSPORTE FLUVIAL (CADA 27 MILHAS NAÚTICAS)"
0803010109,I,I,216,971,"UNIDADE DE REMUNERAÇÃO PARA DESLOCAMENTO DE ACOMPANHANTE POR TRANSPORTE TERRESTRE (CADA 50 KM DE DISTANCIA)"
0803010117,I,I,0,1571,"UNIDADE DE REMUNERAÇÃO PARA DESLOCAMENTO DE PACIENTE POR TRANSPORTE FLUVIAL (CADA 27 MILHAS NAÚTICAS)"
0803010125,I,I,0,1571,"UNIDADE DE REMUNERAÇÃO PARA DESLOCAMENTO DE PACIENTE POR TRANSPORTE TERRESTRE (CADA 50 KM )"
0803010133,I,I,216,971,"UNIDADE DE REMUNERAÇÃO P/DESLOCAMENTO INTERESTADUAL DE ACOMPANHANTE POR TRANSPORTE AEREO (CADA 200 MILHAS) - (P/TRATAMENTO CNRAC)"
0803010141,I,I,0,1571,"UNIDADE DE REMUNERAÇÃO P/DESLOCAMENTO INTERESTADUAL DE PACIENTE POR TRANSPORTE AÉREO (CADA 200 MILHAS)-(P/TRATAMENTO CNRAC)"
0803010150,I,I,0,1571,"CUSTEIO PARA TRANSPORTE SANITÁRIO PARA USUÁRIOS EM TRATAMENTO DE RADIOTERAPIA"
0803010168,I,I,0,1571,"CUSTEIO PARA TRANSPORTE SANITÁRIO PARA USUÁRIOS EM HEMODIÁLISE"
0804010013,I,I,0,1571,"TELECONSULTORIA ASSÍNCRONA (NÃO SIMULTÂNEA) - SOLICITANTE"
0804010021,I,I,0,1571,"TELECONSULTORIA ASSÍNCRONA (NÃO SIMULTÂNEA) - EXECUTANTE"
0804010030,I,I,0,1571,"TELECONSULTORIA SÍNCRONA - SOLICITANTE"
0804010048,I,I,0,1571,"TELECONSULTORIA SÍNCRONA -EXECUTANTE"
0804010056,I,I,0,1571,TELEINTERCONSULTA-SOLICITANTE
0804010064,I,I,0,1571,"TELEINTERCONSULTA - EXECUTANTE"
0804020019,I,I,0,1571,TELETRIAGEM
0804020027,I,I,0,1571,TELEDIAGNÓSTICO
0804020035,I,I,0,1571,TELEMONITORAMENTO
0804020043,I,I,0,1571,TELEORIENTAÇÃO
0804020051,I,I,0,1571,"TELEATENDIMENTO EM GRUPO"
0804030014,I,I,0,1571,"TELEMONITORAMENTO NAS AÇÕES DE VIGILÂNCIA A SAÚDE (VS)"
0804040010,I,I,0,1571,"TELECONSULTA A CANDIDATOS A TRANSPLANTES"
0804040028,I,I,0,1571,"TELECONSULTA A PACIENTES TRANSPLANTADOS"
0804040036,I,I,216,1571,"TELECONSULTA A DOADORES VIVOS"
0901010014,I,I,120,1571,"OCI AVALIAÇÃO DIAGNÓSTICA INICIAL DE CÂNCER DE MAMA"
0901010049,M,M,216,1571,"OCI PROGRESSÃO DA AVALIAÇÃO DIAGNÓSTICA DE CÂNCER DE PRÓSTATA"
0901010057,F,F,216,1571,"OCI INVESTIGAÇÃO DIAGNÓSTICA DE CÂNCER DE COLO DO ÚTERO"
0901010073,I,I,216,1571,"OCI AVALIAÇÃO DIAGNÓSTICA DE CÂNCER GÁSTRICO"
0901010081,I,I,120,1571,"OCI AVALIAÇÃO DIAGNÓSTICA DE CÂNCER COLORRETAL"
0901010090,I,I,120,1571,"OCI PROGRESSÃO DA AVALIAÇÃO DIAGNÓSTICA DE CÂNCER DE MAMA - I"
0901010103,I,I,120,1571,"OCI PROGRESSÃO DA AVALIAÇÃO DIAGNÓSTICA DE CÂNCER DE MAMA-II"
0901010111,F,F,216,1571,"OCI AVALIAÇÃO DIAGNÓSTICA E TERAPÊUTICA DE CÂNCER DE COLO DO ÚTERO-I"
0901010120,F,F,216,1571,"OCI AVALIAÇÃO DIAGNÓSTICA E TERAPÊUTICA DE CÂNCER DE COLO DO ÚTERO-II"
0901010138,I,I,0,1571,"OCI DE IMUNOHISTOQUIMICA DE NEOPLASI MALIGNA DE MAMA"
0902010018,I,I,216,1571,"OCI AVALIAÇÃO DE RISCO CIRÚRGICO"
0902010026,I,I,216,1571,"OCI AVALIAÇÃO CARDIOLÓGICA"
0902010034,I,I,216,1571,"OCI AVALIAÇÃO DIAGNÓSTICA INICIAL - SÍNDROME CORONARIANA CRÔNICA"
0902010042,I,I,216,1571,"OCI PROGRESSÃO DA AVALIAÇÃO DIAGNÓSTICA I - SÍNDROME CORONARIANA CRÔNICA"
0902010050,I,I,216,1571,"OCI PROGRESSÃO DA AVALIAÇÃO DIAGNÓSTICA II - SÍNDROME CORONARIANA CRÔNICA"
0902010069,I,I,216,1571,"OCI AVALIAÇÃO DIAGNÓSTICA - INSUFICIÊNCIA CARDÍACA"
0902010077,I,I,0,1571,"OCI GESTÃO DO PRÉ-OPERATÓRIO"
0903010011,I,I,0,1571,"OCI AVALIAÇÃO DIAGNÓSTICA EM ORTOPEDIA COM RECURSOS DE RADIOLOGIA"
0903010020,I,I,0,1571,"OCI AVALIAÇÃO DIAGNÓSTICA EM ORTOPEDIA COM RECURSOS DE RADIOLOGIA E ULTRASSONOGRAFIA"
0903010038,I,I,0,1571,"OCI AVALIAÇÃO DIAGNÓSTICA EM ORTOPEDIA COM RECURSOS DE RADIOLOGIA E TOMOGRAFIA COMPUTADORIZADA"
0903010046,I,I,0,1571,"OCI AVALIAÇÃO DIAGNÓSTICA EM ORTOPEDIA COM RECURSOS DE RADIOLOGIA E RESSONÂNCIA MAGNÉTICA"
0904010015,I,I,0,1571,"OCI AVALIAÇÃO INICIAL DIAGNÓSTICA DE DÉFICIT AUDITIVO"
0904010023,I,I,0,1571,"OCI PROGRESSÃO DA AVALIAÇÃO DIAGNÓSTICA DE DÉFICIT AUDITIVO"
0904010031,I,I,0,1571,"OCI AVALIAÇÃO DIAGNÓSTICA DE NASOFARINGE E DE OROFARINGE"
0905010019,I,I,0,107,"OCI AVALIAÇÃO INICIAL EM OFTALMOLOGIA - 0 A 8 ANOS"
0905010027,I,I,0,107,"OCI AVALIAÇÃO DE ESTRABISMO"
0905010035,I,I,108,1571,"OCI AVALIAÇÃO INICIAL EM OFTALMOLOGIA - A PARTIR DE 9 ANOS"
0905010043,I,I,0,1571,"OCI AVALIAÇÃO DE RETINOPATIA DIABÉTICA"
0905010051,I,I,0,1571,"OCI AVALIAÇÃO INICIAL PARA ONCOLOGIA OFTALMOLÓGICA"
0905010060,I,I,0,1571,"OCI AVALIAÇÃO DIAGNÓSTICA EM NEURO OFTALMOLOGIA"
0905010078,I,I,0,1571,"OCI EXAMES OFTALMOLÓGICOS SOB SEDAÇÃO"
0906010012,I,I,108,1571,"GIN1 - AVALIAÇÃO DIAGNÓSTICA INICIAL DE SAÚDE DA MULHER (GINECOLOGIA) I"
0906010020,I,I,108,1571,"OCI - GIN1 - AVALIAÇÃO DIAGNÓSTICA INICIAL DE SAÚDE DA MULHER (GINECOLOGIA) II"
0906010039,I,I,108,1571,"OCI - GIN2 - PROGRESSÃO DA AVALIAÇÃO DIAGNÓSTICA DE SAÚDE DA MULHER (GINECOLOGIA) - SANGRAMENTO UTERINO ANORMAL I"
0906010047,I,I,108,1571,"OCI - GIN2 - PROGRESSÃO DA AVALIAÇÃO DIAGNÓSTICA DE SAÚDE DA MULHER (GINECOLOGIA)- SANGRAMENTO UTERINO ANORMAL II"
0906010055,I,I,108,1571,"OCI - GIN3 - PROGRESSÃO DA AVALIAÇÃO DIAGNÓSTICA DE SAÚDE DA MULHER (GINECOLOGIA)- ENDOMETRIOSE PROFUNDA- CASOS COMPLEXOS E PROGRAMAÇÃO CIRÚRGICA"
